filename,file_size,parent_image,file_hash,width,height,image_format
IMG_00001.jpg,1518467,IMG.jpg,173ffbbebd5f01e6ef8f921c935b4d67,2511,4134,JPEG
IMG_00002.jpg,1567118,IMG.jpg,6db2723091b5a4c27d9a110862453078,2511,4134,JPEG
IMG_00003.jpg,1477848,IMG.jpg,51512f99d7981971e42a1de7f25995f4,2511,4134,JPEG
IMG_00004.jpg,1545744,IMG.jpg,8f3ccc1abf5799f663e413acee44653d,2511,4134,JPEG
IMG_00005.jpg,1424322,IMG.jpg,f58e2653f044145f96a3f2c717b93510,2511,4134,JPEG
IMG_00006.jpg,1930738,IMG.jpg,8d999a1573d86dd7d53faa7a1b796507,2511,4134,JPEG
IMG_00007.jpg,1685836,IMG.jpg,928373a48aee8daa6f7c0f73fc896449,2511,4134,JPEG
IMG_00008.jpg,1719042,IMG.jpg,d2d92543f3d64c8256ad79e4922f4c00,2511,4134,JPEG
IMG_00009.jpg,1492470,IMG.jpg,d2a2a70751ee3a16b36407638b939b77,2511,4134,JPEG
IMG_00010.jpg,1625874,IMG.jpg,72ecac6f38f7fd604167cae307b424e4,2511,4134,JPEG
IMG_00011.jpg,1580763,IMG.jpg,c7917b4c6a24ee993dc571ced763e711,2511,4134,JPEG
IMG_00012.jpg,1557245,IMG.jpg,675f8b4605dbdf2f69601dae91240a1b,2511,4134,JPEG
IMG_00013.jpg,1662024,IMG.jpg,608eb519402b6b79b6f22a5108b52c3f,2511,4134,JPEG
IMG_00014.jpg,1544886,IMG.jpg,eb8e22e28b6b00fef71edd0c39a8237d,2511,4134,JPEG
IMG_00015.jpg,1830133,IMG.jpg,2d719884fecc540a30129e5376a3f42c,2511,4134,JPEG
IMG_00016.jpg,1694865,IMG.jpg,7ea2eb0465d83e0071435d66ac1ff53b,2511,4134,JPEG
IMG_00017.jpg,1885099,IMG.jpg,4fe92698584e1ca74ceda31473a3fe86,2511,4134,JPEG
IMG_00018.jpg,1580723,IMG.jpg,1519609c4109e9878411b1290cb39fea,2511,4134,JPEG
IMG_00019.jpg,1550203,IMG.jpg,bccf7b9396e845d8f6328bf088f29235,2511,4134,JPEG
IMG_0001_00001.jpg,5303435,IMG_0001.jpg,d10f8485107462e1aa28743c376e75fd,5099,6599,JPEG
IMG_0001_00002.jpg,5732735,IMG_0001.jpg,6a28aa4b7f154bf06d04694b08a66c93,5099,6599,JPEG
IMG_0001_00003.jpg,5194612,IMG_0001.jpg,7975eab31b71182fbcce9a0b43bc1564,5099,6599,JPEG
IMG_0001_00004.jpg,5057141,IMG_0001.jpg,5f2cb468797cd2261fe1dae47a2a0549,5099,6599,JPEG
IMG_0001_00005.jpg,5230019,IMG_0001.jpg,7610f7e3970c21054f1e8196f0109e71,5099,6599,JPEG
IMG_0001_00006.jpg,5296174,IMG_0001.jpg,1e6c6afb72754afbc4a7b914ba040842,5099,6599,JPEG
IMG_0001_00007.jpg,5253359,IMG_0001.jpg,34eec6db4e09ec5b31407b9038d0b7c1,5099,6599,JPEG
IMG_0001_00008.jpg,5390744,IMG_0001.jpg,1b7523b7fa9a5b7f9624fcf15ab77503,5099,6599,JPEG
IMG_0001_00009.jpg,5290432,IMG_0001.jpg,87f257e3c245cd5e12403c65e818e71d,5099,6599,JPEG
IMG_0001_00010.jpg,5618863,IMG_0001.jpg,4588c55c2de8cf92ed479903b4b50bd7,5099,6599,JPEG
IMG_0001_00011.jpg,5397085,IMG_0001.jpg,6a4e6754c9c6f923bd140ae68b6471b8,5099,6599,JPEG
IMG_0001_00012.jpg,5797075,IMG_0001.jpg,e79b5ad7ad082d0ca4db2bf18b89c23e,5099,6599,JPEG
IMG_0001_00013.jpg,5570521,IMG_0001.jpg,95416cd3e95b5396dc2af72f6cdef8bc,5099,6599,JPEG
IMG_0001_00014.jpg,5492333,IMG_0001.jpg,3657d39c1ed6d955b0ca36fb77ea2831,5099,6599,JPEG
IMG_0001_00015.jpg,5443537,IMG_0001.jpg,591271851e5e9305bbb552c1fd138555,5099,6599,JPEG
IMG_0001_00016.jpg,5615829,IMG_0001.jpg,6873136b075555855b87bc8253512c95,5099,6599,JPEG
IMG_0001_00017.jpg,5409028,IMG_0001.jpg,59b3b7d1fdc0332a0547c74402ce49d1,5099,6599,JPEG
IMG_0001_00018.jpg,5920984,IMG_0001.jpg,aa9269888f418692d6d1c51a4efe9dd5,5099,6599,JPEG
IMG_0001_00019.jpg,5654812,IMG_0001.jpg,7dac98ae2b3798c483d991189107478d,5099,6599,JPEG
IMG_0001_00020.jpg,5268929,IMG_0001.jpg,1936bdd0b67de65888239965d8692a0b,5099,6599,JPEG
IMG_00020.jpg,1570128,IMG.jpg,fac7f34f36d67f1a442287294207b4ec,2511,4134,JPEG
IMG_00021.jpg,1690500,IMG.jpg,55bb87c3f2d8115e39da4a0c9c1e37c4,2511,4134,JPEG
IMG_00022.jpg,1632545,IMG.jpg,6c2d68b8e785a20248d793a61499e42e,2511,4134,JPEG
IMG_00023.jpg,1688511,IMG.jpg,9451ceac7015b1ca398b2c305316ad73,2511,4134,JPEG
IMG_00024.jpg,1406332,IMG.jpg,116d13eb8392202bc498c848a2a7c508,2511,4134,JPEG
IMG_00025.jpg,1466919,IMG.jpg,16d5250d094ad523c852700dcd78037a,2511,4134,JPEG
IMG_00026.jpg,1605873,IMG.jpg,0fee1a3b68a16ef4b8405a76ac4e22e7,2511,4134,JPEG
IMG_0004_00001.jpg,6114329,IMG_0004.jpg,9bfc06d412167378b1e1619f293ee1ab,4128,3742,JPEG
IMG_0004_00002.jpg,5854110,IMG_0004.jpg,f74c83e47f159329b1ac8362d9ef480a,4128,3742,JPEG
IMG_0004_00003.jpg,5549301,IMG_0004.jpg,51442d0fd4adfcd0960c1aae9acf9849,4128,3742,JPEG
IMG_0004_00004.jpg,5768138,IMG_0004.jpg,6b00915ae94b064e4c56736e22cf9c2e,4128,3742,JPEG
IMG_0004_00005.jpg,5890985,IMG_0004.jpg,c0c6e524fc2dbd7fa8a4dbb776f7cada,4128,3742,JPEG
IMG_0004_00006.jpg,5610215,IMG_0004.jpg,b159fc7e6a9ea0fb49a69bf57587b058,4128,3742,JPEG
IMG_0004_00007.jpg,5732083,IMG_0004.jpg,1bd3e942702790ab7d6961e55d840063,4128,3742,JPEG
IMG_0004_00008.jpg,5830506,IMG_0004.jpg,08b11df50f184bcf06da834111314b4e,4128,3742,JPEG
IMG_0004_00009.jpg,5711162,IMG_0004.jpg,54283ed96b5fa2743c48c2d204dadb47,4128,3742,JPEG
IMG_0004_00010.jpg,6104453,IMG_0004.jpg,760ab5929dae60ce3082e00135c774b8,4128,3742,JPEG
IMG_0004_00011.jpg,5727350,IMG_0004.jpg,caf93713432668955c243db99a54ad6e,4128,3742,JPEG
IMG_0004_00012.jpg,5743968,IMG_0004.jpg,f3274cb9e43584f93c571b0200d51ff1,4128,3742,JPEG
IMG_0004_00013.jpg,5595893,IMG_0004.jpg,89f76ae6457016ba1fcd0bf5c36247ec,4128,3742,JPEG
IMG_0004_00014.jpg,5779917,IMG_0004.jpg,a7e07c49f775ea6e5a30ef1f96099402,4128,3742,JPEG
IMG_0004_00015.jpg,5739342,IMG_0004.jpg,9d8eb8ca72d5382241d94ff24c50c071,4128,3742,JPEG
IMG_0004_00016.jpg,5594619,IMG_0004.jpg,b082f7ee421ca69af7161d44c13f06e8,4128,3742,JPEG
IMG_0004_00017.jpg,6014502,IMG_0004.jpg,e6dc5a3f7e3783d2781e3784070b6453,4128,3742,JPEG
IMG_0004_00018.jpg,5590463,IMG_0004.jpg,897937e2b2e026db0b2a5a122b08bb13,4128,3742,JPEG
IMG_0004_00019.jpg,5649116,IMG_0004.jpg,476b436ef046614cdcf48b61b51dc1bf,4128,3742,JPEG
IMG_0004_00020.jpg,5642802,IMG_0004.jpg,447503f47564c0ca042ec629cc1445d4,4128,3742,JPEG
IMG_0004_00021.jpg,5907872,IMG_0004.jpg,7b06ca909a7102acf480008410278ab7,4128,3742,JPEG
IMG_0004_00022.jpg,5677952,IMG_0004.jpg,bdad395a98bc910686cc008d1ecb8c0b,4128,3742,JPEG
IMG_0020_00001.jpg,3778766,IMG_0020.jpg,68a6f0ff487d9cc0197d743b5400764f,4447,2908,JPEG
IMG_0020_00002.jpg,3623762,IMG_0020.jpg,2c88642a4d5ace69af74aea901ecf4ac,4447,2908,JPEG
IMG_0020_00003.jpg,3771083,IMG_0020.jpg,3e65220009af262875975c79a7b30830,4447,2908,JPEG
IMG_0020_00004.jpg,3356255,IMG_0020.jpg,5e88e01d741f4978deca4ca54550fbbb,4447,2908,JPEG
IMG_0020_00005.jpg,3666626,IMG_0020.jpg,f31b2a3c78a806f1061bf900a2d12af1,4447,2908,JPEG
IMG_0020_00006.jpg,3479733,IMG_0020.jpg,6c6d02106f1e34b03f58168cd28ab12a,4447,2908,JPEG
IMG_0020_00007.jpg,3756384,IMG_0020.jpg,f8463a4576b8905909967905dd547bc8,4447,2908,JPEG
IMG_0020_00008.jpg,3261983,IMG_0020.jpg,409fc68bb494cb2d6598917c502d6159,4447,2908,JPEG
IMG_0020_00009.jpg,3449286,IMG_0020.jpg,a2f23aadd27911b3d1bb9ac3ab19bcf1,4447,2908,JPEG
IMG_0020_00010.jpg,3634000,IMG_0020.jpg,3b9b64c55e8a68a502ad94a0cc16b5b7,4447,2908,JPEG
IMG_0020_00011.jpg,3689772,IMG_0020.jpg,f06c511732ee7afab04b30aa7e03e7bc,4447,2908,JPEG
IMG_0020_00012.jpg,3401372,IMG_0020.jpg,1889f505bdf312844e1fadc56ec1f665,4447,2908,JPEG
IMG_0020_00013.jpg,3763591,IMG_0020.jpg,c5420a00ab667e49a588365bca462d0c,4447,2908,JPEG
IMG_0020_00014.jpg,3516038,IMG_0020.jpg,16675030d47b2ad473cd215bbca0eb6e,4447,2908,JPEG
IMG_0020_00015.jpg,3501256,IMG_0020.jpg,b41048c89bdc47d8cc82a9f2dae5ed9e,4447,2908,JPEG
IMG_0020_00016.jpg,3379283,IMG_0020.jpg,91019c1cd22b7cb9b8f2018209b3f244,4447,2908,JPEG
IMG_0020_00017.jpg,3381901,IMG_0020.jpg,cd21b9af92fb39ab65c4c005d7142298,4447,2908,JPEG
IMG_0020_00018.jpg,3586859,IMG_0020.jpg,33338d5b6085ea0c7d970ce5503f5a05,4447,2908,JPEG
IMG_0020_00019.jpg,3781996,IMG_0020.jpg,c6b549e75d69906b98b0c097d16c057d,4447,2908,JPEG
IMG_0020_00020.jpg,3867968,IMG_0020.jpg,96f78ee075e7f6f25bec76a76ea9159b,4447,2908,JPEG
IMG_0020_00021.jpg,3455354,IMG_0020.jpg,e6bda89a67c8f42687a2b6fff9665978,4447,2908,JPEG
IMG_0020_00022.jpg,3383866,IMG_0020.jpg,1648e5ccaed09ec965f17c05595c7f03,4447,2908,JPEG
IMG_0026_00001.jpg,487285,IMG_0026.jpg,d5eb519302980c3bf510177b912e6de6,1274,818,JPEG
IMG_0026_00002.jpg,398694,IMG_0026.jpg,8ba56b333d869e1c487f01fcd2e2a4c4,1274,818,JPEG
IMG_0026_00003.jpg,438395,IMG_0026.jpg,dcf22ea79b8405e03d3b75a5edad45c0,1274,818,JPEG
IMG_0026_00004.jpg,611569,IMG_0026.jpg,b31addf1eecc807e375a9eea4d7ff93c,1274,818,JPEG
IMG_0026_00005.jpg,378506,IMG_0026.jpg,0cef151e0238042969666e10127b36a3,1274,818,JPEG
IMG_0026_00006.jpg,464213,IMG_0026.jpg,a91f8eff81de0ab5debc4f0a5b34061f,1274,818,JPEG
IMG_0026_00007.jpg,403274,IMG_0026.jpg,2fa27a811a3de9158a45a4cbe94025d8,1274,818,JPEG
IMG_0026_00008.jpg,386321,IMG_0026.jpg,7f1c720ae20cde9bc46f452c54df8b61,1274,818,JPEG
IMG_0026_00009.jpg,439553,IMG_0026.jpg,04d474f493d0aaace426e6f91e27d0f7,1274,818,JPEG
IMG_0026_00010.jpg,438524,IMG_0026.jpg,c1db55cd3fdf749cf436fd63e1302e55,1274,818,JPEG
IMG_0026_00011.jpg,437234,IMG_0026.jpg,a54f0214bcbf1e4833c43a9c8c4b08c6,1274,818,JPEG
IMG_0026_00012.jpg,423831,IMG_0026.jpg,b4d2c022cdb541f620931e6cc5767d44,1274,818,JPEG
IMG_0026_00013.jpg,381533,IMG_0026.jpg,52140da381f86fb69843ed21fb56722e,1274,818,JPEG
IMG_0026_00014.jpg,448337,IMG_0026.jpg,849696ac93c6d25b062ef6ec46152ecd,1274,818,JPEG
IMG_0026_00015.jpg,516759,IMG_0026.jpg,27dd56fa1be56f3a9f86d21bece92aa0,1274,818,JPEG
IMG_0026_00016.jpg,409871,IMG_0026.jpg,535dcbfda6a67415ac884f79ee44427b,1274,818,JPEG
IMG_0026_00017.jpg,440873,IMG_0026.jpg,26e0cae46f155819b6c821bebff4e5a8,1274,818,JPEG
IMG_0026_00018.jpg,392147,IMG_0026.jpg,dc4ce909d31cecb346f2b9c66fa12a16,1274,818,JPEG
IMG_0026_00019.jpg,368654,IMG_0026.jpg,b1260b63e4f8fab427ac10332798f89e,1274,818,JPEG
IMG_0026_00020.jpg,414705,IMG_0026.jpg,fcc1545d2f6a3391ecb3fdf5ef36f84c,1274,818,JPEG
IMG_0026_00021.jpg,368170,IMG_0026.jpg,6186683b69d7458ef1ac43cfb16ad35b,1274,818,JPEG
IMG_0026_00022.jpg,377464,IMG_0026.jpg,c8f68363d3fb08921933849cb979d1c1,1274,818,JPEG
IMG_0026_00023.jpg,428852,IMG_0026.jpg,4ff3d94f268752324ed165bda81bdf3a,1274,818,JPEG
IMG_0026_00024.jpg,368233,IMG_0026.jpg,e18024ce744f8db42190f33a9ecd69bd,1274,818,JPEG
IMG_0026_00025.jpg,398544,IMG_0026.jpg,12ac7cfc412859e699056aefa7ea17b1,1274,818,JPEG
IMG_0026_00026.jpg,416718,IMG_0026.jpg,45e71d5ad69da171d4f1902872632dbb,1274,818,JPEG
IMG_0030_00001.jpg,5631566,IMG_0030.jpg,7395b00f7d315a5b01b781617e4a4148,4121,4174,JPEG
IMG_0030_00002.jpg,5670009,IMG_0030.jpg,269a5c05e2605d77f311cbe12f288c4a,4121,4174,JPEG
IMG_0030_00003.jpg,5972656,IMG_0030.jpg,6cbe22459449c95f210d1f11ce45cb28,4121,4174,JPEG
IMG_0030_00004.jpg,5743356,IMG_0030.jpg,d8c63fbd0211f0392afb9f5654eb7991,4121,4174,JPEG
IMG_0030_00005.jpg,6025503,IMG_0030.jpg,0d42291e263c061e52a82f9944eebdb0,4121,4174,JPEG
IMG_0030_00006.jpg,5660752,IMG_0030.jpg,18d29aec62d42544160046fe5f10f109,4121,4174,JPEG
IMG_0030_00007.jpg,5777855,IMG_0030.jpg,f4e2e448e3dd4b72d703a5c5642c8b76,4121,4174,JPEG
IMG_0030_00008.jpg,6340058,IMG_0030.jpg,703e3959965a1a8a36d426f332372845,4121,4174,JPEG
IMG_0030_00009.jpg,5601349,IMG_0030.jpg,5195c2a67fd4ac937336587ee48abcb9,4121,4174,JPEG
IMG_0030_00010.jpg,5975209,IMG_0030.jpg,37a16e25340481025574a7f227564241,4121,4174,JPEG
IMG_0030_00011.jpg,5794993,IMG_0030.jpg,962ad71baac9c940b52e26d2eb5ad150,4121,4174,JPEG
IMG_0030_00012.jpg,5735107,IMG_0030.jpg,d1ff0281b4ffd3b325a234b14bf1a918,4121,4174,JPEG
IMG_0030_00013.jpg,5739004,IMG_0030.jpg,48ee7d4d7d788ee01a9731229a75d265,4121,4174,JPEG
IMG_0030_00014.jpg,5797421,IMG_0030.jpg,5d8e255db7179905d5300ac712fd18a5,4121,4174,JPEG
IMG_0030_00015.jpg,6004284,IMG_0030.jpg,55c35fb6ff1a5087ef16d62c368d329f,4121,4174,JPEG
IMG_0030_00016.jpg,5653458,IMG_0030.jpg,f0e69ff6912077a43412499518b2c6a7,4121,4174,JPEG
IMG_0030_00017.jpg,6120731,IMG_0030.jpg,6d40538208fbf8b342854f24e90112a0,4121,4174,JPEG
IMG_0030_00018.jpg,5623784,IMG_0030.jpg,7fc0a071465e88d6ad2927d69dc8355f,4121,4174,JPEG
IMG_0030_00019.jpg,5835085,IMG_0030.jpg,9d442e37124dea31ed1b5136a9cff7a7,4121,4174,JPEG
IMG_0030_00020.jpg,5924588,IMG_0030.jpg,40e54fa39e5dc4cf75630782b224ee5d,4121,4174,JPEG
IMG_0030_00021.jpg,5868075,IMG_0030.jpg,a8be3bfcb4597354660912a0119b7b0b,4121,4174,JPEG
IMG_0030_00022.jpg,5826284,IMG_0030.jpg,54cb52fd4e3161f37367171b660ae95f,4121,4174,JPEG
IMG_0031_00001.jpg,3210684,IMG_0031.jpg,7e7523f9731004b4beca2608bfc81f26,3243,4509,JPEG
IMG_0031_00002.jpg,3468979,IMG_0031.jpg,58884abf443f7e291e8bf29941d3acca,3243,4509,JPEG
IMG_0031_00003.jpg,3247768,IMG_0031.jpg,1312ceb72d8e2c92166eaaf067557490,3243,4509,JPEG
IMG_0031_00004.jpg,3418278,IMG_0031.jpg,ebe1e2e42960501ad0ef8e6b7d79e7b6,3243,4509,JPEG
IMG_0031_00005.jpg,3405329,IMG_0031.jpg,4cb6669d9a36772f01e303adbc528017,3243,4509,JPEG
IMG_0031_00006.jpg,3086893,IMG_0031.jpg,8ca97746b5be67f0bef47d564d91a383,3243,4509,JPEG
IMG_0031_00007.jpg,2999653,IMG_0031.jpg,4fa90bf17b5f44382a0cab48dc1f423f,3243,4509,JPEG
IMG_0031_00008.jpg,3303884,IMG_0031.jpg,7a8fe99fff81dad45248b5d4e150f9c9,3243,4509,JPEG
IMG_0031_00009.jpg,3215105,IMG_0031.jpg,0bacf5065380bdcfb23c63f3a9cd8848,3243,4509,JPEG
IMG_0031_00010.jpg,3079834,IMG_0031.jpg,740d890974a333b7fe4cfcdcb01d9da2,3243,4509,JPEG
IMG_0031_00011.jpg,3134724,IMG_0031.jpg,cae692e7c8c44494d1adedb46354f3d9,3243,4509,JPEG
IMG_0031_00012.jpg,3075126,IMG_0031.jpg,03dbce75c1b642751f68ae0b596575f3,3243,4509,JPEG
IMG_0031_00013.jpg,3311854,IMG_0031.jpg,ccff840c621147169a0029b825283fd7,3243,4509,JPEG
IMG_0031_00014.jpg,2934566,IMG_0031.jpg,4f4ee5bb9652190fd812b6e0fa7acbf3,3243,4509,JPEG
IMG_0031_00015.jpg,3386655,IMG_0031.jpg,4160dbe60d854341b7bcdacccb57f36f,3243,4509,JPEG
IMG_0031_00016.jpg,3173699,IMG_0031.jpg,329f81b5ee56222d589d8638d5e2f912,3243,4509,JPEG
IMG_0031_00017.jpg,3278272,IMG_0031.jpg,98ef75a04ee814ddb02918723d223919,3243,4509,JPEG
IMG_0031_00018.jpg,3126431,IMG_0031.jpg,96788cbbe534eca22563f4a6d2c253f4,3243,4509,JPEG
IMG_0031_00019.jpg,3085952,IMG_0031.jpg,d266ce328dde8517334225c2bea5f0af,3243,4509,JPEG
IMG_0031_00020.jpg,3128976,IMG_0031.jpg,0492044a7425dbb79a0ad479e264288f,3243,4509,JPEG
IMG_0031_00021.jpg,3380500,IMG_0031.jpg,0cba0393eec45d46c1491eb41c46403d,3243,4509,JPEG
IMG_0031_00022.jpg,3401493,IMG_0031.jpg,66b3bffb97d7f62ec8ec4492be98ab84,3243,4509,JPEG
IMG_0031_00023.jpg,3306822,IMG_0031.jpg,775b792f5535444419505b6811f9356b,3243,4509,JPEG
IMG_0031_00024.jpg,3351377,IMG_0031.jpg,ee07b41b78878924d5673994f572830e,3243,4509,JPEG
IMG_0031_00025.jpg,3218219,IMG_0031.jpg,28f8f289d77e0b7f84a6373da7a637b6,3243,4509,JPEG
IMG_0031_00026.jpg,3191623,IMG_0031.jpg,1ab7b5c6ccf39e0cc838990296d3b153,3243,4509,JPEG
IMG_0032_00001.jpg,4585762,IMG_0032.jpg,ce473f16d308cca48056a1e0b2e38693,4444,4497,JPEG
IMG_0032_00002.jpg,4649401,IMG_0032.jpg,bd055713addfd1d10fd2181494e952cc,4444,4497,JPEG
IMG_0032_00003.jpg,4239391,IMG_0032.jpg,21158464149d8c0eb05102c370e201b6,4444,4497,JPEG
IMG_0032_00004.jpg,4692838,IMG_0032.jpg,7d14e502b296a42fb83eeb99524c552f,4444,4497,JPEG
IMG_0032_00005.jpg,4500619,IMG_0032.jpg,37176e7dfa49314c4f5e82776880ccd9,4444,4497,JPEG
IMG_0032_00006.jpg,4252094,IMG_0032.jpg,7253ac2e6621066460f256cad2717251,4444,4497,JPEG
IMG_0032_00007.jpg,4593983,IMG_0032.jpg,c21a7874da63a5bebf0a73e68aa3e27f,4444,4497,JPEG
IMG_0032_00008.jpg,4345552,IMG_0032.jpg,a6166d19225b37595479a0379ca0f90a,4444,4497,JPEG
IMG_0032_00009.jpg,4622820,IMG_0032.jpg,53bf50b71616a80991d41ffc9f79e2c6,4444,4497,JPEG
IMG_0032_00010.jpg,4375214,IMG_0032.jpg,91ba806c516731c1695981edc0ea2f86,4444,4497,JPEG
IMG_0032_00011.jpg,4471561,IMG_0032.jpg,70c4844fd50786e87558851b1145b209,4444,4497,JPEG
IMG_0032_00012.jpg,4777421,IMG_0032.jpg,9136e52c68f331f73aca5bd3a0751f56,4444,4497,JPEG
IMG_0032_00013.jpg,4861116,IMG_0032.jpg,26d85d3fa131b15e2fb7b35f6b865f53,4444,4497,JPEG
IMG_0032_00014.jpg,4231542,IMG_0032.jpg,350cb0362ba16392a057bf6ef171cfc9,4444,4497,JPEG
IMG_0032_00015.jpg,4524395,IMG_0032.jpg,78a3176e97114c12c704750cc343c242,4444,4497,JPEG
IMG_0032_00016.jpg,4288074,IMG_0032.jpg,ec4ff1c2dcf6b0b290ee901e90f8fc0f,4444,4497,JPEG
IMG_0032_00017.jpg,4226639,IMG_0032.jpg,e818294e10401337c3274849c1d0200f,4444,4497,JPEG
IMG_0032_00018.jpg,4552563,IMG_0032.jpg,4d9ece0c25c0d7818b23e2ac6d417bd6,4444,4497,JPEG
IMG_0032_00019.jpg,4538261,IMG_0032.jpg,61e1bbe35662c831bad6948be2390894,4444,4497,JPEG
IMG_0032_00020.jpg,4305197,IMG_0032.jpg,92d51b807b820afbc11d56e8059f9cba,4444,4497,JPEG
IMG_0032_00021.jpg,4683972,IMG_0032.jpg,236e27875e27321677b83f68774b34f6,4444,4497,JPEG
IMG_0032_00022.jpg,4640264,IMG_0032.jpg,884b2113c2901f0604cf53ba2661448d,4444,4497,JPEG
IMG_0032_00023.jpg,4852559,IMG_0032.jpg,e4076a580cdba6cf16f537adcf437105,4444,4497,JPEG
IMG_0032_00024.jpg,4250580,IMG_0032.jpg,0625137a66fcb952000bbd096b57e146,4444,4497,JPEG
IMG_0032_00025.jpg,4728010,IMG_0032.jpg,af1acf8141c56960718baef8fca427c8,4444,4497,JPEG
IMG_0036_00001.jpg,1807049,IMG_0036.jpg,6322b272f92b3b8fc12b4030fa37cc7f,2461,3373,JPEG
IMG_0036_00002.jpg,1781085,IMG_0036.jpg,4a6ba235e2841f2c8b10665ea22d43a1,2461,3373,JPEG
IMG_0036_00003.jpg,1896296,IMG_0036.jpg,7ac4c23beb2cfdefefc469df13a9d547,2461,3373,JPEG
IMG_0036_00004.jpg,1792111,IMG_0036.jpg,37006defb5db8dbd933558ddd5380490,2461,3373,JPEG
IMG_0036_00005.jpg,1904216,IMG_0036.jpg,544be50fe960e6de33af9cf4c371de10,2461,3373,JPEG
IMG_0036_00006.jpg,1819519,IMG_0036.jpg,d3bf9fb2872850468f177a5faf0a7e5c,2461,3373,JPEG
IMG_0036_00007.jpg,1843991,IMG_0036.jpg,bc8f9bdae3fd4ec53e6d405084aad740,2461,3373,JPEG
IMG_0036_00008.jpg,1767754,IMG_0036.jpg,9e8ed2f53bfb09726dacfb4edbe5c2cd,2461,3373,JPEG
IMG_0036_00009.jpg,1975616,IMG_0036.jpg,6f651549983bcab05de7eff666c66260,2461,3373,JPEG
IMG_0036_00010.jpg,1954001,IMG_0036.jpg,af12c432f47e40fbb0ed6967fb35ba65,2461,3373,JPEG
IMG_0036_00011.jpg,1722090,IMG_0036.jpg,6d3bd18f952281ece2a096e7fb3c431c,2461,3373,JPEG
IMG_0036_00012.jpg,1926844,IMG_0036.jpg,8d7803545d6c97709466ddd4222fa165,2461,3373,JPEG
IMG_0036_00013.jpg,1821207,IMG_0036.jpg,29f3a89b2e9d925724757518efe4db84,2461,3373,JPEG
IMG_0036_00014.jpg,1768290,IMG_0036.jpg,a8c4013f0c99988c7d59ac1df13f81f6,2461,3373,JPEG
IMG_0036_00015.jpg,1964703,IMG_0036.jpg,09e0872e953a469f283387fc977854ab,2461,3373,JPEG
IMG_0036_00016.jpg,2004810,IMG_0036.jpg,64258d05638030e73909922e6a499dc7,2461,3373,JPEG
IMG_0036_00017.jpg,1895334,IMG_0036.jpg,fee5898cebbac0d14f623c4560f6ea76,2461,3373,JPEG
IMG_0036_00018.jpg,1729070,IMG_0036.jpg,3a60dc50e872d84e335fd933a8c5adbc,2461,3373,JPEG
IMG_0036_00019.jpg,1759697,IMG_0036.jpg,2e5fc8d7c0fe298b0e150c4e5c1a12f3,2461,3373,JPEG
IMG_0036_00020.jpg,1993125,IMG_0036.jpg,b5661a11f749c5e35260e9b4c345ee72,2461,3373,JPEG
IMG_0036_00021.jpg,2018634,IMG_0036.jpg,be20a4cdfda4245943243e22fcbb8b7c,2461,3373,JPEG
IMG_0036_00022.jpg,2051858,IMG_0036.jpg,5ff526264011ce8df45c0af894816033,2461,3373,JPEG
IMG_0036_00023.jpg,1798710,IMG_0036.jpg,7a9f36996609549e616c85934b3455a4,2461,3373,JPEG
IMG_0036_00024.jpg,2068417,IMG_0036.jpg,dbef291dfa2d62428e0ea4fb051ddd70,2461,3373,JPEG
IMG_0036_00025.jpg,2072737,IMG_0036.jpg,9b4494728840cae9697c5a719e9452f2,2461,3373,JPEG
IMG_0036_00026.jpg,1872727,IMG_0036.jpg,b2ba03c43c490901f85f70437eaed73b,2461,3373,JPEG
IMG_0037_00001.jpg,4568044,IMG_0037.jpg,fb505f50f4ce0da0f154262c61a78207,3717,5438,JPEG
IMG_0037_00002.jpg,4601038,IMG_0037.jpg,c556db7705341a149513e496cb2539f9,3717,5438,JPEG
IMG_0037_00003.jpg,5011393,IMG_0037.jpg,3499572e267b3e5984dcd780c14f05c4,3717,5438,JPEG
IMG_0037_00004.jpg,4419013,IMG_0037.jpg,bbc68ca835f73e3cb44dd15ba9e5cab3,3717,5438,JPEG
IMG_0037_00005.jpg,4573648,IMG_0037.jpg,132e12a6cd13f68ee4a79975d59c85d6,3717,5438,JPEG
IMG_0037_00006.jpg,4636345,IMG_0037.jpg,6e0afeefe490a313f387636e5f81bc5d,3717,5438,JPEG
IMG_0037_00007.jpg,4386902,IMG_0037.jpg,eaee2a148a8ea595a2b12f9f5ab54164,3717,5438,JPEG
IMG_0037_00008.jpg,4739103,IMG_0037.jpg,d5dd68ff1b5929fdd3d0a9f731fbafb9,3717,5438,JPEG
IMG_0037_00009.jpg,4499691,IMG_0037.jpg,42b5b741f1c81ab9b8238b31e358eb0a,3717,5438,JPEG
IMG_0037_00010.jpg,4649846,IMG_0037.jpg,bb33f2dd1c357e36740e7211da9a07bd,3717,5438,JPEG
IMG_0037_00011.jpg,4583991,IMG_0037.jpg,440cc7b652da7869d5f86e939878c84b,3717,5438,JPEG
IMG_0037_00012.jpg,4720121,IMG_0037.jpg,7375bc517aa31353657166b29ac8b7d3,3717,5438,JPEG
IMG_0037_00013.jpg,4653645,IMG_0037.jpg,72b4245f5631f7068a13fc9c530f9571,3717,5438,JPEG
IMG_0037_00014.jpg,4656592,IMG_0037.jpg,de3a6bcd09927a985d20afa8cde6ae0f,3717,5438,JPEG
IMG_0037_00015.jpg,4455806,IMG_0037.jpg,c57b62a27c6bdaf1ec67b1e97b44d14c,3717,5438,JPEG
IMG_0037_00016.jpg,4813796,IMG_0037.jpg,75eb7b262f87353a48c7352ab8d666a8,3717,5438,JPEG
IMG_0037_00017.jpg,4580825,IMG_0037.jpg,23ff611be573640f11c8f17f55e8c681,3717,5438,JPEG
IMG_0037_00018.jpg,4616286,IMG_0037.jpg,eda9ae99636806dc51f8f3abd7245798,3717,5438,JPEG
IMG_0037_00019.jpg,4779363,IMG_0037.jpg,cf021e371f0b475d9efd7fdee8325c2d,3717,5438,JPEG
IMG_0037_00020.jpg,4716312,IMG_0037.jpg,e24e16f2ae9756537c40323ca9f19e44,3717,5438,JPEG
IMG_0037_00021.jpg,4342597,IMG_0037.jpg,40795c2f655bc9b227ee47ccafdafe30,3717,5438,JPEG
IMG_0037_00022.jpg,4932409,IMG_0037.jpg,c2935d582e7993edab10337ab093173d,3717,5438,JPEG
IMG_0037_00023.jpg,4457232,IMG_0037.jpg,4f09e597d156400cc6ea2d3f7092d453,3717,5438,JPEG
IMG_0037_00024.jpg,4891299,IMG_0037.jpg,e5b96b9f08cbaccd55dd719d0e550479,3717,5438,JPEG
IMG_0037_00025.jpg,4666417,IMG_0037.jpg,76e454ddaaa8572eaacef46a74cad504,3717,5438,JPEG
IMG_0037_00026.jpg,4568725,IMG_0037.jpg,7cf1378a4f9bd0969ed662e8327ea827,3717,5438,JPEG
IMG_0040_00001.jpg,2208734,IMG_0040.jpg,c3af8fb871bfbe858c293df8f2aa06a4,3785,4542,JPEG
IMG_0040_00002.jpg,2905054,IMG_0040.jpg,efdd01cb4c2c6f77e4c4a1ad163beaf8,3785,4542,JPEG
IMG_0040_00003.jpg,2111638,IMG_0040.jpg,0dc736fa4aaa56f3f0dcdea25f3035c3,3785,4542,JPEG
IMG_0040_00004.jpg,2334314,IMG_0040.jpg,e50fd2aed081e1d0f41e377671589d5a,3785,4542,JPEG
IMG_0040_00005.jpg,2356813,IMG_0040.jpg,69adbbdf561d72b51fe01061b389b1e9,3785,4542,JPEG
IMG_0040_00006.jpg,2146070,IMG_0040.jpg,6fbf4b1ffb1ec5f1c66e31d2387e4729,3785,4542,JPEG
IMG_0040_00007.jpg,2273651,IMG_0040.jpg,7313e266b374120a2518ef25f09db1c0,3785,4542,JPEG
IMG_0040_00008.jpg,2087074,IMG_0040.jpg,e3e1a8d91cdd481e77bf8ba682e6d1fe,3785,4542,JPEG
IMG_0040_00009.jpg,2124638,IMG_0040.jpg,fda358a3a36b9b0765a93c7bd08565af,3785,4542,JPEG
IMG_0040_00010.jpg,2332861,IMG_0040.jpg,21112c1877b6285626dd6414eeb59e46,3785,4542,JPEG
IMG_0040_00011.jpg,2467817,IMG_0040.jpg,62d465c749619bb6424ff940dd72f533,3785,4542,JPEG
IMG_0040_00012.jpg,2472571,IMG_0040.jpg,164b9d73e16d69f93f33fa9cf9362b91,3785,4542,JPEG
IMG_0040_00013.jpg,2132588,IMG_0040.jpg,dfd1aa6822f8e33e8eab8ef72cbe6790,3785,4542,JPEG
IMG_0040_00014.jpg,2431791,IMG_0040.jpg,06a21b478dabd1f7d80ba44383c50698,3785,4542,JPEG
IMG_0040_00015.jpg,2290642,IMG_0040.jpg,142275025400c4ae9520305bc2338db2,3785,4542,JPEG
IMG_0040_00016.jpg,2093496,IMG_0040.jpg,4e6e8041418a02367f46b94198b9262f,3785,4542,JPEG
IMG_0040_00017.jpg,2543513,IMG_0040.jpg,0a77ec302747f14664d0fabf7ffc2e24,3785,4542,JPEG
IMG_0040_00018.jpg,2221370,IMG_0040.jpg,cc0e0d23d06e95a8ee063e440e7bed8e,3785,4542,JPEG
IMG_0040_00019.jpg,2034127,IMG_0040.jpg,0014a2118d8e3377791cda48913191b2,3785,4542,JPEG
IMG_0040_00020.jpg,2228639,IMG_0040.jpg,555b6ef0eeda006c0ad321e00dc243f1,3785,4542,JPEG
IMG_0040_00021.jpg,2317780,IMG_0040.jpg,973df027b28c09f1d6074b1ec504e81b,3785,4542,JPEG
IMG_0040_00022.jpg,2220241,IMG_0040.jpg,a4f33190eaa16c23e358e5976becece6,3785,4542,JPEG
IMG_0040_00023.jpg,2545013,IMG_0040.jpg,32530cb9401b967c7a467da1fdd9e293,3785,4542,JPEG
IMG_0040_00024.jpg,2182296,IMG_0040.jpg,7e22b4222276120da25df80ebaabeedb,3785,4542,JPEG
IMG_0040_00025.jpg,2324695,IMG_0040.jpg,46bba4f97361bf8873e5c4a4c06bbe0a,3785,4542,JPEG
IMG_0048_00001.jpg,3448906,IMG_0048.jpg,6fbe07a4621e74e98c0d968460ab67c2,2968,6936,JPEG
IMG_0048_00002.jpg,3694801,IMG_0048.jpg,e97c69def33d73b60cf404561d8f6be8,2968,6936,JPEG
IMG_0048_00003.jpg,3345838,IMG_0048.jpg,64c59475d3c5a9223d1f93284eb541d8,2968,6936,JPEG
IMG_0048_00004.jpg,3752109,IMG_0048.jpg,d148bd8cd7a8d5518dd9ab30fa3f30e9,2968,6936,JPEG
IMG_0048_00005.jpg,3608720,IMG_0048.jpg,764f1b9b9744e570472e900c45ace35a,2968,6936,JPEG
IMG_0048_00006.jpg,3518363,IMG_0048.jpg,9f35be691da244968297a1c8bcb5a852,2968,6936,JPEG
IMG_0048_00007.jpg,3372981,IMG_0048.jpg,91a10ed359685dae0e469b50837d9e12,2968,6936,JPEG
IMG_0048_00008.jpg,3377477,IMG_0048.jpg,c4c78a0ad0df4317499438671ec3ab07,2968,6936,JPEG
IMG_0048_00009.jpg,3432119,IMG_0048.jpg,db5818642521c42ce69e55a80e37cf34,2968,6936,JPEG
IMG_0048_00010.jpg,3591403,IMG_0048.jpg,758811ea8a38d91e82d77a53fa6764a7,2968,6936,JPEG
IMG_0048_00011.jpg,3578788,IMG_0048.jpg,9fd215d912bb5331b63a099cd18f098e,2968,6936,JPEG
IMG_0048_00012.jpg,3501336,IMG_0048.jpg,1869412b7385f053129ee3e07ad45d1a,2968,6936,JPEG
IMG_0048_00013.jpg,3533400,IMG_0048.jpg,c23d9a7e6835ef1451add20a79b1d503,2968,6936,JPEG
IMG_0048_00014.jpg,3290823,IMG_0048.jpg,bca9f821da41b1d7be44f03fa044826a,2968,6936,JPEG
IMG_0048_00015.jpg,3521817,IMG_0048.jpg,ba92038927681a014a33659d262190f8,2968,6936,JPEG
IMG_0048_00016.jpg,3347665,IMG_0048.jpg,852f8fbed49214150ddc554615fc3cf2,2968,6936,JPEG
IMG_0048_00017.jpg,3396015,IMG_0048.jpg,cd3b7f173f37cd7aeff831cf24b80b09,2968,6936,JPEG
IMG_0048_00018.jpg,3495158,IMG_0048.jpg,0fc236bb05acc965af6ba66c963df9dc,2968,6936,JPEG
IMG_0048_00019.jpg,3601249,IMG_0048.jpg,466a98e78107e42f1f2eae2175af8cd1,2968,6936,JPEG
IMG_0048_00020.jpg,3481682,IMG_0048.jpg,19bee29b577cc963dfa0813bd31f7381,2968,6936,JPEG
IMG_0048_00021.jpg,3439189,IMG_0048.jpg,fbbd76a8f6c5d034bc8f83a7097446ac,2968,6936,JPEG
IMG_0048_00022.jpg,3345783,IMG_0048.jpg,3d04e88c496f5504a919564fb12fdbb1,2968,6936,JPEG
IMG_0048_00023.jpg,3638863,IMG_0048.jpg,3a52a2616de7ca56d1f2f16644a5c242,2968,6936,JPEG
IMG_0048_00024.jpg,3498294,IMG_0048.jpg,c9f56e635a569629e4a07ba5fd759658,2968,6936,JPEG
IMG_0048_00025.jpg,3527803,IMG_0048.jpg,5e1abfd7e31b0d62d1421a381673d0ef,2968,6936,JPEG
IMG_0048_NEW_00001.jpg,655526,IMG_0048_NEW.jpg,27d5dbbc1b44f3960b267dcacc58a8ff,1560,1532,JPEG
IMG_0048_NEW_00002.jpg,463215,IMG_0048_NEW.jpg,75985d7e8bf500252cd6f036c59e377c,1560,1532,JPEG
IMG_0048_NEW_00003.jpg,656230,IMG_0048_NEW.jpg,dcf9e3f18fb091c101d45a6e184d07c4,1560,1532,JPEG
IMG_0048_NEW_00004.jpg,551643,IMG_0048_NEW.jpg,2193e2aa09d7e98cada929c3a4205e0a,1560,1532,JPEG
IMG_0048_NEW_00005.jpg,697367,IMG_0048_NEW.jpg,d88e0145087e9dbd08a1b1fe14340ef3,1560,1532,JPEG
IMG_0048_NEW_00006.jpg,487688,IMG_0048_NEW.jpg,0f6c0ff08cf41c0981fced91406ab15f,1560,1532,JPEG
IMG_0048_NEW_00007.jpg,666199,IMG_0048_NEW.jpg,e4eb660c608c7bef3ce9e96206684573,1560,1532,JPEG
IMG_0048_NEW_00008.jpg,539577,IMG_0048_NEW.jpg,e3d6eacbe40e538d2261e1d066b502ce,1560,1532,JPEG
IMG_0048_NEW_00009.jpg,483497,IMG_0048_NEW.jpg,7c84e4568b3794a6eec3051b07fd70f6,1560,1532,JPEG
IMG_0048_NEW_00010.jpg,749842,IMG_0048_NEW.jpg,07a71f8eab47c5b473b3a919bafb054e,1560,1532,JPEG
IMG_0048_NEW_00011.jpg,650622,IMG_0048_NEW.jpg,a530f197b2d0a769e12ed805a29ca184,1560,1532,JPEG
IMG_0048_NEW_00012.jpg,532121,IMG_0048_NEW.jpg,be904b14b6ee4289835e417affbfae30,1560,1532,JPEG
IMG_0048_NEW_00013.jpg,580871,IMG_0048_NEW.jpg,1131ab7c3cdb171956873107fbf37e94,1560,1532,JPEG
IMG_0048_NEW_00014.jpg,625599,IMG_0048_NEW.jpg,d9bf62f4553441fab2428369d603a934,1560,1532,JPEG
IMG_0048_NEW_00015.jpg,600561,IMG_0048_NEW.jpg,007bc5cea4bf960c86fc4dadaf8de54d,1560,1532,JPEG
IMG_0048_NEW_00016.jpg,514271,IMG_0048_NEW.jpg,522a13b302bc2fa29a62086b3441d62a,1560,1532,JPEG
IMG_0048_NEW_00017.jpg,508873,IMG_0048_NEW.jpg,cbef78630f0edf05529a7a7f0c440822,1560,1532,JPEG
IMG_0048_NEW_00018.jpg,631449,IMG_0048_NEW.jpg,3f9ecac8fd742673ed34497c302888f3,1560,1532,JPEG
IMG_0048_NEW_00019.jpg,532338,IMG_0048_NEW.jpg,450ad722c04ac71634fe37519992b9fc,1560,1532,JPEG
IMG_0048_NEW_0001_00001.jpg,512596,IMG_0048_NEW_0001.jpg,c6a2e54fec38d7950c04ce8b92c15087,1699,1199,JPEG
IMG_0048_NEW_0001_00002.jpg,584061,IMG_0048_NEW_0001.jpg,1a12c7359d1619e33a86b38dfc93f16f,1699,1199,JPEG
IMG_0048_NEW_0001_00003.jpg,611265,IMG_0048_NEW_0001.jpg,f25959c86310648bf248caafd20187d7,1699,1199,JPEG
IMG_0048_NEW_0001_00004.jpg,610168,IMG_0048_NEW_0001.jpg,2707309ad9aa07b0832bc2de16b720f5,1699,1199,JPEG
IMG_0048_NEW_0001_00005.jpg,509843,IMG_0048_NEW_0001.jpg,2c83a6ed2643423f33a277e0354bde2e,1699,1199,JPEG
IMG_0048_NEW_0001_00006.jpg,441124,IMG_0048_NEW_0001.jpg,32350b3ab782ca0fe6eb47d3c7a5705b,1699,1199,JPEG
IMG_0048_NEW_0001_00007.jpg,504841,IMG_0048_NEW_0001.jpg,a9a56a85df5d6b7f860e95024f9a41a7,1699,1199,JPEG
IMG_0048_NEW_0001_00008.jpg,569380,IMG_0048_NEW_0001.jpg,48a718e9a6813113dba836e94da972c3,1699,1199,JPEG
IMG_0048_NEW_0001_00009.jpg,579531,IMG_0048_NEW_0001.jpg,0a65a6a99c982f467ebf0bfa61032f2e,1699,1199,JPEG
IMG_0048_NEW_0001_00010.jpg,549640,IMG_0048_NEW_0001.jpg,648643c414d164e72a36fc39cefb92a1,1699,1199,JPEG
IMG_0048_NEW_0001_00011.jpg,553558,IMG_0048_NEW_0001.jpg,c7056d4e2e8c6caf8fffe8785a5e47c6,1699,1199,JPEG
IMG_0048_NEW_0001_00012.jpg,548025,IMG_0048_NEW_0001.jpg,2630b2d9b872884d88e83f6f0ebb103c,1699,1199,JPEG
IMG_0048_NEW_0001_00013.jpg,515736,IMG_0048_NEW_0001.jpg,bbc1ca0f79b0d4062a52a7961bba1059,1699,1199,JPEG
IMG_0048_NEW_0001_00014.jpg,470076,IMG_0048_NEW_0001.jpg,842d8352549f54df5a68ac51e36ca426,1699,1199,JPEG
IMG_0048_NEW_0001_00015.jpg,597297,IMG_0048_NEW_0001.jpg,313f99f8cf8487a774cacba56c9e4ba7,1699,1199,JPEG
IMG_0048_NEW_0001_00016.jpg,568563,IMG_0048_NEW_0001.jpg,81b4bd4bdfbbd2dd1afaaa48f9d1dd1e,1699,1199,JPEG
IMG_0048_NEW_0001_00017.jpg,615580,IMG_0048_NEW_0001.jpg,0860ec0aeca0e86d169971aaaab6fdae,1699,1199,JPEG
IMG_0048_NEW_0001_00018.jpg,550069,IMG_0048_NEW_0001.jpg,b6f99ce781b8e1fe9f3a646e58bc0df5,1699,1199,JPEG
IMG_0048_NEW_0001_00019.jpg,557474,IMG_0048_NEW_0001.jpg,bb9ee725ddaafb86891af849bbe9d6e8,1699,1199,JPEG
IMG_0048_NEW_0001_00020.jpg,486475,IMG_0048_NEW_0001.jpg,98a017b65d5bd2db557ab790f6e98ccf,1699,1199,JPEG
IMG_0048_NEW_0001_00021.jpg,549887,IMG_0048_NEW_0001.jpg,265c3628a010b571477c8f62067b4c62,1699,1199,JPEG
IMG_0048_NEW_0001_00022.jpg,620459,IMG_0048_NEW_0001.jpg,2e7b5c47c2e3074f035b063e6e379b86,1699,1199,JPEG
IMG_0048_NEW_0001_00023.jpg,540352,IMG_0048_NEW_0001.jpg,dc5059d1fa4d2a660c1eab489a0352c5,1699,1199,JPEG
IMG_0048_NEW_0001_00024.jpg,611289,IMG_0048_NEW_0001.jpg,916425ef8445c690edf72e8ddbbac4f9,1699,1199,JPEG
IMG_0048_NEW_0001_00025.jpg,586121,IMG_0048_NEW_0001.jpg,8d9c7ae960a4014fbb0949eb080a7ddf,1699,1199,JPEG
IMG_0048_NEW_00020.jpg,648730,IMG_0048_NEW.jpg,f5adb729ab91bfe20b2f5023a5983d91,1560,1532,JPEG
IMG_0048_NEW_00021.jpg,545582,IMG_0048_NEW.jpg,4b963f007d462b149fb66b4945696794,1560,1532,JPEG
IMG_0048_NEW_00022.jpg,480468,IMG_0048_NEW.jpg,b66c8e8aad2f545d94fabe6061b2084f,1560,1532,JPEG
IMG_0048_NEW_00023.jpg,599715,IMG_0048_NEW.jpg,0fb02090a85a61e879f13b115e771e27,1560,1532,JPEG
IMG_0048_NEW_00024.jpg,469547,IMG_0048_NEW.jpg,8c5a26e18cdae6ce41a6903499086805,1560,1532,JPEG
IMG_0048_NEW_00025.jpg,611384,IMG_0048_NEW.jpg,c9cc371024103f9863d0d4aeef6db32c,1560,1532,JPEG
IMG_0048_NEW_0002_00001.jpg,581981,IMG_0048_NEW_0002.jpg,a4f9c29f4dda5391a184305d0fd1beb9,1499,1339,JPEG
IMG_0048_NEW_0002_00002.jpg,581960,IMG_0048_NEW_0002.jpg,fdcff7f213b3fd26caaae38dd1b2c442,1499,1339,JPEG
IMG_0048_NEW_0002_00003.jpg,483688,IMG_0048_NEW_0002.jpg,1d3671bb67fbe5087204f50f6f19da62,1499,1339,JPEG
IMG_0048_NEW_0002_00004.jpg,553396,IMG_0048_NEW_0002.jpg,884b8e227b5aae03352d99742263fd53,1499,1339,JPEG
IMG_0048_NEW_0002_00005.jpg,650519,IMG_0048_NEW_0002.jpg,f207f0f70167b1c094d657ebea0966e8,1499,1339,JPEG
IMG_0048_NEW_0002_00006.jpg,497927,IMG_0048_NEW_0002.jpg,a4ba6e9576f0d91ff517ff8d33c74820,1499,1339,JPEG
IMG_0048_NEW_0002_00007.jpg,523522,IMG_0048_NEW_0002.jpg,a547c4b0af4c869738fd782c92c05d3c,1499,1339,JPEG
IMG_0048_NEW_0002_00008.jpg,589476,IMG_0048_NEW_0002.jpg,c57ad06ed1955a8802f9a2753655cde3,1499,1339,JPEG
IMG_0048_NEW_0002_00009.jpg,671117,IMG_0048_NEW_0002.jpg,163b99b492734217454536708cf983d1,1499,1339,JPEG
IMG_0048_NEW_0002_00010.jpg,586789,IMG_0048_NEW_0002.jpg,03091e2e533160411409d67aa81a0e69,1499,1339,JPEG
IMG_0048_NEW_0002_00011.jpg,514748,IMG_0048_NEW_0002.jpg,27142f64d3b9f223b0eceb09fa1dc3f9,1499,1339,JPEG
IMG_0048_NEW_0002_00012.jpg,475556,IMG_0048_NEW_0002.jpg,476e454880308e712411e863acb01e8b,1499,1339,JPEG
IMG_0048_NEW_0002_00013.jpg,608820,IMG_0048_NEW_0002.jpg,58d12f67eea8a911883110460cf02f0c,1499,1339,JPEG
IMG_0048_NEW_0002_00014.jpg,528470,IMG_0048_NEW_0002.jpg,897ac30b741c1e2d3906bcf5e929ed26,1499,1339,JPEG
IMG_0048_NEW_0002_00015.jpg,532083,IMG_0048_NEW_0002.jpg,68036a7aaa125d8b11e6a80e93c8afba,1499,1339,JPEG
IMG_0048_NEW_0002_00016.jpg,522501,IMG_0048_NEW_0002.jpg,9445bf5db4fde102779e749f83bf2770,1499,1339,JPEG
IMG_0048_NEW_0002_00017.jpg,566066,IMG_0048_NEW_0002.jpg,1b7371ca2bb136f385c9339d76cd619c,1499,1339,JPEG
IMG_0048_NEW_0002_00018.jpg,571559,IMG_0048_NEW_0002.jpg,ae6e43a4088b7215696c91db358361ec,1499,1339,JPEG
IMG_0048_NEW_0002_00019.jpg,726943,IMG_0048_NEW_0002.jpg,038ee7c5e7aff547553fa2a37cf327c2,1499,1339,JPEG
IMG_0048_NEW_0002_00020.jpg,521562,IMG_0048_NEW_0002.jpg,e03dfdcd832e6099fb0b0cc3990a4178,1499,1339,JPEG
IMG_0048_NEW_0002_00021.jpg,668034,IMG_0048_NEW_0002.jpg,8d5379c6a242b80bccda15bcf7bbb157,1499,1339,JPEG
IMG_0048_NEW_0002_00022.jpg,515496,IMG_0048_NEW_0002.jpg,fb681eb43c604c33c4c55ad5eeecb49e,1499,1339,JPEG
IMG_0048_NEW_0002_00023.jpg,443518,IMG_0048_NEW_0002.jpg,95fc7b213ece3785d619999c1ebe890a,1499,1339,JPEG
IMG_0048_NEW_0002_00024.jpg,573550,IMG_0048_NEW_0002.jpg,a91fccaee7cc7bcc705dbaefd1e120d8,1499,1339,JPEG
IMG_0048_NEW_0002_00025.jpg,524480,IMG_0048_NEW_0002.jpg,5a7bed5a8b6698698efe592585db45e6,1499,1339,JPEG
IMG_0048_NEW_0003_00001.jpg,1049692,IMG_0048_NEW_0003.jpg,559f4a3b15d3ce2d02e2955c0a5ddcde,2039,1557,JPEG
IMG_0048_NEW_0003_00002.jpg,1025172,IMG_0048_NEW_0003.jpg,ed15ee42bd3ceec3a9117411c9d48a6d,2039,1557,JPEG
IMG_0048_NEW_0003_00003.jpg,1099248,IMG_0048_NEW_0003.jpg,2aa9e56ce8d54ba7183361480686834b,2039,1557,JPEG
IMG_0048_NEW_0003_00004.jpg,945919,IMG_0048_NEW_0003.jpg,fb7c9ea4dbf8bf4b307c2e55b62e23e1,2039,1557,JPEG
IMG_0048_NEW_0003_00005.jpg,941375,IMG_0048_NEW_0003.jpg,080a25853e614e4c0cdc5de0e5fdacf0,2039,1557,JPEG
IMG_0048_NEW_0003_00006.jpg,1036504,IMG_0048_NEW_0003.jpg,72e58832fff6e7638e0afb38e25e3529,2039,1557,JPEG
IMG_0048_NEW_0003_00007.jpg,1073836,IMG_0048_NEW_0003.jpg,fe0e9e32c3054776c3eba67f54f15741,2039,1557,JPEG
IMG_0048_NEW_0003_00008.jpg,1081179,IMG_0048_NEW_0003.jpg,8f4d8ad829956fb29fd0241156467985,2039,1557,JPEG
IMG_0048_NEW_0003_00009.jpg,1149262,IMG_0048_NEW_0003.jpg,9924ebdfe233a3ac7a6d18df1ec3a32e,2039,1557,JPEG
IMG_0048_NEW_0003_00010.jpg,1059131,IMG_0048_NEW_0003.jpg,dca5c605d2949b6801a6eff1033b6a00,2039,1557,JPEG
IMG_0048_NEW_0003_00011.jpg,941116,IMG_0048_NEW_0003.jpg,8d69caecac18e3d2f4141605a27485d5,2039,1557,JPEG
IMG_0048_NEW_0003_00012.jpg,1049718,IMG_0048_NEW_0003.jpg,119ed23784e66698e69b5b2cab1adbed,2039,1557,JPEG
IMG_0048_NEW_0003_00013.jpg,909005,IMG_0048_NEW_0003.jpg,a0358ed26f19bffaf1c4d3bc7d597692,2039,1557,JPEG
IMG_0048_NEW_0003_00014.jpg,1112574,IMG_0048_NEW_0003.jpg,afee011518f81c6afd5dd802fc3bc4dc,2039,1557,JPEG
IMG_0048_NEW_0003_00015.jpg,1125684,IMG_0048_NEW_0003.jpg,cb3b931a1e943bde11c40cab8804c1ac,2039,1557,JPEG
IMG_0048_NEW_0003_00016.jpg,966306,IMG_0048_NEW_0003.jpg,72ff1c353e36fff2bc4859bf79f81d27,2039,1557,JPEG
IMG_0048_NEW_0003_00017.jpg,1055152,IMG_0048_NEW_0003.jpg,12e2ecd05c2ced7d76bf0a93f02b3623,2039,1557,JPEG
IMG_0048_NEW_0003_00018.jpg,1023632,IMG_0048_NEW_0003.jpg,d4fac22aa51926e278acca74b88c4f20,2039,1557,JPEG
IMG_0048_NEW_0003_00019.jpg,923607,IMG_0048_NEW_0003.jpg,1a39ed6a07b983dc98341c1df0673689,2039,1557,JPEG
IMG_0048_NEW_0003_00020.jpg,1062622,IMG_0048_NEW_0003.jpg,d9009736c1e07e7a92a35724ababcb32,2039,1557,JPEG
IMG_0048_NEW_0003_00021.jpg,1026355,IMG_0048_NEW_0003.jpg,15f5b349cc902b27695972f7c8570227,2039,1557,JPEG
IMG_0048_NEW_0003_00022.jpg,1014222,IMG_0048_NEW_0003.jpg,d2894055bf28643b9de1269b699c9c5d,2039,1557,JPEG
IMG_0048_NEW_0003_00023.jpg,1056059,IMG_0048_NEW_0003.jpg,e964238592ae1b7f6288a1550706fde3,2039,1557,JPEG
IMG_0048_NEW_0003_00024.jpg,1253901,IMG_0048_NEW_0003.jpg,992540a15eaec6aad8f86d908847646a,2039,1557,JPEG
IMG_0048_NEW_0003_00025.jpg,920841,IMG_0048_NEW_0003.jpg,fb7c18f143ec3b18c1717ed4f8b4705b,2039,1557,JPEG
IMG_0049_00001.jpg,4869253,IMG_0049.jpg,6da9c0d065b239d9d59d2cfcf37260ff,3704,5968,JPEG
IMG_0049_00002.jpg,4947643,IMG_0049.jpg,da2ece3a46a7620aebff9ca00dcdec38,3704,5968,JPEG
IMG_0049_00003.jpg,4930691,IMG_0049.jpg,6821927594a91a6a2029acd18607388a,3704,5968,JPEG
IMG_0049_00004.jpg,4697388,IMG_0049.jpg,69c195516b67f49eba0dbbaa9be87546,3704,5968,JPEG
IMG_0049_00005.jpg,5063295,IMG_0049.jpg,2d94181e046e88f75053260a1cbd9fea,3704,5968,JPEG
IMG_0049_00006.jpg,4627957,IMG_0049.jpg,3a8c7fae725e5b9c1c02ea14d0f023f3,3704,5968,JPEG
IMG_0049_00007.jpg,4516524,IMG_0049.jpg,b0befd5aff67df7d1008edaa594c6839,3704,5968,JPEG
IMG_0049_00008.jpg,4517573,IMG_0049.jpg,9ab6d466477198d3ecff2c8bda9ed82b,3704,5968,JPEG
IMG_0049_00009.jpg,4704129,IMG_0049.jpg,2865515ff72cb7a809bcec524c570283,3704,5968,JPEG
IMG_0049_00010.jpg,4573067,IMG_0049.jpg,ec840dda9cdc894585c6fb5e8e51908a,3704,5968,JPEG
IMG_0049_00011.jpg,4568769,IMG_0049.jpg,22756f2fb0db8282f913979a5939d078,3704,5968,JPEG
IMG_0049_00012.jpg,4541619,IMG_0049.jpg,79aec5e41ae891e8b6b9c3674a5c1549,3704,5968,JPEG
IMG_0049_00013.jpg,4746582,IMG_0049.jpg,cb8a29229a39a4a77632c88d8967d7ca,3704,5968,JPEG
IMG_0049_00014.jpg,4910934,IMG_0049.jpg,672475f471165dcc693e7619827eb33c,3704,5968,JPEG
IMG_0049_00015.jpg,4713019,IMG_0049.jpg,b333610617c53640a720f2ff2d66697f,3704,5968,JPEG
IMG_0049_00016.jpg,5080515,IMG_0049.jpg,bcd2fa4040bbdd814b613a383d1de4b4,3704,5968,JPEG
IMG_0049_00017.jpg,4477135,IMG_0049.jpg,0d9144c1bb78beae64a51b6203401ba5,3704,5968,JPEG
IMG_0049_00018.jpg,4503717,IMG_0049.jpg,9bd60f0248c2a3ba2c00b4d3e25b4b20,3704,5968,JPEG
IMG_0049_00019.jpg,4484238,IMG_0049.jpg,e5abdc5895c41dae66df10be14a97bd5,3704,5968,JPEG
IMG_0049_00020.jpg,4401642,IMG_0049.jpg,0998473100ff95642f92b500b6daf9fc,3704,5968,JPEG
IMG_0049_00021.jpg,4632528,IMG_0049.jpg,766ff5b9b25119e4383d0b02b290d079,3704,5968,JPEG
IMG_0049_00022.jpg,4623229,IMG_0049.jpg,6e40c19a431edf393c1c33ef395efb24,3704,5968,JPEG
IMG_0049_NEW_00001.jpg,1390641,IMG_0049_NEW.jpg,4e4435973a34c68f15251d4668940007,1737,2184,JPEG
IMG_0049_NEW_00002.jpg,1282856,IMG_0049_NEW.jpg,593f7d591e00d38819f80af5bae72b6d,1737,2184,JPEG
IMG_0049_NEW_00003.jpg,1350589,IMG_0049_NEW.jpg,b27ac6f586e661483ce8e66a5d4fe85e,1737,2184,JPEG
IMG_0049_NEW_00004.jpg,1151105,IMG_0049_NEW.jpg,9c04f16f6348add7c9ba7aac871e6626,1737,2184,JPEG
IMG_0049_NEW_00005.jpg,1212894,IMG_0049_NEW.jpg,e32bc1f437e38d4ddb8bb353259079ec,1737,2184,JPEG
IMG_0049_NEW_00006.jpg,1327608,IMG_0049_NEW.jpg,bdf865683d792ba3d6678c10326f22da,1737,2184,JPEG
IMG_0049_NEW_00007.jpg,1274781,IMG_0049_NEW.jpg,acc0a483e9c446f259a62d76dbd1186d,1737,2184,JPEG
IMG_0049_NEW_00008.jpg,1236302,IMG_0049_NEW.jpg,edfa5efa88569ba459d4e68647a9d540,1737,2184,JPEG
IMG_0049_NEW_00009.jpg,1304131,IMG_0049_NEW.jpg,ff05c7c4fdc886693a6a2872bca5bc6e,1737,2184,JPEG
IMG_0049_NEW_00010.jpg,1287148,IMG_0049_NEW.jpg,324e2f242e3c3a8ad016e2f7e143938e,1737,2184,JPEG
IMG_0049_NEW_00011.jpg,1230906,IMG_0049_NEW.jpg,22d21b9bcecab6d41033e7e8d5e11d96,1737,2184,JPEG
IMG_0049_NEW_00012.jpg,1246040,IMG_0049_NEW.jpg,5836d1ccd32911d33f24086d4741c1a2,1737,2184,JPEG
IMG_0049_NEW_00013.jpg,1408274,IMG_0049_NEW.jpg,e9b0a6a30e3c8e529f5c65b7af007261,1737,2184,JPEG
IMG_0049_NEW_00014.jpg,1213538,IMG_0049_NEW.jpg,17be019d005d074f6da500c3e7608a85,1737,2184,JPEG
IMG_0049_NEW_00015.jpg,1275623,IMG_0049_NEW.jpg,9f3b16e968a33e6c2e58b817d92e5f9a,1737,2184,JPEG
IMG_0049_NEW_00016.jpg,1524199,IMG_0049_NEW.jpg,4630d2678af266de0e8498e69169a2f9,1737,2184,JPEG
IMG_0049_NEW_00017.jpg,1378249,IMG_0049_NEW.jpg,65af16e2ccf43d20a2170ae1c1aa5f1b,1737,2184,JPEG
IMG_0049_NEW_00018.jpg,1375327,IMG_0049_NEW.jpg,a94d1d4296f0370ed02ecb01172c6310,1737,2184,JPEG
IMG_0049_NEW_00019.jpg,1227144,IMG_0049_NEW.jpg,7a0decbb3923dc05a008733689a53d99,1737,2184,JPEG
IMG_0049_NEW_00020.jpg,1417191,IMG_0049_NEW.jpg,088fe8cfd3a3153a9fbef6c03010148c,1737,2184,JPEG
IMG_0050_00001.jpg,4101958,IMG_0050.jpg,9f8e50e852fb5f3b84a6a9e185932b0b,2952,6784,JPEG
IMG_0050_00002.jpg,4332171,IMG_0050.jpg,6dc824f8296335e0e1aa530bf31d2464,2952,6784,JPEG
IMG_0050_00003.jpg,4245125,IMG_0050.jpg,f54eb53c5036209cf85df43782725bd7,2952,6784,JPEG
IMG_0050_00004.jpg,4170296,IMG_0050.jpg,f0076c92a491664b71912c78fbbdd420,2952,6784,JPEG
IMG_0050_00005.jpg,4089308,IMG_0050.jpg,5231a608b41d1cde035ce2829f1d9067,2952,6784,JPEG
IMG_0050_00006.jpg,4243202,IMG_0050.jpg,dd9b975953b2e7f38bed965c7bd5aa49,2952,6784,JPEG
IMG_0050_00007.jpg,4403402,IMG_0050.jpg,7dcf54cbb452da75c8063b952d3a33ad,2952,6784,JPEG
IMG_0050_00008.jpg,4437975,IMG_0050.jpg,1752eb880241450eba1169461e0a74d4,2952,6784,JPEG
IMG_0050_00009.jpg,4216189,IMG_0050.jpg,d1e5f0f058b42012fe291936e49f14ac,2952,6784,JPEG
IMG_0050_00010.jpg,4223227,IMG_0050.jpg,5931556eaa5e0240b950c8dbbe6a4dd5,2952,6784,JPEG
IMG_0050_00011.jpg,4160306,IMG_0050.jpg,d90dcef21c145f0eedf035fbbe15e78f,2952,6784,JPEG
IMG_0050_00012.jpg,4116170,IMG_0050.jpg,30b166a33e211a71e05a025d16f57bff,2952,6784,JPEG
IMG_0050_00013.jpg,4109651,IMG_0050.jpg,2fe3448937144ef9c11a97d9dbf0ef72,2952,6784,JPEG
IMG_0050_00014.jpg,4286051,IMG_0050.jpg,c2294424161913be3459e75ec59a4f2d,2952,6784,JPEG
IMG_0050_00015.jpg,4083789,IMG_0050.jpg,7d1841c3c2b382da648a9f3d5bc2db9b,2952,6784,JPEG
IMG_0050_00016.jpg,4476837,IMG_0050.jpg,b5eb865c86a1fe3331de7e2b2dc985f6,2952,6784,JPEG
IMG_0050_00017.jpg,4314221,IMG_0050.jpg,318cff95414bff783924ed05d36c22f9,2952,6784,JPEG
IMG_0050_00018.jpg,4065086,IMG_0050.jpg,11a507bb577579bb5f7ab017c4517bea,2952,6784,JPEG
IMG_0050_00019.jpg,4376568,IMG_0050.jpg,3f3f8b74299b9adcf0412c7117e4169c,2952,6784,JPEG
IMG_0050_00020.jpg,4529530,IMG_0050.jpg,b56e9ad32c56dd0665be8ec7cd844e2b,2952,6784,JPEG
IMG_0050_NEW_00001.jpg,1470699,IMG_0050_NEW.jpg,01d643d7252903a39bc2efbe7a95bd45,2952,1701,JPEG
IMG_0050_NEW_00002.jpg,1441352,IMG_0050_NEW.jpg,116ae79b0180ec641b0250edd28e773e,2952,1701,JPEG
IMG_0050_NEW_00003.jpg,1488049,IMG_0050_NEW.jpg,837cdac338066a858ea8901a6f2ee7ea,2952,1701,JPEG
IMG_0050_NEW_00004.jpg,1417713,IMG_0050_NEW.jpg,ef981a5ed13c3bcb161b55ae3c2c1134,2952,1701,JPEG
IMG_0050_NEW_00005.jpg,1423260,IMG_0050_NEW.jpg,4ca2db2886c3d388afd77895bd887d0d,2952,1701,JPEG
IMG_0050_NEW_00006.jpg,1579488,IMG_0050_NEW.jpg,86da6040bc8b219c44d307d2296cc419,2952,1701,JPEG
IMG_0050_NEW_00007.jpg,1444484,IMG_0050_NEW.jpg,5da29b17d09d1f70ade03574414b96f4,2952,1701,JPEG
IMG_0050_NEW_00008.jpg,1491226,IMG_0050_NEW.jpg,37a9fcc6c77e9c6df926c2e438aaf0f8,2952,1701,JPEG
IMG_0050_NEW_00009.jpg,1262452,IMG_0050_NEW.jpg,9c089d971b5029de81a16ce46d76f0aa,2952,1701,JPEG
IMG_0050_NEW_00010.jpg,1482537,IMG_0050_NEW.jpg,7538e52cd503002e69597983607a45d2,2952,1701,JPEG
IMG_0050_NEW_00011.jpg,1466045,IMG_0050_NEW.jpg,5513ca086b4ead215e0d304577e66417,2952,1701,JPEG
IMG_0050_NEW_00012.jpg,1380770,IMG_0050_NEW.jpg,91a9c2792abb76a9c919c59aca360ed7,2952,1701,JPEG
IMG_0050_NEW_00013.jpg,1644214,IMG_0050_NEW.jpg,d85ed4465ecef5d44845eafd839c30b3,2952,1701,JPEG
IMG_0050_NEW_00014.jpg,1391377,IMG_0050_NEW.jpg,0d673f017591c7343258063a96761b77,2952,1701,JPEG
IMG_0050_NEW_00015.jpg,1568809,IMG_0050_NEW.jpg,72f2b40f6d2facb5da1691adfbf7df9a,2952,1701,JPEG
IMG_0050_NEW_00016.jpg,1496835,IMG_0050_NEW.jpg,f064c7c0316790a5dccf754ea1f6cc2a,2952,1701,JPEG
IMG_0050_NEW_00017.jpg,1501083,IMG_0050_NEW.jpg,d70243c4d411e71a96aa01335dfe3a3c,2952,1701,JPEG
IMG_0050_NEW_00018.jpg,1613258,IMG_0050_NEW.jpg,83132fb0c976f48a1f4cfb0627e9c003,2952,1701,JPEG
IMG_0050_NEW_00019.jpg,1720999,IMG_0050_NEW.jpg,94bd3cb5e373f934a5f6ef0d7d1544e9,2952,1701,JPEG
IMG_0050_NEW_00020.jpg,1277004,IMG_0050_NEW.jpg,a0e88763e69aa33be398ae4701aadda0,2952,1701,JPEG
IMG_0051_00001.jpg,2918302,IMG_0051.jpg,db7c4fa44df3d6579b148cbbd4de3f3a,2960,5440,JPEG
IMG_0051_00002.jpg,2852337,IMG_0051.jpg,2e884c26eaf06af3a63d66b1defe8033,2960,5440,JPEG
IMG_0051_00003.jpg,2956234,IMG_0051.jpg,6f6ab831ce970c905de575feec8b15ae,2960,5440,JPEG
IMG_0051_00004.jpg,3103969,IMG_0051.jpg,4e3805d41a660a85648c32c51ab9fd0f,2960,5440,JPEG
IMG_0051_00005.jpg,3237455,IMG_0051.jpg,742b547b50867d1c70d109e85c93fb27,2960,5440,JPEG
IMG_0051_00006.jpg,2895955,IMG_0051.jpg,8ee352cba3efc1f641f4c62de12c619e,2960,5440,JPEG
IMG_0051_00007.jpg,3129999,IMG_0051.jpg,f2121fb3565269a96a98b0b5897aa74d,2960,5440,JPEG
IMG_0051_00008.jpg,3387013,IMG_0051.jpg,44de80f8b5627ef3cf61ad8b1583e7be,2960,5440,JPEG
IMG_0051_00009.jpg,2980014,IMG_0051.jpg,f315083f201ae412955c80e8b137935e,2960,5440,JPEG
IMG_0051_00010.jpg,3180601,IMG_0051.jpg,390e553173be20fc4eaf084ecad4f8e9,2960,5440,JPEG
IMG_0051_00011.jpg,2785223,IMG_0051.jpg,47d44b5fa51fc515b26534e1425ed398,2960,5440,JPEG
IMG_0051_00012.jpg,3016170,IMG_0051.jpg,462160601102434c5f9ccfc407109458,2960,5440,JPEG
IMG_0051_00013.jpg,2847809,IMG_0051.jpg,6d75787f2141967da3337e57ec24731c,2960,5440,JPEG
IMG_0051_00014.jpg,2949098,IMG_0051.jpg,3249cc0b6fe60a0d8aaeaba5f22515ce,2960,5440,JPEG
IMG_0051_00015.jpg,3169374,IMG_0051.jpg,5cbb0baef5438e1e3d3f54f8e58267c3,2960,5440,JPEG
IMG_0051_00016.jpg,3115268,IMG_0051.jpg,2addf64bb59d536b2ae27b1bb74feacd,2960,5440,JPEG
IMG_0051_00017.jpg,2894158,IMG_0051.jpg,65d498b58fc0fcf80c2bdeb6efe6b953,2960,5440,JPEG
IMG_0051_00018.jpg,2979061,IMG_0051.jpg,dec56664d35acb8f64605ebce3afedf4,2960,5440,JPEG
IMG_0051_00019.jpg,2968577,IMG_0051.jpg,1af73e7fb1bc5c867570426676d9d83b,2960,5440,JPEG
IMG_0051_00020.jpg,2969168,IMG_0051.jpg,6fb91eccb84e6792cc045c6defdbccc9,2960,5440,JPEG
IMG_0052_00001.jpg,2764739,IMG_0052.jpg,c0b3538e06fb9fbcad95974a7ef1aeb6,3544,6448,JPEG
IMG_0052_00002.jpg,2808361,IMG_0052.jpg,6aea27c458e37e3ba5ce6bbc682a41cb,3544,6448,JPEG
IMG_0052_00003.jpg,2465482,IMG_0052.jpg,efef0c73d57d2314d6a119e7ff0142cd,3544,6448,JPEG
IMG_0052_00004.jpg,2498679,IMG_0052.jpg,cd41737fd56553ad3e6e56e2dd3ee514,3544,6448,JPEG
IMG_0052_00005.jpg,2667567,IMG_0052.jpg,83026dd0acef03cbc73242c8d93a76c6,3544,6448,JPEG
IMG_0052_00006.jpg,2705675,IMG_0052.jpg,f05f80c1a2bcfb4a29b7e593caca1bc0,3544,6448,JPEG
IMG_0052_00007.jpg,2883033,IMG_0052.jpg,22191db4e34377c5e080991c44d198c0,3544,6448,JPEG
IMG_0052_00008.jpg,2742962,IMG_0052.jpg,fd0e9ce4b3fc804bbeacd8cabb9f7a39,3544,6448,JPEG
IMG_0052_00009.jpg,2922787,IMG_0052.jpg,129dec8997fcffdcbda1eeec40302d08,3544,6448,JPEG
IMG_0052_00010.jpg,2677530,IMG_0052.jpg,6bc3eee31da1cd96d0d711da73a0a668,3544,6448,JPEG
IMG_0052_00011.jpg,2778026,IMG_0052.jpg,cdb19bcae12625ca1b4a94ffbbc8efb9,3544,6448,JPEG
IMG_0052_00012.jpg,2861384,IMG_0052.jpg,7b8b8db1cc4c3c90f5ea9bb89eedb2f6,3544,6448,JPEG
IMG_0052_00013.jpg,2655469,IMG_0052.jpg,35b5edfbe20ad2c728452942bf1efde9,3544,6448,JPEG
IMG_0052_00014.jpg,2593392,IMG_0052.jpg,337147cab7a4bda23c2431e7d4c8b4bd,3544,6448,JPEG
IMG_0052_00015.jpg,2723972,IMG_0052.jpg,cc9d0ec511ce482225a2f444dd39294c,3544,6448,JPEG
IMG_0052_00016.jpg,2521902,IMG_0052.jpg,52aef54b67788cfb64b675834109c781,3544,6448,JPEG
IMG_0052_00017.jpg,2501883,IMG_0052.jpg,a68e18e18d1e5061a9b189e9745ee0b2,3544,6448,JPEG
IMG_0052_00018.jpg,2624175,IMG_0052.jpg,80054f34b0d75aec4987c5eb1173b1a0,3544,6448,JPEG
IMG_0052_00019.jpg,2685442,IMG_0052.jpg,2a2c2f05ddfe95fbe64f46433a0415a4,3544,6448,JPEG
IMG_0052_00020.jpg,2795828,IMG_0052.jpg,53713e3bb813f41c22f6df89cacb2e04,3544,6448,JPEG
IMG_0053_00001.jpg,3500126,IMG_0053.jpg,b525d4c41cffe15c5e11a55f8cf5d908,3616,6024,JPEG
IMG_0053_00002.jpg,3646619,IMG_0053.jpg,575fe7d9d12a1744e9c1de0eeee26fd6,3616,6024,JPEG
IMG_0053_00003.jpg,3701968,IMG_0053.jpg,8d5321d8dc5d809caef4b3c463b800c5,3616,6024,JPEG
IMG_0053_00004.jpg,3947962,IMG_0053.jpg,ab6f48a0e9a2676b1f0ffd82a6c49ead,3616,6024,JPEG
IMG_0053_00005.jpg,3409509,IMG_0053.jpg,55ffb6c1bfcca41e3adfc651c7349476,3616,6024,JPEG
IMG_0053_00006.jpg,3896298,IMG_0053.jpg,a44a013fc08cef5f7dfa0eb6010e37e6,3616,6024,JPEG
IMG_0053_00007.jpg,3617248,IMG_0053.jpg,362d892fb12f0a6376d402a7763d8d23,3616,6024,JPEG
IMG_0053_00008.jpg,3814094,IMG_0053.jpg,1a96c340506dd89bd6bfb1f5cf0ff25b,3616,6024,JPEG
IMG_0053_00009.jpg,3428542,IMG_0053.jpg,63d8afff1b27474fa617d82b9d929cf5,3616,6024,JPEG
IMG_0053_00010.jpg,3650705,IMG_0053.jpg,4823823b4b62250982d92404f8f819a3,3616,6024,JPEG
IMG_0053_00011.jpg,3988028,IMG_0053.jpg,7f68ded2ceba571c2187d178fbb33e29,3616,6024,JPEG
IMG_0053_00012.jpg,3457738,IMG_0053.jpg,6a866a7851404213e535e255279ee208,3616,6024,JPEG
IMG_0053_00013.jpg,3673168,IMG_0053.jpg,b7b5586cda43a76c6e70e7469af101e7,3616,6024,JPEG
IMG_0053_00014.jpg,3520547,IMG_0053.jpg,90061a122736e390007944f486e6440a,3616,6024,JPEG
IMG_0053_00015.jpg,3428324,IMG_0053.jpg,b5ac4910bba3cf6fa56de53c6e611842,3616,6024,JPEG
IMG_0053_00016.jpg,3479483,IMG_0053.jpg,bcad60f4ad5ae2a0321264af6d823b9c,3616,6024,JPEG
IMG_0053_00017.jpg,3524516,IMG_0053.jpg,c8025b030643d0786f89e03cd28178c0,3616,6024,JPEG
IMG_0053_00018.jpg,3722325,IMG_0053.jpg,d5fa436cf52cb8d1c7ca3017da96ef1c,3616,6024,JPEG
IMG_0053_00019.jpg,3604675,IMG_0053.jpg,2621e4b833db1a6b810533ddd0384fdd,3616,6024,JPEG
IMG_0053_00020.jpg,3747667,IMG_0053.jpg,316008cc3f3d9eddad7fcdb9b42ba3fc,3616,6024,JPEG
IMG_0054_00001.jpg,2149996,IMG_0054.jpg,31111ff034ef4f8728ac7d5b53bea42d,3512,5832,JPEG
IMG_0054_00002.jpg,2106232,IMG_0054.jpg,2eb4b7a341b30dc1a559c4b3be324bcc,3512,5832,JPEG
IMG_0054_00003.jpg,1972674,IMG_0054.jpg,1cee399bd4f7112405d2d5d7de14d124,3512,5832,JPEG
IMG_0054_00004.jpg,2293693,IMG_0054.jpg,1c52501573a99ab196e1e86217fa97cd,3512,5832,JPEG
IMG_0054_00005.jpg,2544686,IMG_0054.jpg,f71fc3001e1929738075869708b0bd2d,3512,5832,JPEG
IMG_0054_00006.jpg,2434195,IMG_0054.jpg,8575a9ae9653efcdc25112d554f04f98,3512,5832,JPEG
IMG_0054_00007.jpg,2062141,IMG_0054.jpg,a3d9c263bdc3ca6db60aea416bf16543,3512,5832,JPEG
IMG_0054_00008.jpg,2187874,IMG_0054.jpg,6cc6d114eaee525b8bb754b69564046a,3512,5832,JPEG
IMG_0054_00009.jpg,2034996,IMG_0054.jpg,04c1a7ce52a73408113aa416aa7b87c4,3512,5832,JPEG
IMG_0054_00010.jpg,2396874,IMG_0054.jpg,b7d1a3da928558ffd02b4e4b228655a9,3512,5832,JPEG
IMG_0054_00011.jpg,1948364,IMG_0054.jpg,6055670c5199cefe9da5410d56b8b222,3512,5832,JPEG
IMG_0054_00012.jpg,2387535,IMG_0054.jpg,7ffac41bde734cd0d85ec94416002d52,3512,5832,JPEG
IMG_0054_00013.jpg,1981667,IMG_0054.jpg,27814fd079a0d2abbe1f10350f683897,3512,5832,JPEG
IMG_0054_00014.jpg,2228068,IMG_0054.jpg,e7cb31e03f6fbe276b8375c3fbc09add,3512,5832,JPEG
IMG_0054_00015.jpg,2247536,IMG_0054.jpg,4d32800989020860a92a48ee0d910f93,3512,5832,JPEG
IMG_0054_00016.jpg,1928884,IMG_0054.jpg,ca446f25daf96b91df700e0092063497,3512,5832,JPEG
IMG_0054_00017.jpg,2315316,IMG_0054.jpg,521e4aa771f550401f56f41246948058,3512,5832,JPEG
IMG_0054_00018.jpg,2489914,IMG_0054.jpg,eaef4b74a3f69e06336e29b2960e2ba5,3512,5832,JPEG
IMG_0054_00019.jpg,1930583,IMG_0054.jpg,4d84b4211528da79cabba0b74754dfca,3512,5832,JPEG
IMG_0054_00020.jpg,2415605,IMG_0054.jpg,76ba07600deebc164fbb3d9636b10a9a,3512,5832,JPEG
IMG_0055_00001.jpg,2855512,IMG_0055.jpg,e2f0f4e58d1c38c3f97c9da9ff5e287a,3658,5707,JPEG
IMG_0055_00002.jpg,2938140,IMG_0055.jpg,2569db6494034c902b7fee0ea0399261,3658,5707,JPEG
IMG_0055_00003.jpg,2840222,IMG_0055.jpg,962d3026aa945164e8e4b3f40298a704,3658,5707,JPEG
IMG_0055_00004.jpg,3213467,IMG_0055.jpg,40d0f12b549f170c3e5adf67682244b0,3658,5707,JPEG
IMG_0055_00005.jpg,2760570,IMG_0055.jpg,4118f50e03cf3f880529ba26c2af46a1,3658,5707,JPEG
IMG_0055_00006.jpg,2773303,IMG_0055.jpg,f20932870490b3e338105935492ff642,3658,5707,JPEG
IMG_0055_00007.jpg,3161384,IMG_0055.jpg,e4a45021a24bbb9b0cc5c370bb3d1081,3658,5707,JPEG
IMG_0055_00008.jpg,2921167,IMG_0055.jpg,a70020fcaa0e9396ab1038e2eed07f21,3658,5707,JPEG
IMG_0055_00009.jpg,2776780,IMG_0055.jpg,8477d34f020dfaf19168afb839cb03b4,3658,5707,JPEG
IMG_0055_00010.jpg,2840187,IMG_0055.jpg,a802b05bee74aeed130dac425acaee9b,3658,5707,JPEG
IMG_0055_00011.jpg,3061437,IMG_0055.jpg,d2ab6e688f4a86050f1d81aee23bd255,3658,5707,JPEG
IMG_0055_00012.jpg,2917770,IMG_0055.jpg,6a2f9e3ce69ade4d55182f1e7b761b56,3658,5707,JPEG
IMG_0055_00013.jpg,3204650,IMG_0055.jpg,08e4857cf8a511826cba16ec711344b0,3658,5707,JPEG
IMG_0055_00014.jpg,3107872,IMG_0055.jpg,a7cbb52654532472df4cb1a9c6578939,3658,5707,JPEG
IMG_0055_00015.jpg,2912074,IMG_0055.jpg,b157259365e5ac1213e3710f1212b2a2,3658,5707,JPEG
IMG_0055_00016.jpg,2998744,IMG_0055.jpg,dc45bd4acb1d8489a24c4dd67a06aa69,3658,5707,JPEG
IMG_0055_00017.jpg,2833693,IMG_0055.jpg,17ddb9ef320614a5960379bb85f1eb0e,3658,5707,JPEG
IMG_0055_00018.jpg,3269698,IMG_0055.jpg,ee57eab7d5b275af2b804b928c48d00e,3658,5707,JPEG
IMG_0055_00019.jpg,2638903,IMG_0055.jpg,20f35135ea0cebd9883ce8e0d8c48667,3658,5707,JPEG
IMG_0055_00020.jpg,2766613,IMG_0055.jpg,fa38c3e8ec4a34a1efbb0943fd3bbe33,3658,5707,JPEG
IMG_0056_00001.jpg,2203823,IMG_0056.jpg,4e8aa9d0f0d890e44a46f43645d7e7ff,3544,2968,JPEG
IMG_0056_00002.jpg,1746892,IMG_0056.jpg,d7802649ebe36d19e056b9328cd4612b,3544,2968,JPEG
IMG_0056_00003.jpg,2065924,IMG_0056.jpg,83786193a9f47c5a2268cd61762e9c30,3544,2968,JPEG
IMG_0056_00004.jpg,1739465,IMG_0056.jpg,a66f198d3b51ea31caa0818641bc8b17,3544,2968,JPEG
IMG_0056_00005.jpg,1586712,IMG_0056.jpg,2ae871ea52e403acc69476e999bc7f46,3544,2968,JPEG
IMG_0056_00006.jpg,1674726,IMG_0056.jpg,0516d861baaaf13f479560128e57de60,3544,2968,JPEG
IMG_0056_00007.jpg,1789656,IMG_0056.jpg,8f37b54fc8c794a75f7cd8e615e853aa,3544,2968,JPEG
IMG_0056_00008.jpg,1690633,IMG_0056.jpg,be7c33bd0d001d81da3a8559891b5218,3544,2968,JPEG
IMG_0056_00009.jpg,1636730,IMG_0056.jpg,777207e110712e64e6bc0d0e7ae8b89e,3544,2968,JPEG
IMG_0056_00010.jpg,1561967,IMG_0056.jpg,5696241340156037fb518d61d00f0307,3544,2968,JPEG
IMG_0056_00011.jpg,1892664,IMG_0056.jpg,b49eb05d292e03826201a943325878ac,3544,2968,JPEG
IMG_0056_00012.jpg,1809118,IMG_0056.jpg,15fb4ee2c6c25dbfc372b080bf796ca1,3544,2968,JPEG
IMG_0056_00013.jpg,1786844,IMG_0056.jpg,09eb5526341f5a063f8360dcade2668f,3544,2968,JPEG
IMG_0056_00014.jpg,1546862,IMG_0056.jpg,bd18a474898e8691417515cb1253b3df,3544,2968,JPEG
IMG_0056_00015.jpg,1868711,IMG_0056.jpg,4d96b12952978d33ff17b332abfe2971,3544,2968,JPEG
IMG_0056_00016.jpg,1798896,IMG_0056.jpg,a946050f0399b5f3ddfad4c085036418,3544,2968,JPEG
IMG_0056_00017.jpg,1840650,IMG_0056.jpg,b283acc970ff404e52723242ef62b523,3544,2968,JPEG
IMG_0056_00018.jpg,1957512,IMG_0056.jpg,e263af1a4886a6dd319cfb8667859ff5,3544,2968,JPEG
IMG_0056_00019.jpg,1645293,IMG_0056.jpg,7a715299d93e8bfe1a2e41b4de002a54,3544,2968,JPEG
IMG_0056_00020.jpg,1998498,IMG_0056.jpg,c5d84cf2682ddf03bb79282bc06ce3c3,3544,2968,JPEG
IMG_0057_00001.jpg,1678771,IMG_0057.jpg,1ec4cb0346995e95fea65c875252d6a0,2262,3762,JPEG
IMG_0057_00002.jpg,1599013,IMG_0057.jpg,fa36a0184d0730a7ee5e052b71063096,2262,3762,JPEG
IMG_0057_00003.jpg,1400561,IMG_0057.jpg,fdc9f079d9e4225ef0acdbcad7531b4a,2262,3762,JPEG
IMG_0057_00004.jpg,1434399,IMG_0057.jpg,06f6e5c42ae1a7d0a426d004f83340a5,2262,3762,JPEG
IMG_0057_00005.jpg,1884733,IMG_0057.jpg,bda56d7fa82dbfec54d307fa5899b11f,2262,3762,JPEG
IMG_0057_00006.jpg,1710814,IMG_0057.jpg,16a52a23732c4a0c38a934ae30f7dbe5,2262,3762,JPEG
IMG_0057_00007.jpg,1763018,IMG_0057.jpg,11631b5277cd5701cdd520e2cef189a5,2262,3762,JPEG
IMG_0057_00008.jpg,1631554,IMG_0057.jpg,2a62ba04fdd75b08b6d2e98930a5feb9,2262,3762,JPEG
IMG_0057_00009.jpg,1561740,IMG_0057.jpg,8fcbf92a57d733bb848c736fe6a022e9,2262,3762,JPEG
IMG_0057_00010.jpg,1562911,IMG_0057.jpg,a37a701c58c7fb917ab357fc712b4254,2262,3762,JPEG
IMG_0057_00011.jpg,1620095,IMG_0057.jpg,8365f65cfee3082eee5a5334f4c37737,2262,3762,JPEG
IMG_0057_00012.jpg,1678890,IMG_0057.jpg,29b08777f74844d402ae8718a01fa491,2262,3762,JPEG
IMG_0057_00013.jpg,1571294,IMG_0057.jpg,4dc7f20c1a1c558b6ffcd2b949466942,2262,3762,JPEG
IMG_0057_00014.jpg,1456681,IMG_0057.jpg,e057b2df9477fb45407614b7a10196ec,2262,3762,JPEG
IMG_0057_00015.jpg,1425819,IMG_0057.jpg,8523b22d95e080f06a814e9ca5b5a64c,2262,3762,JPEG
IMG_0057_00016.jpg,1584079,IMG_0057.jpg,6c63bf2fa8c7247c94e0f9f0d9aec11a,2262,3762,JPEG
IMG_0057_00017.jpg,1581286,IMG_0057.jpg,9ab151f6d6df4c79a159b383759bd72f,2262,3762,JPEG
IMG_0057_00018.jpg,1467344,IMG_0057.jpg,04c1b46bcf9215565bce6135ce6d7a24,2262,3762,JPEG
IMG_0057_00019.jpg,1444984,IMG_0057.jpg,6ffc9e1ad403411ec26ee14393306b49,2262,3762,JPEG
IMG_0057_00020.jpg,1500190,IMG_0057.jpg,52469375a946e63e7ffeb5264b7a59af,2262,3762,JPEG
IMG_0058_00001.jpg,930308,IMG_0058.jpg,75913d09a83d004c6a98f0f5cbde5e89,2050,2491,JPEG
IMG_0058_00002.jpg,1093324,IMG_0058.jpg,48a3ac0757b66942f184852a8d076c56,2050,2491,JPEG
IMG_0058_00003.jpg,1112881,IMG_0058.jpg,91d825fb5d96a934432c3cec540024ac,2050,2491,JPEG
IMG_0058_00004.jpg,982574,IMG_0058.jpg,1f96088f345894dee2942b685c29b5d6,2050,2491,JPEG
IMG_0058_00005.jpg,1008164,IMG_0058.jpg,31e760f7fd81e3d4d99c83149a0a2482,2050,2491,JPEG
IMG_0058_00006.jpg,1284738,IMG_0058.jpg,97ceb63bfac709628b61442837544feb,2050,2491,JPEG
IMG_0058_00007.jpg,890246,IMG_0058.jpg,f999a1386400b1a1870deeb8afa05f7a,2050,2491,JPEG
IMG_0058_00008.jpg,1102505,IMG_0058.jpg,9e08b85c099ba85db8027586ec67c145,2050,2491,JPEG
IMG_0058_00009.jpg,1100247,IMG_0058.jpg,ccfd833e7af5f74b030af5b70656f389,2050,2491,JPEG
IMG_0058_00010.jpg,962991,IMG_0058.jpg,cd10998cf55b2be6d961973002a55c36,2050,2491,JPEG
IMG_0058_00011.jpg,1049038,IMG_0058.jpg,06cc0006d6a0da51267c416185d93346,2050,2491,JPEG
IMG_0058_00012.jpg,948147,IMG_0058.jpg,b88ddd4832c50aab4844364e11c892ce,2050,2491,JPEG
IMG_0058_00013.jpg,1121570,IMG_0058.jpg,fa09f1172c2002d1f2dd46b7b47d2649,2050,2491,JPEG
IMG_0058_00014.jpg,885951,IMG_0058.jpg,7a4c03b45de1582379497fdaf2683972,2050,2491,JPEG
IMG_0058_00015.jpg,968278,IMG_0058.jpg,5636811bfc126df0f3312a96809d884d,2050,2491,JPEG
IMG_0058_00016.jpg,1026676,IMG_0058.jpg,ab7399729491ecefa9a171aa989c1326,2050,2491,JPEG
IMG_0058_00017.jpg,934461,IMG_0058.jpg,de65a1adb384bfd9954c51e74d763692,2050,2491,JPEG
IMG_0058_00018.jpg,1007386,IMG_0058.jpg,3cc1f5ae27ce9b068699ae2484239520,2050,2491,JPEG
IMG_0058_00019.jpg,944920,IMG_0058.jpg,2e616bb9e103de5effe9872588d2588d,2050,2491,JPEG
IMG_0058_00020.jpg,942787,IMG_0058.jpg,ef98c32f10f0d2ca0dbaa4d14dfa2006,2050,2491,JPEG
IMG_0059_00001.jpg,3004906,IMG_0059.jpg,bdbb7ca34e1569639f648c9e916744ed,2558,3079,JPEG
IMG_0059_00002.jpg,3274027,IMG_0059.jpg,e16495945ec20ef0e9cc2bc8644c3557,2558,3079,JPEG
IMG_0059_00003.jpg,3189519,IMG_0059.jpg,6aa007b98e0b47aa9b7becdbd00d78dc,2558,3079,JPEG
IMG_0059_00004.jpg,3050722,IMG_0059.jpg,deb411601d50098e50830b2a2c1023fc,2558,3079,JPEG
IMG_0059_00005.jpg,3087862,IMG_0059.jpg,5478b1211c860c9b41a79e8e30fa5d27,2558,3079,JPEG
IMG_0059_00006.jpg,3116578,IMG_0059.jpg,9232cef0ed62f06b8ee4ab7f0d152292,2558,3079,JPEG
IMG_0059_00007.jpg,3029471,IMG_0059.jpg,0633e27b089859e14eebdb638b05013c,2558,3079,JPEG
IMG_0059_00008.jpg,3208840,IMG_0059.jpg,6935c3ba1eebd96ff7f7a2710b0de83b,2558,3079,JPEG
IMG_0059_00009.jpg,3084275,IMG_0059.jpg,7e462ad13cee60eae2f50121013a6c11,2558,3079,JPEG
IMG_0059_00010.jpg,3047546,IMG_0059.jpg,4b6d9139ec119c2953d72e53d3da290a,2558,3079,JPEG
IMG_0059_00011.jpg,3049635,IMG_0059.jpg,74533dfeb04440d73ec519bfd1105aee,2558,3079,JPEG
IMG_0059_00012.jpg,3090148,IMG_0059.jpg,d13a16585078d97e9530fc9cd8210fc7,2558,3079,JPEG
IMG_0059_00013.jpg,3193424,IMG_0059.jpg,6a889f2f35a5c62091c33f99f2ff32ef,2558,3079,JPEG
IMG_0059_00014.jpg,3092593,IMG_0059.jpg,84bfd608a3a6a07955c377630e0a07ba,2558,3079,JPEG
IMG_0059_00015.jpg,3080318,IMG_0059.jpg,121ab91ea7254b538c5c85d8434775e3,2558,3079,JPEG
IMG_0059_00016.jpg,3160226,IMG_0059.jpg,6f39f9b62616c57aecfa0dacfe79a394,2558,3079,JPEG
IMG_0059_00017.jpg,3188829,IMG_0059.jpg,2816db4e6b5852ec7b4f21550017d247,2558,3079,JPEG
IMG_0059_00018.jpg,3100902,IMG_0059.jpg,8f7b862b71098c41c2a4c4c52552617c,2558,3079,JPEG
IMG_0059_00019.jpg,3264870,IMG_0059.jpg,84d023cbad5a14eda664067ca29cf412,2558,3079,JPEG
IMG_0059_00020.jpg,3155050,IMG_0059.jpg,ba33b31c301c9ab226ad671cceae9aff,2558,3079,JPEG
IMG_0060_00001.jpg,1988026,IMG_0060.jpg,f6fa4304b0751784c14970850b73a8d4,3747,2880,JPEG
IMG_0060_00002.jpg,2038309,IMG_0060.jpg,ad6dd30beae647e67a26c0ef7bf84d18,3747,2880,JPEG
IMG_0060_00003.jpg,2444243,IMG_0060.jpg,2029cce78f8346a5a7cc54a94e220d7f,3747,2880,JPEG
IMG_0060_00004.jpg,2072379,IMG_0060.jpg,843212c400f252cf9fdf7db031c57bb3,3747,2880,JPEG
IMG_0060_00005.jpg,2143787,IMG_0060.jpg,9c304f2f747aa8644450476ced3573e9,3747,2880,JPEG
IMG_0060_00006.jpg,2215686,IMG_0060.jpg,e183ccece3a74581949d37fc914466f1,3747,2880,JPEG
IMG_0060_00007.jpg,2291392,IMG_0060.jpg,5d82dee5f42da9e7d34b2a2f0a949262,3747,2880,JPEG
IMG_0060_00008.jpg,2017975,IMG_0060.jpg,cba01d50fa944b31180e5fe2b711abe6,3747,2880,JPEG
IMG_0060_00009.jpg,2197554,IMG_0060.jpg,7e79c85489af1a7b9ddac2226bf0462b,3747,2880,JPEG
IMG_0060_00010.jpg,2236890,IMG_0060.jpg,e60f1cd085dcd88aea1f98a9bc202c96,3747,2880,JPEG
IMG_0060_00011.jpg,2386974,IMG_0060.jpg,559a87ae896fb7af071fc6ab4fdc88d0,3747,2880,JPEG
IMG_0060_00012.jpg,2018171,IMG_0060.jpg,64be20a837500a6912df32193f3303c4,3747,2880,JPEG
IMG_0060_00013.jpg,2415010,IMG_0060.jpg,5a58193ff8c013d5201a51cf38faa807,3747,2880,JPEG
IMG_0060_00014.jpg,2273740,IMG_0060.jpg,94f91be704c67d77d48933cdb858d783,3747,2880,JPEG
IMG_0060_00015.jpg,2052172,IMG_0060.jpg,627c347444781bf8fee2711dae64f75c,3747,2880,JPEG
IMG_0060_00016.jpg,1996006,IMG_0060.jpg,b9d270f12176f580533533a6a2304589,3747,2880,JPEG
IMG_0060_00017.jpg,2144601,IMG_0060.jpg,a03e3557267d8b5215d07c334d23b4d9,3747,2880,JPEG
IMG_0060_00018.jpg,2087899,IMG_0060.jpg,44faad2ff3290f28188cf8f61689a077,3747,2880,JPEG
IMG_0060_00019.jpg,2307480,IMG_0060.jpg,b6db10388debee51e96cf42399896706,3747,2880,JPEG
IMG_0060_00020.jpg,2389037,IMG_0060.jpg,d5290d74a2c10366c883cc7dad65161b,3747,2880,JPEG
IMG_0062_00001.jpg,1475551,IMG_0062.jpg,446d4d1ba3d9098114edfd8880ed9862,2297,3089,JPEG
IMG_0062_00002.jpg,1382881,IMG_0062.jpg,ab2e0b322cbfc2d0562db6777efb1e1d,2297,3089,JPEG
IMG_0062_00003.jpg,1487986,IMG_0062.jpg,fd757ce40407b19ae2afd7619ccd432d,2297,3089,JPEG
IMG_0062_00004.jpg,1411965,IMG_0062.jpg,e12929df6fdc19825508b430bd8bcff8,2297,3089,JPEG
IMG_0062_00005.jpg,1502078,IMG_0062.jpg,959b2854bf7801da3f97593db6651c89,2297,3089,JPEG
IMG_0062_00006.jpg,1767180,IMG_0062.jpg,915e9016f7d6ca49937f60935a1df74b,2297,3089,JPEG
IMG_0062_00007.jpg,1584067,IMG_0062.jpg,8f9c28f8179f14ba294d7396a8075865,2297,3089,JPEG
IMG_0062_00008.jpg,1657283,IMG_0062.jpg,48c90813a1867f4ee8342c4c6efcd585,2297,3089,JPEG
IMG_0062_00009.jpg,1582086,IMG_0062.jpg,a6fc72d2b58f7d95e694b76888d6214a,2297,3089,JPEG
IMG_0062_00010.jpg,1517407,IMG_0062.jpg,d1c5138164bea419aefb4029245bfcda,2297,3089,JPEG
IMG_0062_00011.jpg,1568821,IMG_0062.jpg,7d85025d48021110a7381fab770433a9,2297,3089,JPEG
IMG_0062_00012.jpg,1483158,IMG_0062.jpg,a5bbc2522289bc5a98d8dd66b8ea7064,2297,3089,JPEG
IMG_0062_00013.jpg,1506772,IMG_0062.jpg,ca41bfe3218df2cea90159a6251c8d09,2297,3089,JPEG
IMG_0062_00014.jpg,1387381,IMG_0062.jpg,7c9f58c3f57469bc5b1e2142cd48b510,2297,3089,JPEG
IMG_0062_00015.jpg,1647924,IMG_0062.jpg,ccf871099a5fa3d5294e65d483d75b77,2297,3089,JPEG
IMG_0062_00016.jpg,1473654,IMG_0062.jpg,977450570c6c7605b09410fd9d0dab1b,2297,3089,JPEG
IMG_0062_00017.jpg,1573185,IMG_0062.jpg,751e31b1e52df90dac8efba88a74b74b,2297,3089,JPEG
IMG_0062_00018.jpg,1500175,IMG_0062.jpg,aeedcec878bbe442b4b6ebc6a823ce33,2297,3089,JPEG
IMG_0062_00019.jpg,1620060,IMG_0062.jpg,d8004ac3149673607f5aa8590cbf84e3,2297,3089,JPEG
IMG_0062_00020.jpg,1424382,IMG_0062.jpg,0e9450f611d96c3b73d0871066e3ce66,2297,3089,JPEG
IMG_0063_00001.jpg,1690180,IMG_0063.jpg,cdfee9b2cbe88a95b3995d8ac8eada02,2375,3795,JPEG
IMG_0063_00002.jpg,1617677,IMG_0063.jpg,0a8c2f26b5f722d198a0be3e1fec68cf,2375,3795,JPEG
IMG_0063_00003.jpg,1660471,IMG_0063.jpg,080fb2ace2c87cce8b97c5c583661faf,2375,3795,JPEG
IMG_0063_00004.jpg,1701846,IMG_0063.jpg,442bb5ad534cc63b733cfe851463dc3b,2375,3795,JPEG
IMG_0063_00005.jpg,1615410,IMG_0063.jpg,78ce8b3937f004d1cf40866c6e524da1,2375,3795,JPEG
IMG_0063_00006.jpg,1631292,IMG_0063.jpg,3e2ff48b106c1c384729ce9658a02bf6,2375,3795,JPEG
IMG_0063_00007.jpg,1690375,IMG_0063.jpg,01921dc12c9c8ef263209b2c234c3502,2375,3795,JPEG
IMG_0063_00008.jpg,1862075,IMG_0063.jpg,7e79935cabbcf0d1ff98eb4b5c0860ed,2375,3795,JPEG
IMG_0063_00009.jpg,1625381,IMG_0063.jpg,98ecf003a2118db0f4cf539e83916f3d,2375,3795,JPEG
IMG_0063_00010.jpg,1823394,IMG_0063.jpg,a0c4206c1fbd1977062df7b39cb1f642,2375,3795,JPEG
IMG_0063_00011.jpg,1839683,IMG_0063.jpg,e589331021dbe2f3f2bf47a2caead143,2375,3795,JPEG
IMG_0063_00012.jpg,1650262,IMG_0063.jpg,58bb4d1225502e47fff370b33cd11003,2375,3795,JPEG
IMG_0063_00013.jpg,1733513,IMG_0063.jpg,7cafdda9195bac40aa14a30fc5ad9524,2375,3795,JPEG
IMG_0063_00014.jpg,1649964,IMG_0063.jpg,b46d2c4a421012d43cfc5a5c9d7c9b7a,2375,3795,JPEG
IMG_0063_00015.jpg,1870851,IMG_0063.jpg,6930c2ccf349777c1321faad6620af45,2375,3795,JPEG
IMG_0063_00016.jpg,1630717,IMG_0063.jpg,adcf6dfe3f2af302bde6e469b40a6bd1,2375,3795,JPEG
IMG_0063_00017.jpg,1700903,IMG_0063.jpg,c0cd8eaaffa1f7657558dcba30bbd31b,2375,3795,JPEG
IMG_0063_00018.jpg,1878402,IMG_0063.jpg,173174b00149c3ee4441055617a92232,2375,3795,JPEG
IMG_0063_00019.jpg,1668252,IMG_0063.jpg,1cc839efaa66aad483858aaf51603cf0,2375,3795,JPEG
IMG_0063_00020.jpg,1598920,IMG_0063.jpg,95d5620490d004d2b91fcd66023123db,2375,3795,JPEG
IMG_0064_00001.jpg,983854,IMG_0064.jpg,c60f7eb2c051f5a2a54132e206de165b,2218,2801,JPEG
IMG_0064_00002.jpg,1169770,IMG_0064.jpg,abdb1487d9fc2e501957f60b7b627fc6,2218,2801,JPEG
IMG_0064_00003.jpg,1011252,IMG_0064.jpg,1afc4ec443715c2f6d02794dc93cebe2,2218,2801,JPEG
IMG_0064_00004.jpg,965471,IMG_0064.jpg,e0f5a2e47eca0a9859d8df58fa575bc9,2218,2801,JPEG
IMG_0064_00005.jpg,992211,IMG_0064.jpg,cdd6d78e41f1f1c2eb72d7137ac7034d,2218,2801,JPEG
IMG_0064_00006.jpg,1073667,IMG_0064.jpg,3d0f3d0f6b3412544640830070142596,2218,2801,JPEG
IMG_0064_00007.jpg,990606,IMG_0064.jpg,e71fd984d5cc0a93a95fe987b08988d1,2218,2801,JPEG
IMG_0064_00008.jpg,1223227,IMG_0064.jpg,14928d071461bbf9f59c97b997be7d3d,2218,2801,JPEG
IMG_0064_00009.jpg,1131644,IMG_0064.jpg,605df9a6de2dfeb3b0eae964e480205d,2218,2801,JPEG
IMG_0064_00010.jpg,1190838,IMG_0064.jpg,1ab315e367a53b6d1fd7f60ada1d89b2,2218,2801,JPEG
IMG_0064_00011.jpg,987577,IMG_0064.jpg,b893fffd57bca815b796fae5fbce5bc7,2218,2801,JPEG
IMG_0064_00012.jpg,1184179,IMG_0064.jpg,441b8ab7671b3181245a65a57c7dab59,2218,2801,JPEG
IMG_0064_00013.jpg,991961,IMG_0064.jpg,d5e940614f88533efa8f54e08680b4e8,2218,2801,JPEG
IMG_0064_00014.jpg,944529,IMG_0064.jpg,ce90ac745df7ac5a4ed3622fb8bb53ff,2218,2801,JPEG
IMG_0064_00015.jpg,1065769,IMG_0064.jpg,ccf8fce1a56471335ac808ff4dfccd41,2218,2801,JPEG
IMG_0064_00016.jpg,1016492,IMG_0064.jpg,c890d841c2dd717ce2e3d4f9b5376ca3,2218,2801,JPEG
IMG_0064_00017.jpg,1180411,IMG_0064.jpg,5bf2f768a5945006195b0e578c7c5f55,2218,2801,JPEG
IMG_0064_00018.jpg,1099671,IMG_0064.jpg,13554295a01a01d38e9f32f0cc43f10a,2218,2801,JPEG
IMG_0064_00019.jpg,1155393,IMG_0064.jpg,8c1198c5e0e2fc5b1d48282d5a91d9d6,2218,2801,JPEG
IMG_0064_00020.jpg,1036046,IMG_0064.jpg,fb0bd4338ad9b03e033b2350caf0bc0d,2218,2801,JPEG
IMG_0065_00001.jpg,872415,IMG_0065.jpg,50d5e7e9b8e8f404a4379383602b45b1,2257,1893,JPEG
IMG_0065_00002.jpg,770071,IMG_0065.jpg,00979b4d010ab36cfd137cbfce6e337b,2257,1893,JPEG
IMG_0065_00003.jpg,925591,IMG_0065.jpg,81c3ccfd2eb5ba3e5d5998a4829b5cb5,2257,1893,JPEG
IMG_0065_00004.jpg,883834,IMG_0065.jpg,f09f593a8d0d538043dbda4e0d6dbd38,2257,1893,JPEG
IMG_0065_00005.jpg,823084,IMG_0065.jpg,c326e9929daed7549037203b1c5484b9,2257,1893,JPEG
IMG_0065_00006.jpg,797121,IMG_0065.jpg,9d5055fe287471bdf69d91a7278b37e1,2257,1893,JPEG
IMG_0065_00007.jpg,740625,IMG_0065.jpg,c6a4c524dfb7c359a06fb57864e47903,2257,1893,JPEG
IMG_0065_00008.jpg,932556,IMG_0065.jpg,532e83b4b36073d69b17e9c486111191,2257,1893,JPEG
IMG_0065_00009.jpg,780448,IMG_0065.jpg,af5185f5d28c33dc05f6c8d1e6f1b08c,2257,1893,JPEG
IMG_0065_00010.jpg,1093001,IMG_0065.jpg,4e942e5f7ecb98fd5d3d1af23085b7bd,2257,1893,JPEG
IMG_0065_00011.jpg,764515,IMG_0065.jpg,f8fbddbef76b8eb294a86478c8bae3be,2257,1893,JPEG
IMG_0065_00012.jpg,826727,IMG_0065.jpg,d9677d83714680c2d00d7768b1715b9d,2257,1893,JPEG
IMG_0065_00013.jpg,1019008,IMG_0065.jpg,cfd33b48d8116121c43b01331570cbfd,2257,1893,JPEG
IMG_0065_00014.jpg,770163,IMG_0065.jpg,4b062a829e811b0f9c09c8de1f8a255b,2257,1893,JPEG
IMG_0065_00015.jpg,846115,IMG_0065.jpg,cc6806677bc7f6e0377dfc77691952b0,2257,1893,JPEG
IMG_0065_00016.jpg,863219,IMG_0065.jpg,8a544a49c94b2df7d3b7104c5b4ce1db,2257,1893,JPEG
IMG_0065_00017.jpg,929847,IMG_0065.jpg,6df4455371b31b0a07f1668cfd6cc0b3,2257,1893,JPEG
IMG_0065_00018.jpg,956534,IMG_0065.jpg,3b4e2da1acedfac07b14bb5c520c2cc4,2257,1893,JPEG
IMG_0065_00019.jpg,718727,IMG_0065.jpg,fb5cdcc8489624719d91d26304c11dcb,2257,1893,JPEG
IMG_0065_00020.jpg,785778,IMG_0065.jpg,3713c73cfb3234ae5608732afe8f3221,2257,1893,JPEG
IMG_0066_00001.jpg,1448753,IMG_0066.jpg,57284c0f8af03e0a1bb9b1300b4e9fe2,2323,3687,JPEG
IMG_0066_00002.jpg,1110404,IMG_0066.jpg,26f491693be04dd15c092281691f98ac,2323,3687,JPEG
IMG_0066_00003.jpg,1204922,IMG_0066.jpg,ce0406634abb45b2fe9dbf7c7f8943f3,2323,3687,JPEG
IMG_0066_00004.jpg,1389720,IMG_0066.jpg,6609e01640d0ce785b78210c112cba09,2323,3687,JPEG
IMG_0066_00005.jpg,1300084,IMG_0066.jpg,c5452efec70361c31a71e3f1543fb1e9,2323,3687,JPEG
IMG_0066_00006.jpg,1395471,IMG_0066.jpg,e4e06cde6416e814216299b564233960,2323,3687,JPEG
IMG_0066_00007.jpg,1301753,IMG_0066.jpg,3df9d9f2cf599474e171a96bf5bb39ba,2323,3687,JPEG
IMG_0066_00008.jpg,1118064,IMG_0066.jpg,9067c1a31f60a185ca77e9d4a6dbc052,2323,3687,JPEG
IMG_0066_00009.jpg,1253959,IMG_0066.jpg,2a01e651114faa54a03aaa7e4e06d357,2323,3687,JPEG
IMG_0066_00010.jpg,1179330,IMG_0066.jpg,db4ceed6e4aba3f1adefea019ff285f9,2323,3687,JPEG
IMG_0066_00011.jpg,1280872,IMG_0066.jpg,701cbb96f0870d01761bba83cca2bbe9,2323,3687,JPEG
IMG_0066_00012.jpg,1580151,IMG_0066.jpg,c9a8d4b5f96d404ebf80e2a670b8dd98,2323,3687,JPEG
IMG_0066_00013.jpg,1551793,IMG_0066.jpg,947804b636dece8f846eed5f0b7f5e1e,2323,3687,JPEG
IMG_0066_00014.jpg,1589336,IMG_0066.jpg,a7dacc7e9fc2dfdde892bb7702c70826,2323,3687,JPEG
IMG_0066_00015.jpg,1149795,IMG_0066.jpg,5bb49f50b443e51d66098db1d8340eb8,2323,3687,JPEG
IMG_0066_00016.jpg,1285730,IMG_0066.jpg,0aadf6e2bb805a2b36471136ecd09448,2323,3687,JPEG
IMG_0066_00017.jpg,1308168,IMG_0066.jpg,4a7ce80fc245fbb9b0f49821bc10d20c,2323,3687,JPEG
IMG_0066_00018.jpg,1439861,IMG_0066.jpg,5993ac58727750ca94f66b342bd37d72,2323,3687,JPEG
IMG_0066_00019.jpg,1162995,IMG_0066.jpg,8ced0ac0f6ad491dbfbfc3eda1683102,2323,3687,JPEG
IMG_0066_00020.jpg,1257645,IMG_0066.jpg,19072394a8f0905775452d73da018656,2323,3687,JPEG
IMG_0067_00001.jpg,1479871,IMG_0067.jpg,7563c011a42955ab3ec72cbe96170e1c,2278,3592,JPEG
IMG_0067_00002.jpg,1416789,IMG_0067.jpg,bd97afc33baac7df7c7fdb3c4b20e4d2,2278,3592,JPEG
IMG_0067_00003.jpg,1336843,IMG_0067.jpg,f7f8d3476840e6b75aa0aaf0d3f833df,2278,3592,JPEG
IMG_0067_00004.jpg,1425764,IMG_0067.jpg,77ac732a667ab9dff08049af3b2ae1cd,2278,3592,JPEG
IMG_0067_00005.jpg,1549224,IMG_0067.jpg,795aacccf58658cdd54fcda8fd985eba,2278,3592,JPEG
IMG_0067_00006.jpg,1537469,IMG_0067.jpg,97af71bfd08c46e94a781fd2e9c165ac,2278,3592,JPEG
IMG_0067_00007.jpg,1268716,IMG_0067.jpg,3cc6bbb5780786022c6a16ee2cc2ede4,2278,3592,JPEG
IMG_0067_00008.jpg,1537489,IMG_0067.jpg,2fa162425135eeec1bb3e1a2f86f996d,2278,3592,JPEG
IMG_0067_00009.jpg,1406295,IMG_0067.jpg,c78163371c5eb901fbf2d3c213d090ea,2278,3592,JPEG
IMG_0067_00010.jpg,1422928,IMG_0067.jpg,a9fdf67e791e551226d8ecb4bbe908dc,2278,3592,JPEG
IMG_0067_00011.jpg,1399117,IMG_0067.jpg,2ebe839d021ff3244dd69d8e1417f7d7,2278,3592,JPEG
IMG_0067_00012.jpg,1272060,IMG_0067.jpg,1ecc8a1c1ec8f89e17670ae3a5fe736f,2278,3592,JPEG
IMG_0067_00013.jpg,1251438,IMG_0067.jpg,a88bf09256751b3b91adaa119a81291f,2278,3592,JPEG
IMG_0067_00014.jpg,1452076,IMG_0067.jpg,52bf63f3ebbb963fa887916528910eca,2278,3592,JPEG
IMG_0067_00015.jpg,1319139,IMG_0067.jpg,29966a70c44d966c843db58a9e1721bc,2278,3592,JPEG
IMG_0067_00016.jpg,1359717,IMG_0067.jpg,d644b7629c09056bd20b4662adb5f931,2278,3592,JPEG
IMG_0067_00017.jpg,1510241,IMG_0067.jpg,590962da119f0a2b0e5fbc2c123dd509,2278,3592,JPEG
IMG_0067_00018.jpg,1591808,IMG_0067.jpg,289c5f73e32adc48551a698e6ece7477,2278,3592,JPEG
IMG_0067_00019.jpg,1321012,IMG_0067.jpg,0a2b6a59e78dee8936b7638a5b6db5ef,2278,3592,JPEG
IMG_0067_00020.jpg,1387293,IMG_0067.jpg,81d9d4fbe7d6ea0c8839886aa3ded4ca,2278,3592,JPEG
IMG_0068_00001.jpg,1995392,IMG_0068.jpg,4c09add9bde0dd56c5bd83b148419966,2641,4607,JPEG
IMG_0068_00002.jpg,2173565,IMG_0068.jpg,c1e915b89cd046e156b1369158c3590f,2641,4607,JPEG
IMG_0068_00003.jpg,2108215,IMG_0068.jpg,8106fddedb7cbe0af741e6364be292cc,2641,4607,JPEG
IMG_0068_00004.jpg,1838144,IMG_0068.jpg,4122c7436cbed76e8538afc0b2e261ed,2641,4607,JPEG
IMG_0068_00005.jpg,1967799,IMG_0068.jpg,e0f8d5bb46046ae4a10fcb0bb1a53f7b,2641,4607,JPEG
IMG_0068_00006.jpg,2133708,IMG_0068.jpg,eb1496e8a194f47c909a0faa2f6e088a,2641,4607,JPEG
IMG_0068_00007.jpg,1907974,IMG_0068.jpg,c1b000fbd08f70def4f88f7050976467,2641,4607,JPEG
IMG_0068_00008.jpg,2278143,IMG_0068.jpg,61a44d4a87dc4992e4b81bd4f403b998,2641,4607,JPEG
IMG_0068_00009.jpg,1911566,IMG_0068.jpg,4beed4be0376c4414b9b1590a0df3d38,2641,4607,JPEG
IMG_0068_00010.jpg,1979348,IMG_0068.jpg,808cde39358986797e46d22982125288,2641,4607,JPEG
IMG_0068_00011.jpg,1941410,IMG_0068.jpg,dfc0d498c0a1565312c2291644d886f2,2641,4607,JPEG
IMG_0068_00012.jpg,1890029,IMG_0068.jpg,d46e97394687f7c4037cf4630ad87c65,2641,4607,JPEG
IMG_0068_00013.jpg,1976923,IMG_0068.jpg,e85f8ecf21046f435f080261d8579c59,2641,4607,JPEG
IMG_0068_00014.jpg,1805930,IMG_0068.jpg,672e574fe26413df3962cfe4f180586b,2641,4607,JPEG
IMG_0068_00015.jpg,1925231,IMG_0068.jpg,422e86bbce34c71dc53cd014a15939bd,2641,4607,JPEG
IMG_0068_00016.jpg,1891591,IMG_0068.jpg,cbbfa098c06d9d7cf4926dbf6ed6bb53,2641,4607,JPEG
IMG_0068_00017.jpg,1848172,IMG_0068.jpg,6cca2a58f6ada1158619d7e0999cdd13,2641,4607,JPEG
IMG_0068_00018.jpg,2028427,IMG_0068.jpg,1a49eee6e7dca3171d35619e968b37e6,2641,4607,JPEG
IMG_0068_00019.jpg,1957944,IMG_0068.jpg,5dfe9c7659430d345794d8071bcfafaa,2641,4607,JPEG
IMG_0068_00020.jpg,2004118,IMG_0068.jpg,b95112f39a6a3a806ee0cadd31b56b92,2641,4607,JPEG
IMG_0069_00001.jpg,802599,IMG_0069.jpg,fc54755d63df2a522986aa71c3d7a278,2175,1505,JPEG
IMG_0069_00002.jpg,884265,IMG_0069.jpg,0af3259bd4ee0b3986c3f77ad78ee689,2175,1505,JPEG
IMG_0069_00003.jpg,582775,IMG_0069.jpg,81d5a935fb6e5721a801348a5295dd3d,2175,1505,JPEG
IMG_0069_00004.jpg,740387,IMG_0069.jpg,91f238672fe87a7fc398c5145477881d,2175,1505,JPEG
IMG_0069_00005.jpg,633864,IMG_0069.jpg,86e99d4a701c580e1237685e507aa1f7,2175,1505,JPEG
IMG_0069_00006.jpg,613126,IMG_0069.jpg,0696b8164ec581f25ab2ac2f699dfddb,2175,1505,JPEG
IMG_0069_00007.jpg,488951,IMG_0069.jpg,db96ff586c1ab2f010cef69728fc5a7d,2175,1505,JPEG
IMG_0069_00008.jpg,474330,IMG_0069.jpg,d69357fc3da1ba3545e1d1376f79b181,2175,1505,JPEG
IMG_0069_00009.jpg,834361,IMG_0069.jpg,62e37a043f34f2e8279f13e9f8e1594a,2175,1505,JPEG
IMG_0069_00010.jpg,614792,IMG_0069.jpg,10f8823c28514fcddb324eb05a41982a,2175,1505,JPEG
IMG_0069_00011.jpg,536215,IMG_0069.jpg,22388bd55469adf66a6b8559d54332af,2175,1505,JPEG
IMG_0069_00012.jpg,679278,IMG_0069.jpg,2f4704cd0229c8454a97abfc1a0b1ff6,2175,1505,JPEG
IMG_0069_00013.jpg,460084,IMG_0069.jpg,525476d95e2b636fab8acd5e2a5b3eea,2175,1505,JPEG
IMG_0069_00014.jpg,640736,IMG_0069.jpg,2d645a4c19ddab5dbd3e87514bdbf934,2175,1505,JPEG
IMG_0069_00015.jpg,742343,IMG_0069.jpg,1dccca19acfb17b9645402f4a7280fb3,2175,1505,JPEG
IMG_0069_00016.jpg,742922,IMG_0069.jpg,06869bbbc0cdec56db1add006d2f19c7,2175,1505,JPEG
IMG_0069_00017.jpg,658237,IMG_0069.jpg,eb1372ea18b52b833e3ca1054472f231,2175,1505,JPEG
IMG_0069_00018.jpg,469243,IMG_0069.jpg,d955201028fd2d95320f2031c2d0446a,2175,1505,JPEG
IMG_0069_00019.jpg,735670,IMG_0069.jpg,b28506bca5480d0cae1ba89981debc9e,2175,1505,JPEG
IMG_0069_00020.jpg,486452,IMG_0069.jpg,e4d421e552072af69d8b28ae185543b2,2175,1505,JPEG
IMG_0070_00001.jpg,2049941,IMG_0070.jpg,2dca425de3e1987cb7623e03f19d3343,2833,4388,JPEG
IMG_0070_00002.jpg,2190012,IMG_0070.jpg,81143a00687c1ac39621124fbd2e083a,2833,4388,JPEG
IMG_0070_00003.jpg,2260790,IMG_0070.jpg,532d3c7c17b883b7f332835ceb4770a2,2833,4388,JPEG
IMG_0070_00004.jpg,2122580,IMG_0070.jpg,9d4de2015315ebd950fc9e9aa5f90a74,2833,4388,JPEG
IMG_0070_00005.jpg,2154547,IMG_0070.jpg,ecef093f9c2feb658bac84cba9679537,2833,4388,JPEG
IMG_0070_00006.jpg,1898889,IMG_0070.jpg,d68e9b94edc089e381f00b97012fae8d,2833,4388,JPEG
IMG_0070_00007.jpg,2239039,IMG_0070.jpg,190d2d901bbfd91cafce8cc053d95931,2833,4388,JPEG
IMG_0070_00008.jpg,2033454,IMG_0070.jpg,55ec7cb10877b2cd4bb6966e07ec622f,2833,4388,JPEG
IMG_0070_00009.jpg,1913041,IMG_0070.jpg,5de281edc8603885e13e68d1e9aaa5a2,2833,4388,JPEG
IMG_0070_00010.jpg,2140816,IMG_0070.jpg,c6453b71d1675d1fdae8aee1b5ab2c11,2833,4388,JPEG
IMG_0070_00011.jpg,2297649,IMG_0070.jpg,73d1321d621f457d38b32a1b6f097ebe,2833,4388,JPEG
IMG_0070_00012.jpg,1907877,IMG_0070.jpg,9c81d3072f3ccc8f4e1f1cc1b1d60198,2833,4388,JPEG
IMG_0070_00013.jpg,2264280,IMG_0070.jpg,05adb0b9f598e371bade15d14a6878de,2833,4388,JPEG
IMG_0070_00014.jpg,2104618,IMG_0070.jpg,fcacf6ef3eed1d988bf209faf0b5cfe6,2833,4388,JPEG
IMG_0070_00015.jpg,1855873,IMG_0070.jpg,b899e00e7e4b70d44262ed5d0afabef4,2833,4388,JPEG
IMG_0070_00016.jpg,1945522,IMG_0070.jpg,c9cb33ded5e567b89fe6aa856df4fd76,2833,4388,JPEG
IMG_0070_00017.jpg,2068656,IMG_0070.jpg,ab934b3c2e7226e7bbfe76e0e878d892,2833,4388,JPEG
IMG_0070_00018.jpg,2054621,IMG_0070.jpg,4dbfceb7c008728e57a65d48f144f278,2833,4388,JPEG
IMG_0070_00019.jpg,2004931,IMG_0070.jpg,11aed3a9e8898eeea796482f4e0dcab1,2833,4388,JPEG
IMG_0070_00020.jpg,1892141,IMG_0070.jpg,11faf3ad3008a79fde1810e9a3b81e93,2833,4388,JPEG
IMG_0071_00001.jpg,1465081,IMG_0071.jpg,cb5ffd0f0cfee812dea58dcd65164a9d,2540,3229,JPEG
IMG_0071_00002.jpg,1478055,IMG_0071.jpg,1798e1a33f59fb8f531379719166099e,2540,3229,JPEG
IMG_0071_00003.jpg,1749595,IMG_0071.jpg,4103d769869d9fb28ff6fa032467a1df,2540,3229,JPEG
IMG_0071_00004.jpg,1412708,IMG_0071.jpg,d0fc43f355eb1d3739ee675d29037afc,2540,3229,JPEG
IMG_0071_00005.jpg,1411270,IMG_0071.jpg,5690876f36d2ad636663a0e87522871c,2540,3229,JPEG
IMG_0071_00006.jpg,1652930,IMG_0071.jpg,d760d0d6b7ba01715cc190ef04e65935,2540,3229,JPEG
IMG_0071_00007.jpg,1653739,IMG_0071.jpg,2307e9f04be66e84e1ed5d53c1cd341f,2540,3229,JPEG
IMG_0071_00008.jpg,1561054,IMG_0071.jpg,ad1aba92a0e9f5f16491613b36b22302,2540,3229,JPEG
IMG_0071_00009.jpg,1610020,IMG_0071.jpg,095c4ef3564b8b848dfc2aefee213893,2540,3229,JPEG
IMG_0071_00010.jpg,1485196,IMG_0071.jpg,3caba194ad9630148797658ffb79e0b1,2540,3229,JPEG
IMG_0071_00011.jpg,1382111,IMG_0071.jpg,42e195d05202896eca60f03a56657969,2540,3229,JPEG
IMG_0071_00012.jpg,1688326,IMG_0071.jpg,6310eee3e7ad502437507af212877a1f,2540,3229,JPEG
IMG_0071_00013.jpg,1881483,IMG_0071.jpg,1896adbfdf46521710e296e61a54c785,2540,3229,JPEG
IMG_0071_00014.jpg,1625236,IMG_0071.jpg,95aa389d643bfb6d4c520e9f59bbdcd4,2540,3229,JPEG
IMG_0071_00015.jpg,1869885,IMG_0071.jpg,ccce126d3210c159423dd43c32e96e0b,2540,3229,JPEG
IMG_0071_00016.jpg,1794467,IMG_0071.jpg,d1a9f554ed0154e72c4703990e701e50,2540,3229,JPEG
IMG_0071_00017.jpg,1616255,IMG_0071.jpg,3be642a635b4f8d497111106ca679232,2540,3229,JPEG
IMG_0071_00018.jpg,1641563,IMG_0071.jpg,1204edaabccaabd3f56e914dce3e99df,2540,3229,JPEG
IMG_0071_00019.jpg,1492892,IMG_0071.jpg,3209fdf907370164c3292198ea8b26be,2540,3229,JPEG
IMG_0071_00020.jpg,1509389,IMG_0071.jpg,c1c228378a70131822aba2ffe81c8b40,2540,3229,JPEG
IMG_0072_00001.jpg,2330223,IMG_0072.jpg,1ba6951f11a3b00d85c081554fcc40dd,3256,3878,JPEG
IMG_0072_00002.jpg,2033724,IMG_0072.jpg,7e48c31212da8cefe0c21e93bed18e7e,3256,3878,JPEG
IMG_0072_00003.jpg,2110057,IMG_0072.jpg,0721a98a652ce04b22ed1b6ffcf49760,3256,3878,JPEG
IMG_0072_00004.jpg,1974605,IMG_0072.jpg,d29dd54de993cc3372f8af458583f9be,3256,3878,JPEG
IMG_0072_00005.jpg,2049455,IMG_0072.jpg,5ae804b92c283f11d27fe832c37faf3c,3256,3878,JPEG
IMG_0072_00006.jpg,2334641,IMG_0072.jpg,e98ed725917763cd2f4a5ea15f54d5ae,3256,3878,JPEG
IMG_0072_00007.jpg,2319053,IMG_0072.jpg,08c476c068a2dd8deeb7952946b6a3f4,3256,3878,JPEG
IMG_0072_00008.jpg,2273199,IMG_0072.jpg,65582c6f27bd907123a8031191d5413e,3256,3878,JPEG
IMG_0072_00009.jpg,2247000,IMG_0072.jpg,119b7bb7b8b46b4f22fab1718611b067,3256,3878,JPEG
IMG_0072_00010.jpg,2127072,IMG_0072.jpg,bf7ca95d979d62fe3f676089d748c5c6,3256,3878,JPEG
IMG_0072_00011.jpg,2406471,IMG_0072.jpg,fdc1a19eaefab8b20b363e8d5607cb75,3256,3878,JPEG
IMG_0072_00012.jpg,2330118,IMG_0072.jpg,85f5e42c7badd3128fee6e5b92daeb06,3256,3878,JPEG
IMG_0072_00013.jpg,2342130,IMG_0072.jpg,b0dd35700d6a877bae769584c89e24d3,3256,3878,JPEG
IMG_0072_00014.jpg,2064683,IMG_0072.jpg,ecd2327e68490ed13f9b0fd7d852b00d,3256,3878,JPEG
IMG_0072_00015.jpg,2117973,IMG_0072.jpg,2bfc92577a3e200da9c0d5f1bef5ba26,3256,3878,JPEG
IMG_0072_00016.jpg,2046880,IMG_0072.jpg,ae2c5be067fa272ae1f9c672ac0a58d5,3256,3878,JPEG
IMG_0072_00017.jpg,2001610,IMG_0072.jpg,160e5565b45b7e63359acee20382999f,3256,3878,JPEG
IMG_0072_00018.jpg,2065579,IMG_0072.jpg,e5ab12e1eac85ecc68f20b2f3d8bc639,3256,3878,JPEG
IMG_0072_00019.jpg,2299886,IMG_0072.jpg,d840319b714cc23d828ac8f3914af527,3256,3878,JPEG
IMG_0072_00020.jpg,2485441,IMG_0072.jpg,1b5062423e8b71edaf8c0971e1c18904,3256,3878,JPEG
IMG_0073_00001.jpg,1422567,IMG_0073.jpg,c7a654a3b8a30cfac03c22de9b94737b,2481,2944,JPEG
IMG_0073_00002.jpg,1274000,IMG_0073.jpg,86c009642efd43b6286272ba5e4b56ee,2481,2944,JPEG
IMG_0073_00003.jpg,1361821,IMG_0073.jpg,ebb3173883e4bb53d8adf6909aab2e75,2481,2944,JPEG
IMG_0073_00004.jpg,1280096,IMG_0073.jpg,f970e2f9932d7f66b463410acc0f4b39,2481,2944,JPEG
IMG_0073_00005.jpg,1375102,IMG_0073.jpg,6496cfc3138c923841779902e718d1ce,2481,2944,JPEG
IMG_0073_00006.jpg,1547889,IMG_0073.jpg,2740e110239d7f01c47eea021b10b5ce,2481,2944,JPEG
IMG_0073_00007.jpg,1512879,IMG_0073.jpg,ca9f08572308277a30877e4a503c6fd7,2481,2944,JPEG
IMG_0073_00008.jpg,1419663,IMG_0073.jpg,4b45ee9dbf34eecc4912d9863a090d06,2481,2944,JPEG
IMG_0073_00009.jpg,1421244,IMG_0073.jpg,9fbbfddd0b566d26b848087455dfe694,2481,2944,JPEG
IMG_0073_00010.jpg,1305820,IMG_0073.jpg,5d67dde2b78ce23fe0e41e4ca8e8ba05,2481,2944,JPEG
IMG_0073_00011.jpg,1365963,IMG_0073.jpg,556a62a67fdbb59a189004d033c71b4c,2481,2944,JPEG
IMG_0073_00012.jpg,1414650,IMG_0073.jpg,5129b4b40c60de5c4dcaf323f598da02,2481,2944,JPEG
IMG_0073_00013.jpg,1424773,IMG_0073.jpg,9ee8af572c4276a7118ea1bbfa89e2e7,2481,2944,JPEG
IMG_0073_00014.jpg,1384107,IMG_0073.jpg,822008c2b1c7da9e96a6278149b740c5,2481,2944,JPEG
IMG_0073_00015.jpg,1372007,IMG_0073.jpg,f241feec828dcc2cd80e4e391e2c8e2c,2481,2944,JPEG
IMG_0073_00016.jpg,1362088,IMG_0073.jpg,65ff11c2538d14235f37fba3b741a7a7,2481,2944,JPEG
IMG_0073_00017.jpg,1411676,IMG_0073.jpg,57275a35ee3769634c31ec9a908ad262,2481,2944,JPEG
IMG_0073_00018.jpg,1504378,IMG_0073.jpg,c863cc5ff019b70675cc4f5612e6f89f,2481,2944,JPEG
IMG_0073_00019.jpg,1543266,IMG_0073.jpg,8532afde20f08433750720c057360261,2481,2944,JPEG
IMG_0073_00020.jpg,1505756,IMG_0073.jpg,27f0a46009a96a7bcdac79c4b6e9ffe6,2481,2944,JPEG
IMG_0074_00001.jpg,978039,IMG_0074.jpg,4e4043533f48bd3d580252dac64cc51f,1570,2819,JPEG
IMG_0074_00002.jpg,1071740,IMG_0074.jpg,1c62576eb4c4422b8e7a15ae8e5d6642,1570,2819,JPEG
IMG_0074_00003.jpg,1059041,IMG_0074.jpg,1ad64fad240c8dd3763b77abf5a7f944,1570,2819,JPEG
IMG_0074_00004.jpg,1047885,IMG_0074.jpg,2434fd93eeaa0f5ff4ecbbb68284ebf2,1570,2819,JPEG
IMG_0074_00005.jpg,1011127,IMG_0074.jpg,f4f3f141a01a798c894228dcc1d39db3,1570,2819,JPEG
IMG_0074_00006.jpg,955322,IMG_0074.jpg,de0fa8c10c2f6ecd81281a4533350492,1570,2819,JPEG
IMG_0074_00007.jpg,926577,IMG_0074.jpg,2509df14d63ded97ae02947ffe8bf0ca,1570,2819,JPEG
IMG_0074_00008.jpg,1166485,IMG_0074.jpg,564ead93c6f0951d0ef4a799bef2a5e6,1570,2819,JPEG
IMG_0074_00009.jpg,1085502,IMG_0074.jpg,7eae32c14d7a18128dbf002281906999,1570,2819,JPEG
IMG_0074_00010.jpg,898578,IMG_0074.jpg,609d9f094b67a5a4ac9349d8bcef5057,1570,2819,JPEG
IMG_0074_00011.jpg,1001948,IMG_0074.jpg,2e383cdc4a55e0a0bd8b6e9d0493d8cf,1570,2819,JPEG
IMG_0074_00012.jpg,1019464,IMG_0074.jpg,0cbc5391e19baee7b4dabd9b50df0489,1570,2819,JPEG
IMG_0074_00013.jpg,1041752,IMG_0074.jpg,fb84c83602213edd993432d42842b5ed,1570,2819,JPEG
IMG_0074_00014.jpg,1033405,IMG_0074.jpg,d4f42ffb72c810f31d1bbdc8a13767d3,1570,2819,JPEG
IMG_0074_00015.jpg,967991,IMG_0074.jpg,93aa7434068d6ba05df2e8b455404de7,1570,2819,JPEG
IMG_0074_00016.jpg,992559,IMG_0074.jpg,59440677287b48b3a53ed3726613e6f2,1570,2819,JPEG
IMG_0074_00017.jpg,1180511,IMG_0074.jpg,cc90e02dd657634f0a4dd85f0d476826,1570,2819,JPEG
IMG_0074_00018.jpg,1025549,IMG_0074.jpg,72243259a36b9aa992f2a4b1be6179bb,1570,2819,JPEG
IMG_0074_00019.jpg,1027196,IMG_0074.jpg,66cab3038a55f780ea89524f18cbc3f0,1570,2819,JPEG
IMG_0074_00020.jpg,974542,IMG_0074.jpg,6f054796b03958890021e97977528b2b,1570,2819,JPEG
IMG_0075_00001.jpg,982127,IMG_0075.jpg,e91b4106ebc537aa9895753cd4a15f30,2337,2232,JPEG
IMG_0075_00002.jpg,1114964,IMG_0075.jpg,fbc14a02565dad570ecef55cd757b552,2337,2232,JPEG
IMG_0075_00003.jpg,1053239,IMG_0075.jpg,ad153db84fa6584e7edd9726a5fcf515,2337,2232,JPEG
IMG_0075_00004.jpg,908626,IMG_0075.jpg,c1ad241403f6fe399ab95a240b7ccc73,2337,2232,JPEG
IMG_0075_00005.jpg,1106157,IMG_0075.jpg,b744fd2c950f9efbe11a5639739bfaf3,2337,2232,JPEG
IMG_0075_00006.jpg,1346745,IMG_0075.jpg,261b755d3d3392b804a80feb56acbf8d,2337,2232,JPEG
IMG_0075_00007.jpg,1269790,IMG_0075.jpg,177c17eef584fc5cd53fedb4f0d3946d,2337,2232,JPEG
IMG_0075_00008.jpg,1072885,IMG_0075.jpg,b67654437019c8a543994cae8de4cd39,2337,2232,JPEG
IMG_0075_00009.jpg,1092911,IMG_0075.jpg,00ae0742573e84e49f78c92b28531e70,2337,2232,JPEG
IMG_0075_00010.jpg,1198419,IMG_0075.jpg,6482dd747e7f8855fa440aaa31b27bed,2337,2232,JPEG
IMG_0075_00011.jpg,1232982,IMG_0075.jpg,bde68bae7a811966cea67284a96e873a,2337,2232,JPEG
IMG_0075_00012.jpg,1098998,IMG_0075.jpg,92fc6b048ef1baac93c5c648aa0ceec6,2337,2232,JPEG
IMG_0075_00013.jpg,1296047,IMG_0075.jpg,13ec102b9699a908db5ca347c849ba3d,2337,2232,JPEG
IMG_0075_00014.jpg,1199284,IMG_0075.jpg,5a2a062b6d2faaf45c8b47d954c10f5b,2337,2232,JPEG
IMG_0075_00015.jpg,1064498,IMG_0075.jpg,f17e8c985da783840b1c3e62869621ea,2337,2232,JPEG
IMG_0075_00016.jpg,1074797,IMG_0075.jpg,76b555fd0ee64d93d62c993520dd0fc7,2337,2232,JPEG
IMG_0075_00017.jpg,1235271,IMG_0075.jpg,5fdb8cc177b7ea79c76866a808e5fca5,2337,2232,JPEG
IMG_0075_00018.jpg,1209858,IMG_0075.jpg,5046e7faa5e0f83a72aa92a40fffb94f,2337,2232,JPEG
IMG_0075_00019.jpg,1059571,IMG_0075.jpg,5887f9f14c8793b5cdf096574239bd38,2337,2232,JPEG
IMG_0075_00020.jpg,1212992,IMG_0075.jpg,89e243e9ff3da1480865be013a33a780,2337,2232,JPEG
IMG_0076_00001.jpg,1799533,IMG_0076.jpg,5e58d6d8c81ae374f47ed793322d4c0c,3000,4248,JPEG
IMG_0076_00002.jpg,2115473,IMG_0076.jpg,3a8fb4c58daa5912e9cc65bd70d85a7f,3000,4248,JPEG
IMG_0076_00003.jpg,2229224,IMG_0076.jpg,2f92f33b31532711e7bdc6842e9ddfcf,3000,4248,JPEG
IMG_0076_00004.jpg,1834137,IMG_0076.jpg,124a0f02bade32e738dd6ea6549df126,3000,4248,JPEG
IMG_0076_00005.jpg,2056148,IMG_0076.jpg,d3d3f86e4a37d2e9d297d6beb7870909,3000,4248,JPEG
IMG_0076_00006.jpg,1927118,IMG_0076.jpg,6cae0d2f29fa0d2d4df3c1558e926d55,3000,4248,JPEG
IMG_0076_00007.jpg,1881701,IMG_0076.jpg,6d8f71db237a761fdd4c4fbd16a929cf,3000,4248,JPEG
IMG_0076_00008.jpg,1931828,IMG_0076.jpg,5cce0a03c2231de3bd208bc2508d6aef,3000,4248,JPEG
IMG_0076_00009.jpg,1975209,IMG_0076.jpg,00f3fe16513dc352a90edc50f2dfdf67,3000,4248,JPEG
IMG_0076_00010.jpg,1879200,IMG_0076.jpg,b5bf2b4cda1d09c7a3cbf268f4c83a86,3000,4248,JPEG
IMG_0076_00011.jpg,2118881,IMG_0076.jpg,494453bff561db53beed9b1226ea495a,3000,4248,JPEG
IMG_0076_00012.jpg,1838495,IMG_0076.jpg,30ca341154eea56c625d5c819cd8d423,3000,4248,JPEG
IMG_0076_00013.jpg,1956203,IMG_0076.jpg,832c4227fe8701ed43b7169d4017f7be,3000,4248,JPEG
IMG_0076_00014.jpg,1956010,IMG_0076.jpg,af6c15a4ab4d38c7bccbf21ece2b4c80,3000,4248,JPEG
IMG_0076_00015.jpg,2302291,IMG_0076.jpg,bb01819dd430f4e0688aadb2b60bab9b,3000,4248,JPEG
IMG_0076_00016.jpg,1841341,IMG_0076.jpg,3a49af3190bfc91a4acd093c2bc37adc,3000,4248,JPEG
IMG_0076_00017.jpg,2139663,IMG_0076.jpg,27e9a7a0fcb77040cce64497bd512295,3000,4248,JPEG
IMG_0076_00018.jpg,2021197,IMG_0076.jpg,56093469f903b10d71957b9826a52cd7,3000,4248,JPEG
IMG_0076_00019.jpg,1815478,IMG_0076.jpg,0cad3ad8b6293b577dcf664d6c970a43,3000,4248,JPEG
IMG_0076_00020.jpg,2112733,IMG_0076.jpg,28f973db35ae9e974851e706f4dda729,3000,4248,JPEG
IMG_0077_00001.jpg,1695874,IMG_0077.jpg,bd4068e38eb5b03d1227a21b9bf7ca18,1693,3186,JPEG
IMG_0077_00002.jpg,1647337,IMG_0077.jpg,a6ab499314be116fb9b90f296a619f7b,1693,3186,JPEG
IMG_0077_00003.jpg,1634316,IMG_0077.jpg,d676c67c47241d6079037858a29136f5,1693,3186,JPEG
IMG_0077_00004.jpg,1626914,IMG_0077.jpg,ac92edd91380d28ebd8d8179ec3c7058,1693,3186,JPEG
IMG_0077_00005.jpg,1766188,IMG_0077.jpg,f9965c6d552ef0b0b91f1f26c3e11531,1693,3186,JPEG
IMG_0077_00006.jpg,1704865,IMG_0077.jpg,a8328698a869305c5499e4024d3bc854,1693,3186,JPEG
IMG_0077_00007.jpg,1672346,IMG_0077.jpg,09db4b3bbca21c86ddc4740430624937,1693,3186,JPEG
IMG_0077_00008.jpg,1554437,IMG_0077.jpg,e0feba60c99ba166ac9c92d17f14daff,1693,3186,JPEG
IMG_0077_00009.jpg,1638419,IMG_0077.jpg,dccb39058763cf7c245b98b5120105b3,1693,3186,JPEG
IMG_0077_00010.jpg,1599402,IMG_0077.jpg,26adff153f86d615c4bd767d3c185d14,1693,3186,JPEG
IMG_0077_00011.jpg,1556046,IMG_0077.jpg,c8615053ba4e85318952ae44783eaf73,1693,3186,JPEG
IMG_0077_00012.jpg,1650512,IMG_0077.jpg,d456ad1abe1370c7a2b65c4a23c19dbb,1693,3186,JPEG
IMG_0077_00013.jpg,1714206,IMG_0077.jpg,d982912c00cfe88a5177d2cc89b40d87,1693,3186,JPEG
IMG_0077_00014.jpg,1662732,IMG_0077.jpg,4daa83c61596aa909fd30a0955a88e01,1693,3186,JPEG
IMG_0077_00015.jpg,1566375,IMG_0077.jpg,8ac90fec385849dfa1aa6cf87352a73e,1693,3186,JPEG
IMG_0077_00016.jpg,1558732,IMG_0077.jpg,5b9204456875ed75e34b583a79a38388,1693,3186,JPEG
IMG_0077_00017.jpg,1779985,IMG_0077.jpg,983c00f693b41a162785b3b93d8cdf11,1693,3186,JPEG
IMG_0077_00018.jpg,1657171,IMG_0077.jpg,15e80b2931c202857082e048ed051dc9,1693,3186,JPEG
IMG_0077_00019.jpg,1758639,IMG_0077.jpg,fd173ef195bfdb4d8387a66ae9dfb825,1693,3186,JPEG
IMG_0077_00020.jpg,1596797,IMG_0077.jpg,81efa1ef79945c5251735306d40b87bb,1693,3186,JPEG
IMG_0078_00001.jpg,949711,IMG_0078.jpg,9f3b5ecc2f469f56484210af9678498a,2512,1063,JPEG
IMG_0078_00002.jpg,1153887,IMG_0078.jpg,27c719eda610e26b612c55539cd94abd,2512,1063,JPEG
IMG_0078_00003.jpg,1080938,IMG_0078.jpg,f8fcfdf5d03b2517b8eec12fe98ada3e,2512,1063,JPEG
IMG_0078_00004.jpg,1234170,IMG_0078.jpg,4af854066d4f4a55439542a4d9327e7c,2512,1063,JPEG
IMG_0078_00005.jpg,1016194,IMG_0078.jpg,dd84a5ca2aaf64ae84219fec81f6b2c4,2512,1063,JPEG
IMG_0078_00006.jpg,1146998,IMG_0078.jpg,3df7e556eea8b5f5ede5e0b96b8b39d4,2512,1063,JPEG
IMG_0078_00007.jpg,1237512,IMG_0078.jpg,de504d9627f8fe1e950c684c569f8a73,2512,1063,JPEG
IMG_0078_00008.jpg,1204731,IMG_0078.jpg,bff974ffb2b5fb52b2de3524e01ef21b,2512,1063,JPEG
IMG_0078_00009.jpg,1041828,IMG_0078.jpg,f1fb2283e56a6e896b6474c30cc854e1,2512,1063,JPEG
IMG_0078_00010.jpg,1034089,IMG_0078.jpg,b91a65d93e73496e331f401997e5689c,2512,1063,JPEG
IMG_0078_00011.jpg,1134161,IMG_0078.jpg,1d4fc53a8a4f42a6552c6e3abe6cd315,2512,1063,JPEG
IMG_0078_00012.jpg,1209288,IMG_0078.jpg,c7692e167b933fb621cc93aa46d865cc,2512,1063,JPEG
IMG_0078_00013.jpg,1039589,IMG_0078.jpg,7c6c009fcfba9bd8de24ae4898386484,2512,1063,JPEG
IMG_0078_00014.jpg,952118,IMG_0078.jpg,e28c45b5b6f5a7cacdf509e8f161c6eb,2512,1063,JPEG
IMG_0078_00015.jpg,985450,IMG_0078.jpg,d7d1086e44d08add61275ce070d6c8ad,2512,1063,JPEG
IMG_0078_00016.jpg,1139321,IMG_0078.jpg,1a5851222b8c30ba04a1c7fdcf082469,2512,1063,JPEG
IMG_0078_00017.jpg,1132861,IMG_0078.jpg,0fbb60a03ceaa2b8286fe2823d5d7a02,2512,1063,JPEG
IMG_0078_00018.jpg,1039865,IMG_0078.jpg,2083677e74c14a586c83a4b2279593b6,2512,1063,JPEG
IMG_0078_00019.jpg,1044895,IMG_0078.jpg,04b26b0e8aa09de3853204f5ebf625fa,2512,1063,JPEG
IMG_0078_00020.jpg,980438,IMG_0078.jpg,c9bf9bb0cac8728bf8b5b4ae89153fa6,2512,1063,JPEG
IMG_0079_00001.jpg,1516361,IMG_0079.jpg,bf7af0b2a0006828bcc238f974df33ce,2343,2183,JPEG
IMG_0079_00002.jpg,1267229,IMG_0079.jpg,e06db74701d450b1a30951e9346e3d54,2343,2183,JPEG
IMG_0079_00003.jpg,1248040,IMG_0079.jpg,5dc4f138e368e5be6ccaf3cdae284eec,2343,2183,JPEG
IMG_0079_00004.jpg,1395479,IMG_0079.jpg,e65bdef3d30590c381a2cf0f3459ec49,2343,2183,JPEG
IMG_0079_00005.jpg,1260122,IMG_0079.jpg,c519f6dc4a5a4f4c87b1af90a4743c67,2343,2183,JPEG
IMG_0079_00006.jpg,1130928,IMG_0079.jpg,954de2d573fef8ab7a65231b16f01bd8,2343,2183,JPEG
IMG_0079_00007.jpg,1537431,IMG_0079.jpg,bddd043bcec165e488cc30b8b9d5662f,2343,2183,JPEG
IMG_0079_00008.jpg,1385942,IMG_0079.jpg,bb261d3cba564d5deacf7515dc45b668,2343,2183,JPEG
IMG_0079_00009.jpg,1231540,IMG_0079.jpg,2d4892d084de9d32c067578d67337433,2343,2183,JPEG
IMG_0079_00010.jpg,1273771,IMG_0079.jpg,1754f0c05e41748461ed43c56e13f9d6,2343,2183,JPEG
IMG_0079_00011.jpg,1133990,IMG_0079.jpg,650f4c981a5e02690ed0a78fc33ba655,2343,2183,JPEG
IMG_0079_00012.jpg,1429280,IMG_0079.jpg,273299d5de9f7b42ec0534e076f8057f,2343,2183,JPEG
IMG_0079_00013.jpg,1487566,IMG_0079.jpg,5a1519856f5aed84d27511c8a13f9dde,2343,2183,JPEG
IMG_0079_00014.jpg,1348170,IMG_0079.jpg,fb75be2fb8d2e2d355a828b041dae672,2343,2183,JPEG
IMG_0079_00015.jpg,1303444,IMG_0079.jpg,41a61d4f6f6a70a5ed8e83677b596911,2343,2183,JPEG
IMG_0079_00016.jpg,1380360,IMG_0079.jpg,4b60ebff0c45637f30749cbc87b25c65,2343,2183,JPEG
IMG_0079_00017.jpg,1280148,IMG_0079.jpg,0192eb8ccbf4972577ae97925402f68c,2343,2183,JPEG
IMG_0079_00018.jpg,1251071,IMG_0079.jpg,bfd4092a26ec65e73026dd4f1a8ed1ee,2343,2183,JPEG
IMG_0079_00019.jpg,1222260,IMG_0079.jpg,3bef24a617e6bf7ff347d330ff614ca8,2343,2183,JPEG
IMG_0079_00020.jpg,1298472,IMG_0079.jpg,ece7eb49f25f82dc8978cfe310f0fe36,2343,2183,JPEG
IMG_0080_00001.jpg,2511602,IMG_0080.jpg,1cfb28c97dfe753ca152adc03d6768e6,2621,3135,JPEG
IMG_0080_00002.jpg,2521569,IMG_0080.jpg,34ccbd7d2cbb46c0d030a1e26fb66e08,2621,3135,JPEG
IMG_0080_00003.jpg,2619591,IMG_0080.jpg,04a13e16ab8a63b75304761fe3dc7cb8,2621,3135,JPEG
IMG_0080_00004.jpg,2293236,IMG_0080.jpg,e440f234cb1b1810c826e3a36925654e,2621,3135,JPEG
IMG_0080_00005.jpg,2420575,IMG_0080.jpg,f06e8735ee4681d5431dcae86365a1ef,2621,3135,JPEG
IMG_0080_00006.jpg,2628542,IMG_0080.jpg,f3b8f028d6dc8226608fe28cf94799cd,2621,3135,JPEG
IMG_0080_00007.jpg,2286370,IMG_0080.jpg,ad9e1b5eafc1c89690500ac5f3708ab1,2621,3135,JPEG
IMG_0080_00008.jpg,2655307,IMG_0080.jpg,2f0adf49f96584bb0ae189f36f477dd4,2621,3135,JPEG
IMG_0080_00009.jpg,2446548,IMG_0080.jpg,45f9dcbe3a06ffa462cdeaefe5c583e2,2621,3135,JPEG
IMG_0080_00010.jpg,2297862,IMG_0080.jpg,eb683e548cba999e9b511a9b72462bea,2621,3135,JPEG
IMG_0080_00011.jpg,2229126,IMG_0080.jpg,f92a4557395a9f02f885da54689f26e0,2621,3135,JPEG
IMG_0080_00012.jpg,2292831,IMG_0080.jpg,8cd84aa54f0c66b2dc1136a39e16cdf0,2621,3135,JPEG
IMG_0080_00013.jpg,2452196,IMG_0080.jpg,68e757c41a57eb3cd2b2ece16bf710d0,2621,3135,JPEG
IMG_0080_00014.jpg,2359750,IMG_0080.jpg,6e658cd507a01dceeb5bcb2088235a13,2621,3135,JPEG
IMG_0080_00015.jpg,2402790,IMG_0080.jpg,661a73c3bd4a2a0f2d744d1842a90b87,2621,3135,JPEG
IMG_0080_00016.jpg,2372659,IMG_0080.jpg,4d065e1fec5cf1028568285f4caccf39,2621,3135,JPEG
IMG_0080_00017.jpg,2441541,IMG_0080.jpg,6dce5685eb244743aba313cd4ddd3d89,2621,3135,JPEG
IMG_0080_00018.jpg,2485957,IMG_0080.jpg,339edbae294c8799e63f3e16283eb753,2621,3135,JPEG
IMG_0080_00019.jpg,2451304,IMG_0080.jpg,cda100cec4c2a6170800e142512bbf55,2621,3135,JPEG
IMG_0080_00020.jpg,2488757,IMG_0080.jpg,135e94bc164c9ecf830e6a394c64e917,2621,3135,JPEG
IMG_0081_00001.jpg,1389127,IMG_0081.jpg,05a4ea74fa83884dfd12ecf1c6dc749e,2224,2488,JPEG
IMG_0081_00002.jpg,1507026,IMG_0081.jpg,423c5bb5d218c9721a9a1640e3b4fa55,2224,2488,JPEG
IMG_0081_00003.jpg,1523490,IMG_0081.jpg,5192b56a1ad0ff6a55cf74fc8cf56f85,2224,2488,JPEG
IMG_0081_00004.jpg,1584554,IMG_0081.jpg,45be0b4d191db031143188a27633f50f,2224,2488,JPEG
IMG_0081_00005.jpg,1392180,IMG_0081.jpg,34a94a60af7ec5e7b3f8b91bc2fed255,2224,2488,JPEG
IMG_0081_00006.jpg,1558355,IMG_0081.jpg,0019f188655c7b7e4010187e5e064798,2224,2488,JPEG
IMG_0081_00007.jpg,1623813,IMG_0081.jpg,aa684f65bec5250342355f66796ea896,2224,2488,JPEG
IMG_0081_00008.jpg,1402968,IMG_0081.jpg,990a7ed6e1e1d5004dcfc50ca97b2d39,2224,2488,JPEG
IMG_0081_00009.jpg,1634103,IMG_0081.jpg,8577e0ddd42d69cbb82c635e4254d359,2224,2488,JPEG
IMG_0081_00010.jpg,1432254,IMG_0081.jpg,03a6e1f91bd7f20f2552201276b663d6,2224,2488,JPEG
IMG_0081_00011.jpg,1436686,IMG_0081.jpg,7dc34c2e5464adc7557f70f0a680947b,2224,2488,JPEG
IMG_0081_00012.jpg,1413847,IMG_0081.jpg,711ea5eb073a00afbac6eb48cf7d4198,2224,2488,JPEG
IMG_0081_00013.jpg,1525604,IMG_0081.jpg,816092edf8313eaba56e6703ef4722f8,2224,2488,JPEG
IMG_0081_00014.jpg,1597073,IMG_0081.jpg,e0409fa931aa901cacb1ded7f0fd5190,2224,2488,JPEG
IMG_0081_00015.jpg,1817844,IMG_0081.jpg,0a3e883d26c1c4196b77e7e67a8a8c52,2224,2488,JPEG
IMG_0081_00016.jpg,1488034,IMG_0081.jpg,a84d19608307161c43ea94b08151f538,2224,2488,JPEG
IMG_0081_00017.jpg,1430739,IMG_0081.jpg,99c4fb3a789c9f1fbe90fe10c688770c,2224,2488,JPEG
IMG_0081_00018.jpg,1517716,IMG_0081.jpg,786c52a36fe1ba54e902369cff884f2f,2224,2488,JPEG
IMG_0081_00019.jpg,1365019,IMG_0081.jpg,028c0d9e451d4a683cf1821abd46d72c,2224,2488,JPEG
IMG_0081_00020.jpg,1508738,IMG_0081.jpg,74ba8c7109b5f6b5d875db81b430157b,2224,2488,JPEG
IMG_0082_00001.jpg,1822303,IMG_0082.jpg,06ccca7f276196f63753d8bae1643c27,2235,2820,JPEG
IMG_0082_00002.jpg,1731933,IMG_0082.jpg,b819c2ccba20e15a369f2fcde6d3d5cf,2235,2820,JPEG
IMG_0082_00003.jpg,1689121,IMG_0082.jpg,31abc08be133fff13e6b293d8c8d5ce3,2235,2820,JPEG
IMG_0082_00004.jpg,1604921,IMG_0082.jpg,7ee27403edd246d3146bd1bc611b19dd,2235,2820,JPEG
IMG_0082_00005.jpg,1520053,IMG_0082.jpg,31e553f2728a2101e5235108977b94f7,2235,2820,JPEG
IMG_0082_00006.jpg,1600231,IMG_0082.jpg,3d70beccc2727fbe5eb0d81ab9ef16c2,2235,2820,JPEG
IMG_0082_00007.jpg,1723034,IMG_0082.jpg,a43a6be57b32f6b160e90c8c507558b5,2235,2820,JPEG
IMG_0082_00008.jpg,1671350,IMG_0082.jpg,6bf88f313258f1ae93f6ad162bf03c14,2235,2820,JPEG
IMG_0082_00009.jpg,1504632,IMG_0082.jpg,02f8a74fb20e164f9bd81bf8c380b4fc,2235,2820,JPEG
IMG_0082_00010.jpg,1584789,IMG_0082.jpg,8138f7b80d440c1363816981f3c6b0a5,2235,2820,JPEG
IMG_0082_00011.jpg,1592376,IMG_0082.jpg,3366e7210e4e3eb3a466bdb903778daf,2235,2820,JPEG
IMG_0082_00012.jpg,1574438,IMG_0082.jpg,0fcb7fba170f91075dc513ae3336190e,2235,2820,JPEG
IMG_0082_00013.jpg,1605265,IMG_0082.jpg,52ba8406018f6bdcba0ae2343801ba5e,2235,2820,JPEG
IMG_0082_00014.jpg,1657100,IMG_0082.jpg,3347ed81996f025308b9cbd2bc59bc5e,2235,2820,JPEG
IMG_0082_00015.jpg,1606348,IMG_0082.jpg,bfa56ab66099a3ff7420300592e70069,2235,2820,JPEG
IMG_0082_00016.jpg,1806761,IMG_0082.jpg,327b2ad9bb4e5fabb162e386c9bb224e,2235,2820,JPEG
IMG_0082_00017.jpg,1612097,IMG_0082.jpg,671895fbe8013d503c7d1104584cc0f1,2235,2820,JPEG
IMG_0082_00018.jpg,1621952,IMG_0082.jpg,85a3aae749235beaa2bd7f15c6f589a5,2235,2820,JPEG
IMG_0082_00019.jpg,1512303,IMG_0082.jpg,0f5dea8121aa0725817894bd2ee9c4a0,2235,2820,JPEG
IMG_0082_00020.jpg,1443784,IMG_0082.jpg,f7cdfe2e86eca1f306be4d71d9e76d0e,2235,2820,JPEG
IMG_0083_00001.jpg,645840,IMG_0083.jpg,5629c854bf1347adc3b007bf9da01f69,2090,1214,JPEG
IMG_0083_00002.jpg,709659,IMG_0083.jpg,93fca6aeaf0134671810ffbafc91dcfb,2090,1214,JPEG
IMG_0083_00003.jpg,668114,IMG_0083.jpg,69a57e80956b8e74a6bb2512382d8fcb,2090,1214,JPEG
IMG_0083_00004.jpg,726429,IMG_0083.jpg,1d8d7749352e030cba3baf486f6e0434,2090,1214,JPEG
IMG_0083_00005.jpg,664462,IMG_0083.jpg,29108344e71a20bfaf0d346a9f1c0e15,2090,1214,JPEG
IMG_0083_00006.jpg,732767,IMG_0083.jpg,47e29db5baa3b42c4986cf26ac0aff14,2090,1214,JPEG
IMG_0083_00007.jpg,751030,IMG_0083.jpg,197b1e2e390c749b9f28e73ef884f9e0,2090,1214,JPEG
IMG_0083_00008.jpg,742660,IMG_0083.jpg,1dbac2e7aee02e0057ed449fea7fbf1b,2090,1214,JPEG
IMG_0083_00009.jpg,628461,IMG_0083.jpg,7a0cfcc0497da97e2c86f8b5932d5c3b,2090,1214,JPEG
IMG_0083_00010.jpg,882728,IMG_0083.jpg,4a4dbd63b5532a723a5a70bdfc3905b0,2090,1214,JPEG
IMG_0083_00011.jpg,735571,IMG_0083.jpg,a61a11f7b956acf528a2a9a99c223d5e,2090,1214,JPEG
IMG_0083_00012.jpg,880496,IMG_0083.jpg,2ef51f3053c5deb4b6dede309d576c78,2090,1214,JPEG
IMG_0083_00013.jpg,648505,IMG_0083.jpg,e71d19cc89ea95052566349095d7ced0,2090,1214,JPEG
IMG_0083_00014.jpg,736640,IMG_0083.jpg,020e5eff88535e6732adf9368a422e6e,2090,1214,JPEG
IMG_0083_00015.jpg,748233,IMG_0083.jpg,4be30dd420e5e3bb54f3849a4be5f891,2090,1214,JPEG
IMG_0083_00016.jpg,668686,IMG_0083.jpg,932eeff459ff6bf4c31da7f8e78fcf1e,2090,1214,JPEG
IMG_0083_00017.jpg,891745,IMG_0083.jpg,f1945ff72b06d64c504ccfe8e5c6b65b,2090,1214,JPEG
IMG_0083_00018.jpg,711459,IMG_0083.jpg,59df54593982af026d2c0513e64a800b,2090,1214,JPEG
IMG_0083_00019.jpg,680186,IMG_0083.jpg,c28310ddfe521328ff2b31d834e7a4a1,2090,1214,JPEG
IMG_0083_00020.jpg,907326,IMG_0083.jpg,e4e0e3f17be5c11600691fa7882198f6,2090,1214,JPEG
IMG_0084_00001.jpg,2539755,IMG_0084.jpg,deb432b6916e32c4c295c1c83b83b2cf,2504,3390,JPEG
IMG_0084_00002.jpg,2647388,IMG_0084.jpg,3d8b2e42fe7ff5cc915bb8ccf4ecc41b,2504,3390,JPEG
IMG_0084_00003.jpg,2508828,IMG_0084.jpg,1be6a2af2bb197f2d4aa160ea296aced,2504,3390,JPEG
IMG_0084_00004.jpg,2842589,IMG_0084.jpg,e2b5916bc50b5a89a72d0f266a42b579,2504,3390,JPEG
IMG_0084_00005.jpg,2630825,IMG_0084.jpg,739aa7790772b6eb4b5c4dd7d67eda33,2504,3390,JPEG
IMG_0084_00006.jpg,2643984,IMG_0084.jpg,f20c6e3ace0160090e1afef1c7de58fc,2504,3390,JPEG
IMG_0084_00007.jpg,2637389,IMG_0084.jpg,c9f9383e68ce7c29ab3a15ff632eecab,2504,3390,JPEG
IMG_0084_00008.jpg,2542891,IMG_0084.jpg,678c611c0a7e5688c255695f7d75ed32,2504,3390,JPEG
IMG_0084_00009.jpg,2517801,IMG_0084.jpg,74580d5fcfbbdaab3a6b50bae321a30d,2504,3390,JPEG
IMG_0084_00010.jpg,2605970,IMG_0084.jpg,7379caa84c65cd08293f473fec82eadd,2504,3390,JPEG
IMG_0084_00011.jpg,2880215,IMG_0084.jpg,4f06fa31d6f4ab37c8e9c1bcc1580c9d,2504,3390,JPEG
IMG_0084_00012.jpg,2546661,IMG_0084.jpg,e2874c5a9e17907c853e4e80249e8b19,2504,3390,JPEG
IMG_0084_00013.jpg,2691101,IMG_0084.jpg,c889e4f2d83ca8b201ed9076514e82ee,2504,3390,JPEG
IMG_0084_00014.jpg,2712069,IMG_0084.jpg,52a57aa5e43746a65d6d8b383095f16e,2504,3390,JPEG
IMG_0084_00015.jpg,2628789,IMG_0084.jpg,3f37a5afc883c3f1c6ebc25675e23efd,2504,3390,JPEG
IMG_0084_00016.jpg,2825508,IMG_0084.jpg,de36e77ef490d7eb909dca554d92535e,2504,3390,JPEG
IMG_0084_00017.jpg,2532572,IMG_0084.jpg,b5bbf2890f0e485aa27d89f84760a396,2504,3390,JPEG
IMG_0084_00018.jpg,2948389,IMG_0084.jpg,eb2ca4eabf8fd864c4cf75984ae7e674,2504,3390,JPEG
IMG_0084_00019.jpg,2659195,IMG_0084.jpg,9b956c325eea88fc4891d87f274380bd,2504,3390,JPEG
IMG_0084_00020.jpg,2527110,IMG_0084.jpg,a4d1aee6e50a56eb4d928d2fa29e7aad,2504,3390,JPEG
IMG_0085_00001.jpg,1549281,IMG_0085.jpg,19d2a42b6555a886a14cbe8501eac165,2482,3480,JPEG
IMG_0085_00002.jpg,1532658,IMG_0085.jpg,c753711ebe3233339d11fd28788db1d0,2482,3480,JPEG
IMG_0085_00003.jpg,1541489,IMG_0085.jpg,73a5bb127b9e4f4d0beee3aa47ea8969,2482,3480,JPEG
IMG_0085_00004.jpg,1452422,IMG_0085.jpg,21c8ac3a6a187fc154d9bdc6699ae061,2482,3480,JPEG
IMG_0085_00005.jpg,1558240,IMG_0085.jpg,23e89dbf832c0c20df1cf4568b8f810e,2482,3480,JPEG
IMG_0085_00006.jpg,1673768,IMG_0085.jpg,120fdbeddb73dc94d8f54dc9098a534b,2482,3480,JPEG
IMG_0085_00007.jpg,1662339,IMG_0085.jpg,b71e2f117d62ef4c17ae2f4cc2978fee,2482,3480,JPEG
IMG_0085_00008.jpg,1563145,IMG_0085.jpg,3650611c8dc49b5d958327445d4cee5a,2482,3480,JPEG
IMG_0085_00009.jpg,1463395,IMG_0085.jpg,3ef8046ad3bd1a10fff52b0726e35ced,2482,3480,JPEG
IMG_0085_00010.jpg,1603452,IMG_0085.jpg,a715c25b5ed01b1eb0059512b94a9c68,2482,3480,JPEG
IMG_0085_00011.jpg,1595933,IMG_0085.jpg,6bdf902ebbd284ffdf8fcccb7a78a9bc,2482,3480,JPEG
IMG_0085_00012.jpg,1727885,IMG_0085.jpg,3f94be8d201e5ef7fc7700c37b861f9a,2482,3480,JPEG
IMG_0085_00013.jpg,1603716,IMG_0085.jpg,5886d7ebfe6f5fc62ea35304ede84cfd,2482,3480,JPEG
IMG_0085_00014.jpg,1479033,IMG_0085.jpg,66248ae91cfbf96144279aecf2c27b93,2482,3480,JPEG
IMG_0085_00015.jpg,1497487,IMG_0085.jpg,85dc5a284344d25fac5b4f962cfaded0,2482,3480,JPEG
IMG_0085_00016.jpg,1732653,IMG_0085.jpg,986e2a28afbf3964effffa4bfa8c2919,2482,3480,JPEG
IMG_0085_00017.jpg,1624423,IMG_0085.jpg,1623b04341f182a2ae5c058219720c99,2482,3480,JPEG
IMG_0085_00018.jpg,1408307,IMG_0085.jpg,5860ffbe01331f14b8cafe252594d879,2482,3480,JPEG
IMG_0085_00019.jpg,1731738,IMG_0085.jpg,e36ea9b2460dc23b40284ea67e360957,2482,3480,JPEG
IMG_0085_00020.jpg,1433636,IMG_0085.jpg,2c6f284f515a57ab0637f0a22c671b3a,2482,3480,JPEG
IMG_0086_00001.jpg,1629619,IMG_0086.jpg,804161fc4c43dc93e2a9ad61a6a0873a,2547,3585,JPEG
IMG_0086_00002.jpg,1583983,IMG_0086.jpg,89daa2aa48403a2eb85330c4d3528cbe,2547,3585,JPEG
IMG_0086_00003.jpg,1591330,IMG_0086.jpg,bf3f8a06459843fa001a56a97c329ba0,2547,3585,JPEG
IMG_0086_00004.jpg,1542992,IMG_0086.jpg,56387d251ca99b8ae14fb76e280e1716,2547,3585,JPEG
IMG_0086_00005.jpg,1799796,IMG_0086.jpg,38f9a8da7b521106aa9fe11dbb641562,2547,3585,JPEG
IMG_0086_00006.jpg,1611733,IMG_0086.jpg,0ce1ae0bbee464e53ff4221df9fc4832,2547,3585,JPEG
IMG_0086_00007.jpg,1662075,IMG_0086.jpg,026b2097b616348c58752793e352d3e0,2547,3585,JPEG
IMG_0086_00008.jpg,1460323,IMG_0086.jpg,e96fc49e6482bd74596feb2c6eed5b9a,2547,3585,JPEG
IMG_0086_00009.jpg,1710019,IMG_0086.jpg,46d6ce000ba944844d69044a3e7f2f1e,2547,3585,JPEG
IMG_0086_00010.jpg,1951104,IMG_0086.jpg,5c4ebc486de4c416e563e39023f6c267,2547,3585,JPEG
IMG_0086_00011.jpg,1480037,IMG_0086.jpg,2a412fd84ff0325510efa25504116609,2547,3585,JPEG
IMG_0086_00012.jpg,1472850,IMG_0086.jpg,00c0e80a123b65ad50e17bfe2bfb0951,2547,3585,JPEG
IMG_0086_00013.jpg,1702177,IMG_0086.jpg,8064c35ef18dacb362740aa4d62d183d,2547,3585,JPEG
IMG_0086_00014.jpg,1606708,IMG_0086.jpg,1d83dc3735834665bf50626293dcdde7,2547,3585,JPEG
IMG_0086_00015.jpg,1508969,IMG_0086.jpg,ef6f614e42dd4d269301910857ab6715,2547,3585,JPEG
IMG_0086_00016.jpg,1623570,IMG_0086.jpg,7ca46604f70d5688908fdb2c6fe4a9da,2547,3585,JPEG
IMG_0086_00017.jpg,1764647,IMG_0086.jpg,44c8a4a685471aa2ea6f5236554494b6,2547,3585,JPEG
IMG_0086_00018.jpg,1563573,IMG_0086.jpg,e5a328ddeaa7e5adc86f691da8fac95e,2547,3585,JPEG
IMG_0086_00019.jpg,1526865,IMG_0086.jpg,765fef3f26e3395de9a585147ad3f7ed,2547,3585,JPEG
IMG_0086_00020.jpg,1676380,IMG_0086.jpg,1cdc4797980b2c10065860b42ec72533,2547,3585,JPEG
IMG_0087_00001.jpg,862462,IMG_0087.jpg,c4185932c678cfeed4e008e5d688ca95,1373,2807,JPEG
IMG_0087_00002.jpg,847390,IMG_0087.jpg,1975e36943f44acae2053dfa2f4a738a,1373,2807,JPEG
IMG_0087_00003.jpg,844293,IMG_0087.jpg,6864b0dfc48b6cee47bf2d3c76ef695b,1373,2807,JPEG
IMG_0087_00004.jpg,737563,IMG_0087.jpg,8b478b1451c0696208bb36b5847449fb,1373,2807,JPEG
IMG_0087_00005.jpg,823560,IMG_0087.jpg,1cc7c11f360f0fa97b2b52a3e9fa884e,1373,2807,JPEG
IMG_0087_00006.jpg,779213,IMG_0087.jpg,318c5c5e37845b7e6d9c7de500d7e906,1373,2807,JPEG
IMG_0087_00007.jpg,844394,IMG_0087.jpg,00eea8e4e63a05dd8169aeb20165813e,1373,2807,JPEG
IMG_0087_00008.jpg,767719,IMG_0087.jpg,d917ab9cb80a9c1edd8502620ae9f0fd,1373,2807,JPEG
IMG_0087_00009.jpg,766971,IMG_0087.jpg,e9a0d5e6ee2067aecba83b7a3017e656,1373,2807,JPEG
IMG_0087_00010.jpg,876040,IMG_0087.jpg,96fdbbcaeeac04854efbb883caea380a,1373,2807,JPEG
IMG_0087_00011.jpg,839298,IMG_0087.jpg,30e45a57d459ff2d1404056ed3414a0b,1373,2807,JPEG
IMG_0087_00012.jpg,889400,IMG_0087.jpg,dd8a28d900efeb3396fd5ea710e86bed,1373,2807,JPEG
IMG_0087_00013.jpg,924003,IMG_0087.jpg,cd136386c60f385366938324d755734a,1373,2807,JPEG
IMG_0087_00014.jpg,864875,IMG_0087.jpg,96332333293b2b5b8844eab8eaf36cdd,1373,2807,JPEG
IMG_0087_00015.jpg,770365,IMG_0087.jpg,1aa6ba5d71750dbbf64d2bcd0f7935c9,1373,2807,JPEG
IMG_0087_00016.jpg,814339,IMG_0087.jpg,a5507c5c4b90b244240fddb4bf26e556,1373,2807,JPEG
IMG_0087_00017.jpg,840487,IMG_0087.jpg,36f35ed6ce4b536367d07d1209b947c3,1373,2807,JPEG
IMG_0087_00018.jpg,787667,IMG_0087.jpg,835641ea6631c8ef99358db410eb7aae,1373,2807,JPEG
IMG_0087_00019.jpg,831615,IMG_0087.jpg,44abebc71ccdfda5ed46482cb45c186f,1373,2807,JPEG
IMG_0087_00020.jpg,822473,IMG_0087.jpg,a7c5537308070d3c560f12dc4644ace1,1373,2807,JPEG
IMG_0088_00001.jpg,1036454,IMG_0088.jpg,a9f8514f21ef370b2830f7f5b68292bf,1988,3119,JPEG
IMG_0088_00002.jpg,1011572,IMG_0088.jpg,0c84311525d9d712ab88fc931eac7b08,1988,3119,JPEG
IMG_0088_00003.jpg,999854,IMG_0088.jpg,cae28f0a70c5816f1b0e488b13a85077,1988,3119,JPEG
IMG_0088_00004.jpg,1098445,IMG_0088.jpg,f5b630e516f07d5712e246744eb4c5ec,1988,3119,JPEG
IMG_0088_00005.jpg,932593,IMG_0088.jpg,705c8575c04d9d629a115651f9b23758,1988,3119,JPEG
IMG_0088_00006.jpg,1012339,IMG_0088.jpg,775326474ba1b740fff778f30095c7fc,1988,3119,JPEG
IMG_0088_00007.jpg,1105992,IMG_0088.jpg,9539c7a0c3e3f5b5bc57c215f69eb824,1988,3119,JPEG
IMG_0088_00008.jpg,1046855,IMG_0088.jpg,a250909ac4aed379f545a660c133f3f5,1988,3119,JPEG
IMG_0088_00009.jpg,1108083,IMG_0088.jpg,44a8a2ab42695200ad5411ad08853305,1988,3119,JPEG
IMG_0088_00010.jpg,946591,IMG_0088.jpg,0015d4f2c558dfc4b63c18f1aa44613d,1988,3119,JPEG
IMG_0088_00011.jpg,1017059,IMG_0088.jpg,b96ea27701ba7a5f692306a505695559,1988,3119,JPEG
IMG_0088_00012.jpg,1136414,IMG_0088.jpg,4cfdb0d733e3530a16907ef2c5b8a084,1988,3119,JPEG
IMG_0088_00013.jpg,999748,IMG_0088.jpg,b152984182375a296933b90da2307f3d,1988,3119,JPEG
IMG_0088_00014.jpg,981337,IMG_0088.jpg,efae9b5d13e4141d536eec712b1b816f,1988,3119,JPEG
IMG_0088_00015.jpg,1020421,IMG_0088.jpg,43a00c0e88927810d42fd298f877e45e,1988,3119,JPEG
IMG_0088_00016.jpg,950540,IMG_0088.jpg,135345e012117c9d4700e26391940f7a,1988,3119,JPEG
IMG_0088_00017.jpg,1107281,IMG_0088.jpg,7989055fc70a50151df9dd30da6c8de6,1988,3119,JPEG
IMG_0088_00018.jpg,1003357,IMG_0088.jpg,aad6c81929fd0e8d6b73af9f8eec6a86,1988,3119,JPEG
IMG_0088_00019.jpg,902074,IMG_0088.jpg,ccdc11588b3bdb1eb46c87436d5fb4ed,1988,3119,JPEG
IMG_0088_00020.jpg,982531,IMG_0088.jpg,57aaa2daf744a9806980c2d3cabaa258,1988,3119,JPEG
IMG_0089_00001.jpg,1340600,IMG_0089.jpg,3178a41db2709e3f30067fd36090ab76,2396,3436,JPEG
IMG_0089_00002.jpg,1539890,IMG_0089.jpg,586cde0ee54dc79b98f830bac227de08,2396,3436,JPEG
IMG_0089_00003.jpg,1496445,IMG_0089.jpg,eb7d141fb6b0c02d6ee503fe1dc6768a,2396,3436,JPEG
IMG_0089_00004.jpg,1475612,IMG_0089.jpg,4fa00150afcd57aa64b3770b6a9e1c72,2396,3436,JPEG
IMG_0089_00005.jpg,1500977,IMG_0089.jpg,f6f038bc6261968bef6189ed86750f01,2396,3436,JPEG
IMG_0089_00006.jpg,1246888,IMG_0089.jpg,50b5eaadc321e6ca8fceb1b1563ffdce,2396,3436,JPEG
IMG_0089_00007.jpg,1549973,IMG_0089.jpg,0c92341919aed85763f411bdc9a2c41d,2396,3436,JPEG
IMG_0089_00008.jpg,1340388,IMG_0089.jpg,0a62a6be1f619cdb21fb7c6cb313f312,2396,3436,JPEG
IMG_0089_00009.jpg,1485847,IMG_0089.jpg,3f444386d9f32d14b4049143e3f66f90,2396,3436,JPEG
IMG_0089_00010.jpg,1498753,IMG_0089.jpg,e2355c5df5ed5234ae705117889fc9fc,2396,3436,JPEG
IMG_0089_00011.jpg,1470319,IMG_0089.jpg,a69e9415ce51c99ac9ef9b841ed9390b,2396,3436,JPEG
IMG_0089_00012.jpg,1456220,IMG_0089.jpg,a24bb74f149a333768528b2658801ac0,2396,3436,JPEG
IMG_0089_00013.jpg,1329441,IMG_0089.jpg,1c82883c54a34a2827e2e715f5e833b2,2396,3436,JPEG
IMG_0089_00014.jpg,1272178,IMG_0089.jpg,55a04dba4a20bf20e3c9e18640ffebe6,2396,3436,JPEG
IMG_0089_00015.jpg,1397588,IMG_0089.jpg,1f9230a5083204f0e816ccb24fe5064a,2396,3436,JPEG
IMG_0089_00016.jpg,1400983,IMG_0089.jpg,84732bf13b39e5bcfb4f0bf811048bdf,2396,3436,JPEG
IMG_0089_00017.jpg,1386792,IMG_0089.jpg,7b07248a0a1188b26d35f37b74d9e12f,2396,3436,JPEG
IMG_0089_00018.jpg,1293107,IMG_0089.jpg,8cab2a291800588068c430803eb75874,2396,3436,JPEG
IMG_0089_00019.jpg,1284489,IMG_0089.jpg,f5b7dbda2d64cd8f90c18ffecccf8ae6,2396,3436,JPEG
IMG_0089_00020.jpg,1458081,IMG_0089.jpg,e371b0a2f3db4211d7c45c87cdee9622,2396,3436,JPEG
IMG_0090_00001.jpg,1361575,IMG_0090.jpg,d7c358a6278b26339aa6142124c65abd,1704,3232,JPEG
IMG_0090_00002.jpg,1208672,IMG_0090.jpg,f9dc886a4b4367ab59dbc83d8748e7ab,1704,3232,JPEG
IMG_0090_00003.jpg,1218427,IMG_0090.jpg,0115d176401d171a0afef19427f8cc45,1704,3232,JPEG
IMG_0090_00004.jpg,1250560,IMG_0090.jpg,830ffdbd772a21446ca9c2a18137da55,1704,3232,JPEG
IMG_0090_00005.jpg,1416485,IMG_0090.jpg,7a21c74bc57f2addecfee9beae59fc55,1704,3232,JPEG
IMG_0090_00006.jpg,1251253,IMG_0090.jpg,aae5ef1337c3ebe8169799d3d747a235,1704,3232,JPEG
IMG_0090_00007.jpg,1464353,IMG_0090.jpg,cf4ef3938cab3fbd94a4848ec4e42878,1704,3232,JPEG
IMG_0090_00008.jpg,1308382,IMG_0090.jpg,03d1dfe59df14ef7c2b286fdd95444e6,1704,3232,JPEG
IMG_0090_00009.jpg,1243393,IMG_0090.jpg,9ebc28ddd39b0a912d45e66f94ed44e1,1704,3232,JPEG
IMG_0090_00010.jpg,1283857,IMG_0090.jpg,9d13121f4428af34c9b1237eae6e05a8,1704,3232,JPEG
IMG_0090_00011.jpg,1300458,IMG_0090.jpg,17307f3cd9b7537246327977e5759f00,1704,3232,JPEG
IMG_0090_00012.jpg,1240056,IMG_0090.jpg,51a63b0dbaffca9924a97d8a5bcdd2d1,1704,3232,JPEG
IMG_0090_00013.jpg,1283609,IMG_0090.jpg,a51aa3f1e9f307f51015a3c09025d8d7,1704,3232,JPEG
IMG_0090_00014.jpg,1304586,IMG_0090.jpg,dd764b0569459cdd9712f49d57511d09,1704,3232,JPEG
IMG_0090_00015.jpg,1258893,IMG_0090.jpg,7c71aacd47ee9d3da2c5e5e4ac8fdb65,1704,3232,JPEG
IMG_0090_00016.jpg,1429307,IMG_0090.jpg,512a01719bfc6865ec85eea1e4c84c3d,1704,3232,JPEG
IMG_0090_00017.jpg,1259809,IMG_0090.jpg,ccb2f0a15f7912319792de0b21abeed7,1704,3232,JPEG
IMG_0090_00018.jpg,1260263,IMG_0090.jpg,af65a0b14fc0710f07968e999882eef2,1704,3232,JPEG
IMG_0090_00019.jpg,1254319,IMG_0090.jpg,03bdc74f5e5813ccfd969c08b02e88b9,1704,3232,JPEG
IMG_0090_00020.jpg,1238533,IMG_0090.jpg,9c503efe5d69e2a55c15ab70556156fe,1704,3232,JPEG
IMG_0091_00001.jpg,3113170,IMG_0091.jpg,dc6c42059d05501ae781f238ff1a1c14,3084,5904,JPEG
IMG_0091_00002.jpg,3240339,IMG_0091.jpg,eafe8f1e6efe643c7a7df6f16d3dd6bd,3084,5904,JPEG
IMG_0091_00003.jpg,2977587,IMG_0091.jpg,3add41b28f3475361314ec1a927ef9fd,3084,5904,JPEG
IMG_0091_00004.jpg,3220999,IMG_0091.jpg,e4ec72ea6337c9dd9184e739eeef81be,3084,5904,JPEG
IMG_0091_00005.jpg,3197438,IMG_0091.jpg,1ca036bd792f84e5ef8ddcc7e50059fe,3084,5904,JPEG
IMG_0091_00006.jpg,2972112,IMG_0091.jpg,6b1dc7909bbe81d47c1ceb7bf50b23d5,3084,5904,JPEG
IMG_0091_00007.jpg,3242753,IMG_0091.jpg,475138f5afb1dbecf8245d8f57a10105,3084,5904,JPEG
IMG_0091_00008.jpg,3044112,IMG_0091.jpg,54fe47ac84a1eab93ba3d12a8f9bfc38,3084,5904,JPEG
IMG_0091_00009.jpg,3209232,IMG_0091.jpg,f994053fb316beed8f42022c106ea0ed,3084,5904,JPEG
IMG_0091_00010.jpg,3126309,IMG_0091.jpg,1ab6b0e4f99cf6b2df917ab093f70131,3084,5904,JPEG
IMG_0091_00011.jpg,3097671,IMG_0091.jpg,fb2140beba64ecfa29aea507cbc9a046,3084,5904,JPEG
IMG_0091_00012.jpg,3353978,IMG_0091.jpg,f4694c2800b30ac268924f3fcf4f8a8d,3084,5904,JPEG
IMG_0091_00013.jpg,3117319,IMG_0091.jpg,eed7ec1c26fb516dc2403bf9474f4d16,3084,5904,JPEG
IMG_0091_00014.jpg,3232397,IMG_0091.jpg,6e83b1345a2e66a5b3170d9021e643d3,3084,5904,JPEG
IMG_0091_00015.jpg,3182918,IMG_0091.jpg,1f6f31cca9002ad1b68bb77f16158e94,3084,5904,JPEG
IMG_0091_00016.jpg,3094514,IMG_0091.jpg,340a6f78aaab48d07cce1f092af1d334,3084,5904,JPEG
IMG_0091_00017.jpg,3016720,IMG_0091.jpg,f85b6bc58da99ec30c3cff47461e8971,3084,5904,JPEG
IMG_0091_00018.jpg,3208208,IMG_0091.jpg,78272205febb9b5b69be62442ae3e70d,3084,5904,JPEG
IMG_0091_00019.jpg,3037755,IMG_0091.jpg,6c354c05139b981f5935837db0fa083f,3084,5904,JPEG
IMG_0091_00020.jpg,3010340,IMG_0091.jpg,381f1dd319a399c74cd4b4686ce3af0a,3084,5904,JPEG
IMG_0092_00001.jpg,848478,IMG_0092.jpg,f420befa957e01f63a71f515e42434f8,2012,1543,JPEG
IMG_0092_00002.jpg,716701,IMG_0092.jpg,b6af3d5f6ff476ea421f48c6b6a08740,2012,1543,JPEG
IMG_0092_00003.jpg,764066,IMG_0092.jpg,aa8614af432a0a0ea8390317753e1ca0,2012,1543,JPEG
IMG_0092_00004.jpg,667764,IMG_0092.jpg,2b0838fc652e749d9028a47843525ad0,2012,1543,JPEG
IMG_0092_00005.jpg,787070,IMG_0092.jpg,2f0ff3891319ea246c79058be79f6af9,2012,1543,JPEG
IMG_0092_00006.jpg,776188,IMG_0092.jpg,87a06cc75cd76604d4f29456188315bf,2012,1543,JPEG
IMG_0092_00007.jpg,781712,IMG_0092.jpg,f157e7f7bedd9c750caa05334288769b,2012,1543,JPEG
IMG_0092_00008.jpg,749128,IMG_0092.jpg,26232f8716fb4106c98b04fac4bc3e26,2012,1543,JPEG
IMG_0092_00009.jpg,753109,IMG_0092.jpg,326011c612351ec886cd1c96f14dfd3d,2012,1543,JPEG
IMG_0092_00010.jpg,671649,IMG_0092.jpg,51756a59c509ed3b106bb6d880fcbdeb,2012,1543,JPEG
IMG_0092_00011.jpg,702422,IMG_0092.jpg,eee1d64ddc0e7e1dce139554fd973c5c,2012,1543,JPEG
IMG_0092_00012.jpg,616600,IMG_0092.jpg,39cc3362c1ca436f8b61c7fbea85e8db,2012,1543,JPEG
IMG_0092_00013.jpg,676251,IMG_0092.jpg,16a03d4f187e4f5cc1c5b4474387ff02,2012,1543,JPEG
IMG_0092_00014.jpg,724783,IMG_0092.jpg,f3938644af2b8ccee5c3c60d8a771063,2012,1543,JPEG
IMG_0092_00015.jpg,771520,IMG_0092.jpg,0b5b705addbeb0a55abbdadce0f537e9,2012,1543,JPEG
IMG_0092_00016.jpg,995025,IMG_0092.jpg,46496a9622bff81d8eb3d9e5cb0f24b8,2012,1543,JPEG
IMG_0092_00017.jpg,812478,IMG_0092.jpg,8d9918995e021c662fb2f50bd0508f57,2012,1543,JPEG
IMG_0092_00018.jpg,724087,IMG_0092.jpg,7628b08ffa1972b7e53fd93cc2e068b0,2012,1543,JPEG
IMG_0092_00019.jpg,728376,IMG_0092.jpg,aa73c2cfff695b3a9772362b58cd6533,2012,1543,JPEG
IMG_0092_00020.jpg,730289,IMG_0092.jpg,0a5e98cd7b255cd3c337736282d52fba,2012,1543,JPEG
IMG_0093_00001.jpg,1792359,IMG_0093.jpg,9d0df4263a715aa7d8b8126553454e35,1820,3278,JPEG
IMG_0093_00002.jpg,1829815,IMG_0093.jpg,af1e89c3cfcd2db2f5cb221b98b8fb7b,1820,3278,JPEG
IMG_0093_00003.jpg,1805745,IMG_0093.jpg,736b7205ea506bfbd8bb29215f82418a,1820,3278,JPEG
IMG_0093_00004.jpg,1840496,IMG_0093.jpg,0d904b107c269172f9db204ffbc98ade,1820,3278,JPEG
IMG_0093_00005.jpg,1775820,IMG_0093.jpg,bc7a305d37a443212ffbe5e1e461ff2c,1820,3278,JPEG
IMG_0093_00006.jpg,1749918,IMG_0093.jpg,a948f1e56c722e97f07e55d00006b559,1820,3278,JPEG
IMG_0093_00007.jpg,1871325,IMG_0093.jpg,5016dc756ccd024dda1898b1fe89365e,1820,3278,JPEG
IMG_0093_00008.jpg,1936826,IMG_0093.jpg,0c6d024eee5088477ff78a4c4b51778e,1820,3278,JPEG
IMG_0093_00009.jpg,1802052,IMG_0093.jpg,c4d1e13c9525342806c1ca4fbd9f3229,1820,3278,JPEG
IMG_0093_00010.jpg,1795474,IMG_0093.jpg,ca075ae7c9e440b99040edabe9bf75c6,1820,3278,JPEG
IMG_0093_00011.jpg,1775535,IMG_0093.jpg,98f67a32652fb44a7b4555b9280e949f,1820,3278,JPEG
IMG_0093_00012.jpg,1826167,IMG_0093.jpg,14c087f8ce71be7a0ed2917e02736451,1820,3278,JPEG
IMG_0093_00013.jpg,1716203,IMG_0093.jpg,88b7a16f39ad78028f955023953186de,1820,3278,JPEG
IMG_0093_00014.jpg,1858723,IMG_0093.jpg,9e175f9302c734879766fed95235b6d1,1820,3278,JPEG
IMG_0093_00015.jpg,1908278,IMG_0093.jpg,e2a38c1a6545f625220f5c67259ce2d7,1820,3278,JPEG
IMG_0093_00016.jpg,1906592,IMG_0093.jpg,9e41957a8c4dc2159cb2f0c1e23e6281,1820,3278,JPEG
IMG_0093_00017.jpg,1847425,IMG_0093.jpg,7993ba7dd51cb36f8758314d19aa13e5,1820,3278,JPEG
IMG_0093_00018.jpg,1838472,IMG_0093.jpg,f5e709b976521e4d4a1f795829c653bf,1820,3278,JPEG
IMG_0093_00019.jpg,1906479,IMG_0093.jpg,b196b21c8bb00558ea6e5dd5f6c94a9b,1820,3278,JPEG
IMG_0093_00020.jpg,1996685,IMG_0093.jpg,c84473ac61c4e854987c678d3541f43a,1820,3278,JPEG
IMG_0094_00001.jpg,3340973,IMG_0094.jpg,a1f21a897e912450e7ebda56c84e18bf,2912,4768,JPEG
IMG_0094_00002.jpg,3376527,IMG_0094.jpg,c73310c60a07b9622b26c7d7fffceea0,2912,4768,JPEG
IMG_0094_00003.jpg,3321907,IMG_0094.jpg,931b3fe5637a49345ef4a0bcf8abc1c7,2912,4768,JPEG
IMG_0094_00004.jpg,3259314,IMG_0094.jpg,c11b0837db39793aa6c0b73fd99cd810,2912,4768,JPEG
IMG_0094_00005.jpg,3372525,IMG_0094.jpg,be43d97f0437e5f3316c7b11ad03fdb6,2912,4768,JPEG
IMG_0094_00006.jpg,3726362,IMG_0094.jpg,17d78a96a0a4d27f8bfcff96782191d0,2912,4768,JPEG
IMG_0094_00007.jpg,3230945,IMG_0094.jpg,d4bf5558c5ed2c28e2dc1f56f2be28e7,2912,4768,JPEG
IMG_0094_00008.jpg,3280012,IMG_0094.jpg,2b44837173cf8afcaa8f82a6ef2b3c77,2912,4768,JPEG
IMG_0094_00009.jpg,3312759,IMG_0094.jpg,cf30f50ccf02716994a16aa2e9a741e2,2912,4768,JPEG
IMG_0094_00010.jpg,3318839,IMG_0094.jpg,e9c6f1de2c19faf023c8303f3ab48b05,2912,4768,JPEG
IMG_0094_00011.jpg,3646919,IMG_0094.jpg,0e002abfbb72ace46d27c62dfa2862fd,2912,4768,JPEG
IMG_0094_00012.jpg,3255518,IMG_0094.jpg,dd0923f0727e5f40fa961be8cd0104bb,2912,4768,JPEG
IMG_0094_00013.jpg,3435431,IMG_0094.jpg,4cc922603d93eda10eb1269d4be55c96,2912,4768,JPEG
IMG_0094_00014.jpg,3215121,IMG_0094.jpg,942b42f482e151aa8d16ba90794c1b0d,2912,4768,JPEG
IMG_0094_00015.jpg,3439102,IMG_0094.jpg,ace9d89977a1607f6b21d14d7b8172ac,2912,4768,JPEG
IMG_0094_00016.jpg,3136909,IMG_0094.jpg,114030e65f029c3859012fb87928028f,2912,4768,JPEG
IMG_0094_00017.jpg,3374552,IMG_0094.jpg,83ae6c972f2365370af52fdf482c03ca,2912,4768,JPEG
IMG_0094_00018.jpg,3234196,IMG_0094.jpg,057198a7498ba5e32b119575022a78e2,2912,4768,JPEG
IMG_0094_00019.jpg,3198636,IMG_0094.jpg,0a7d3711288d863e455d70a3251cc688,2912,4768,JPEG
IMG_0094_00020.jpg,3197303,IMG_0094.jpg,5744bc8e7b88c2150cc55eb67a96259c,2912,4768,JPEG
IMG_0095_00001.jpg,1681040,IMG_0095.jpg,c52988329c5d287ff5c5ef0a6ee071a1,1876,3310,JPEG
IMG_0095_00002.jpg,1723986,IMG_0095.jpg,cd036458fccd89261e2801a93f1c6862,1876,3310,JPEG
IMG_0095_00003.jpg,1731415,IMG_0095.jpg,351723f4293de5d924dfb3d4b530eafd,1876,3310,JPEG
IMG_0095_00004.jpg,2026676,IMG_0095.jpg,2d2b3b544d1688eaa963573f0eb77b0c,1876,3310,JPEG
IMG_0095_00005.jpg,1680622,IMG_0095.jpg,09be52288239ea491e4af278be94dd6e,1876,3310,JPEG
IMG_0095_00006.jpg,1762166,IMG_0095.jpg,7507941aa55d8da16960f8eef0a5413e,1876,3310,JPEG
IMG_0095_00007.jpg,1789381,IMG_0095.jpg,09b058270c06363e4cecf693537bc77d,1876,3310,JPEG
IMG_0095_00008.jpg,1752270,IMG_0095.jpg,f555b27564c2fe2f15ecd295adbbeab2,1876,3310,JPEG
IMG_0095_00009.jpg,1809502,IMG_0095.jpg,0f9e4ebaed630b2b017d8ea8e18c1986,1876,3310,JPEG
IMG_0095_00010.jpg,1789659,IMG_0095.jpg,28a2e24dd54b46efe8a8828ff8bc6a00,1876,3310,JPEG
IMG_0095_00011.jpg,1719079,IMG_0095.jpg,d6154ab4b61401c038692af39194a7e4,1876,3310,JPEG
IMG_0095_00012.jpg,1793958,IMG_0095.jpg,6c999e170ef46fa36c978ee9041ba219,1876,3310,JPEG
IMG_0095_00013.jpg,1891617,IMG_0095.jpg,5faebd78700a67438c14258ef3473526,1876,3310,JPEG
IMG_0095_00014.jpg,1908545,IMG_0095.jpg,e0529a40dded05d3a3c7ecc91bf1afdf,1876,3310,JPEG
IMG_0095_00015.jpg,1727049,IMG_0095.jpg,04aeae9de3738883de10faac7aa163d0,1876,3310,JPEG
IMG_0095_00016.jpg,1712172,IMG_0095.jpg,ec7ae7bb3d5357a7ad7ca6b9b3656bc6,1876,3310,JPEG
IMG_0095_00017.jpg,1762231,IMG_0095.jpg,5ad2f5f70c53518f6f99314a97045f11,1876,3310,JPEG
IMG_0095_00018.jpg,1710772,IMG_0095.jpg,06d871e3697cbe9fe815ed383eeb5e25,1876,3310,JPEG
IMG_0095_00019.jpg,1919139,IMG_0095.jpg,e30116b5b302557dd6baedcc60de12c4,1876,3310,JPEG
IMG_0095_00020.jpg,1992360,IMG_0095.jpg,67220715fce1a179fc24fbc8b6465a26,1876,3310,JPEG
IMG_0096_00001.jpg,3019885,IMG_0096.jpg,d2d1c620783ea47192e82faadaaab335,2260,4089,JPEG
IMG_0096_00002.jpg,3068820,IMG_0096.jpg,f356e7d7db05b26ba8a4fe5d5c7186dc,2260,4089,JPEG
IMG_0096_00003.jpg,2953548,IMG_0096.jpg,5ad1620368f1b47d775ac64de4adae38,2260,4089,JPEG
IMG_0096_00004.jpg,2868308,IMG_0096.jpg,d2bae592eb61af7c6f3d08f61ff246a6,2260,4089,JPEG
IMG_0096_00005.jpg,3116803,IMG_0096.jpg,02ab549d9fe86f438a10b973f9830653,2260,4089,JPEG
IMG_0096_00006.jpg,3148570,IMG_0096.jpg,99a0fa59ad6a7639561fbce535775225,2260,4089,JPEG
IMG_0096_00007.jpg,2852998,IMG_0096.jpg,c6a1a7015c5b0157e54c0e272c145e43,2260,4089,JPEG
IMG_0096_00008.jpg,2935652,IMG_0096.jpg,9f6e3a7fe3077befcf20edfb1ba139ea,2260,4089,JPEG
IMG_0096_00009.jpg,3001590,IMG_0096.jpg,bb4843c4baa188b4b8a1031409a7d149,2260,4089,JPEG
IMG_0096_00010.jpg,3011479,IMG_0096.jpg,21bf8efee8907ff4f0c991f42fccbfaa,2260,4089,JPEG
IMG_0096_00011.jpg,3117661,IMG_0096.jpg,fe3eebd25185fa2303c1dfc55bd0b593,2260,4089,JPEG
IMG_0096_00012.jpg,2899351,IMG_0096.jpg,03590be9eeded953ecc23fe468659e9a,2260,4089,JPEG
IMG_0096_00013.jpg,3013049,IMG_0096.jpg,2d6b63c48c5bdf585009192ad966f889,2260,4089,JPEG
IMG_0096_00014.jpg,3004591,IMG_0096.jpg,5f6e634c57617cbfd57a58df59357259,2260,4089,JPEG
IMG_0096_00015.jpg,2908811,IMG_0096.jpg,bc73ddeaa79a2dd72915337fb8b170c5,2260,4089,JPEG
IMG_0096_00016.jpg,3064554,IMG_0096.jpg,6204f456cbaf363f8a23d164b9707281,2260,4089,JPEG
IMG_0096_00017.jpg,2978688,IMG_0096.jpg,f6f73bdf7ae9b68a2d7487e618923e8b,2260,4089,JPEG
IMG_0096_00018.jpg,2867237,IMG_0096.jpg,bf019b6941803bb602b651b27b7e99af,2260,4089,JPEG
IMG_0096_00019.jpg,2924752,IMG_0096.jpg,28e7b1edad6cd3368b8739c804310da7,2260,4089,JPEG
IMG_0096_00020.jpg,2836513,IMG_0096.jpg,178512bcb563250fae0c1d56b1d95ace,2260,4089,JPEG
IMG_0097_00001.jpg,4551186,IMG_0097.jpg,e1ff2b559caaebb0e716b91b9e76fb03,2869,4161,JPEG
IMG_0097_00002.jpg,4286391,IMG_0097.jpg,4cf464ce07fb5b33d7bf48cb72b18c01,2869,4161,JPEG
IMG_0097_00003.jpg,4537741,IMG_0097.jpg,997b9fe91b162f27b26e6ca980c16ca7,2869,4161,JPEG
IMG_0097_00004.jpg,4503049,IMG_0097.jpg,4ab9a190a5f9167ce405c9f35a58eefc,2869,4161,JPEG
IMG_0097_00005.jpg,4385481,IMG_0097.jpg,9f5b170dc13e90ee5258b0d7a05a177f,2869,4161,JPEG
IMG_0097_00006.jpg,4306894,IMG_0097.jpg,eeb8344424ab965cc5deda087b747492,2869,4161,JPEG
IMG_0097_00007.jpg,4397076,IMG_0097.jpg,7158f2f31f23f6aaeb31f2db0a27bcc2,2869,4161,JPEG
IMG_0097_00008.jpg,4380062,IMG_0097.jpg,a9a8513979dce2b5930318f9f352498f,2869,4161,JPEG
IMG_0097_00009.jpg,4300405,IMG_0097.jpg,ae9eb1b645453f7b4ce89faef912aac0,2869,4161,JPEG
IMG_0097_00010.jpg,4336305,IMG_0097.jpg,9b2f205ecce6742262c52d947865764b,2869,4161,JPEG
IMG_0097_00011.jpg,4268046,IMG_0097.jpg,04fe95e4c35eb2c40c747f08f4897926,2869,4161,JPEG
IMG_0097_00012.jpg,4366887,IMG_0097.jpg,23d2f8cf73bfd8418c7f8f134835159c,2869,4161,JPEG
IMG_0097_00013.jpg,4266332,IMG_0097.jpg,4e5774e4cae6d539c8b34d859d3e9631,2869,4161,JPEG
IMG_0097_00014.jpg,4297696,IMG_0097.jpg,a2acac735fd7d3f6427ed8009c6d71fa,2869,4161,JPEG
IMG_0097_00015.jpg,4309467,IMG_0097.jpg,bffff35660f121e635e623621bfa3971,2869,4161,JPEG
IMG_0097_00016.jpg,4244140,IMG_0097.jpg,d96d278d6e43362c88af67cc2a68fe9b,2869,4161,JPEG
IMG_0097_00017.jpg,4394043,IMG_0097.jpg,bf51e1b5006dd725b99cd83350ae6175,2869,4161,JPEG
IMG_0097_00018.jpg,4334189,IMG_0097.jpg,4006296d2ce40cd5f6fd8be8c9c65cc8,2869,4161,JPEG
IMG_0097_00019.jpg,4414772,IMG_0097.jpg,2031b797f8436f2d82c8e5729bd412f8,2869,4161,JPEG
IMG_0097_00020.jpg,4443013,IMG_0097.jpg,c338b5d6f1313c830b27cfe6bb0d1f2b,2869,4161,JPEG
IMG_0098_00001.jpg,2145578,IMG_0098.jpg,1a3d5172c209f8c65272ccd87f530a7b,2843,1771,JPEG
IMG_0098_00002.jpg,2309065,IMG_0098.jpg,fd43a9dd119f7d11e0deea6374bc3e0c,2843,1771,JPEG
IMG_0098_00003.jpg,2140336,IMG_0098.jpg,699a3c3dd34db6324ad3beae6e2d987c,2843,1771,JPEG
IMG_0098_00004.jpg,2175332,IMG_0098.jpg,9b194058028ba556d4682c4eac159173,2843,1771,JPEG
IMG_0098_00005.jpg,2201047,IMG_0098.jpg,f8729c4abb4f45c522b903101192fba3,2843,1771,JPEG
IMG_0098_00006.jpg,2233582,IMG_0098.jpg,bc5f7265ed23fc130ebbd42ba9cdf903,2843,1771,JPEG
IMG_0098_00007.jpg,2306434,IMG_0098.jpg,46dd1698a768979e881e21428390f6b3,2843,1771,JPEG
IMG_0098_00008.jpg,2169812,IMG_0098.jpg,4da37a569b720f332285d88344cb30b3,2843,1771,JPEG
IMG_0098_00009.jpg,2283319,IMG_0098.jpg,b638c384a697a9f5a85b07866677a839,2843,1771,JPEG
IMG_0098_00010.jpg,2086137,IMG_0098.jpg,a62365d943eefbd3a15183a8a1d5ad7e,2843,1771,JPEG
IMG_0098_00011.jpg,2081198,IMG_0098.jpg,fc655770e1a019afda24d9a1b3b86c7c,2843,1771,JPEG
IMG_0098_00012.jpg,2134688,IMG_0098.jpg,56cb2ccbc0e6a401605238aec07fd45e,2843,1771,JPEG
IMG_0098_00013.jpg,2341411,IMG_0098.jpg,0fa101d45913fa88c6a240ea44c26901,2843,1771,JPEG
IMG_0098_00014.jpg,2081632,IMG_0098.jpg,0ccbbeb6129eda62db2d10670960bdf7,2843,1771,JPEG
IMG_0098_00015.jpg,2088411,IMG_0098.jpg,4f6eec817148babc6f5463de0aaae65f,2843,1771,JPEG
IMG_0098_00016.jpg,2290826,IMG_0098.jpg,fa9d5c990cb2abea864093c11b687972,2843,1771,JPEG
IMG_0098_00017.jpg,2436595,IMG_0098.jpg,8f918a5b13c84e440738cc5cc265ef11,2843,1771,JPEG
IMG_0098_00018.jpg,2220821,IMG_0098.jpg,538003878f0eacc65e5ba919e767dbc8,2843,1771,JPEG
IMG_0098_00019.jpg,2158227,IMG_0098.jpg,2f5fa4b595be5b42d8d01202c1730487,2843,1771,JPEG
IMG_0098_00020.jpg,2281449,IMG_0098.jpg,7fa80e187be793247087f0e8f8bdcedd,2843,1771,JPEG
IMG_0099_00001.jpg,2260574,IMG_0099.jpg,7590687a2310dbf1feddd433273271b5,1908,3640,JPEG
IMG_0099_00002.jpg,2157719,IMG_0099.jpg,a87c05cc965a470a97a112db92a85982,1908,3640,JPEG
IMG_0099_00003.jpg,2296786,IMG_0099.jpg,b788d19640ad518aa0fdc245e57e5a24,1908,3640,JPEG
IMG_0099_00004.jpg,2181146,IMG_0099.jpg,316a4ef4759083d31589e5e228825579,1908,3640,JPEG
IMG_0099_00005.jpg,2236674,IMG_0099.jpg,d5569058ae84526a739a8903762b4364,1908,3640,JPEG
IMG_0099_00006.jpg,2164050,IMG_0099.jpg,ade195a3de951eb14361aa1a41dee218,1908,3640,JPEG
IMG_0099_00007.jpg,2163818,IMG_0099.jpg,63c8a29553ccaa0d46269fa1a2bc7224,1908,3640,JPEG
IMG_0099_00008.jpg,2138809,IMG_0099.jpg,1ccc4753692accd795942f28a3763d8d,1908,3640,JPEG
IMG_0099_00009.jpg,2237439,IMG_0099.jpg,b725758cc9423b9444fec77093abbd72,1908,3640,JPEG
IMG_0099_00010.jpg,2439984,IMG_0099.jpg,33c9acdd9c6cef30caec0973de6dcfb1,1908,3640,JPEG
IMG_0099_00011.jpg,2310236,IMG_0099.jpg,c20b69c7fc8e5353f1e7a976af0d3bcb,1908,3640,JPEG
IMG_0099_00012.jpg,2250655,IMG_0099.jpg,373388fd77adc240689c9307bd6db6e9,1908,3640,JPEG
IMG_0099_00013.jpg,2317056,IMG_0099.jpg,ab0a546281cd634e20d2c85275c0adae,1908,3640,JPEG
IMG_0099_00014.jpg,2206295,IMG_0099.jpg,22b1568ca86f160c7589f9396b3036c0,1908,3640,JPEG
IMG_0099_00015.jpg,2227911,IMG_0099.jpg,b68a50cb4a568b6c1232e500a28a34ae,1908,3640,JPEG
IMG_0099_00016.jpg,2272850,IMG_0099.jpg,d27a168b45a18b63b4543a8966a35af2,1908,3640,JPEG
IMG_0099_00017.jpg,2342912,IMG_0099.jpg,c9572a896cca522aaa6a9db8164f62d3,1908,3640,JPEG
IMG_0099_00018.jpg,2166329,IMG_0099.jpg,de90accb1bf3f309e7c83267fedcf2cc,1908,3640,JPEG
IMG_0099_00019.jpg,2303268,IMG_0099.jpg,ef92d451ca4198d0fe3a3865abc215ff,1908,3640,JPEG
IMG_0099_00020.jpg,2186415,IMG_0099.jpg,f52d3e889594bb2c1b8c7b52c1fbc208,1908,3640,JPEG
IMG_0100_00001.jpg,3396332,IMG_0100.jpg,0c953a5f3069b2a2228091021da7a8e7,2700,3908,JPEG
IMG_0100_00002.jpg,3243223,IMG_0100.jpg,0fd7460d47d8fee1dd05e51d0049ff8f,2700,3908,JPEG
IMG_0100_00003.jpg,3228157,IMG_0100.jpg,e897ff94ded15b15738105feff535835,2700,3908,JPEG
IMG_0100_00004.jpg,3179108,IMG_0100.jpg,293378e87fcbf35ba26630d9b9cc44bd,2700,3908,JPEG
IMG_0100_00005.jpg,3249947,IMG_0100.jpg,be9a411d68e25d9175a9d5f438a386fb,2700,3908,JPEG
IMG_0100_00006.jpg,3383467,IMG_0100.jpg,d086535720991f6f68886948f6753251,2700,3908,JPEG
IMG_0100_00007.jpg,3271784,IMG_0100.jpg,0640f16c1208e4fe4c12dae12bf98ef0,2700,3908,JPEG
IMG_0100_00008.jpg,3171270,IMG_0100.jpg,94782d5dbdb37091f2a93afdbe0db05c,2700,3908,JPEG
IMG_0100_00009.jpg,3228685,IMG_0100.jpg,388e4af2be2780e7e1fdd82e5cb1351a,2700,3908,JPEG
IMG_0100_00010.jpg,3400586,IMG_0100.jpg,ed0f96eafb5b1b52a62e25c56ca1bd3e,2700,3908,JPEG
IMG_0100_00011.jpg,3345247,IMG_0100.jpg,cca9421cc97d079d58c9e77c1d73c996,2700,3908,JPEG
IMG_0100_00012.jpg,3146467,IMG_0100.jpg,2184eadb1b3a511883d67e73fb2f1197,2700,3908,JPEG
IMG_0100_00013.jpg,3561360,IMG_0100.jpg,258740b6400e34fb0b76825f23ea5d6c,2700,3908,JPEG
IMG_0100_00014.jpg,3329652,IMG_0100.jpg,442802c3460576a5cbbe971ff18a476a,2700,3908,JPEG
IMG_0100_00015.jpg,3376523,IMG_0100.jpg,e35e95848d9e22705c20fbf39369dab9,2700,3908,JPEG
IMG_0100_00016.jpg,3514163,IMG_0100.jpg,f4d0d689d1f2350ba8cce1dcecadfd86,2700,3908,JPEG
IMG_0100_00017.jpg,3300529,IMG_0100.jpg,3933da2d281ff1fdef75ab8ac553959b,2700,3908,JPEG
IMG_0100_00018.jpg,3217032,IMG_0100.jpg,1b10694ac63b3f3d2b9ff6bc82f4c704,2700,3908,JPEG
IMG_0100_00019.jpg,3170298,IMG_0100.jpg,28728749e4f7c4b4f2520f88afaa6f50,2700,3908,JPEG
IMG_0100_00020.jpg,3134503,IMG_0100.jpg,1a2a55e5e738bba007cbbe3f3feb2215,2700,3908,JPEG
IMG_0101_00001.jpg,4456168,IMG_0101.jpg,1871e2e6ff88c54cc2e6bebf94f19842,2299,6696,JPEG
IMG_0101_00002.jpg,4326234,IMG_0101.jpg,39b23ef09871ffa8a6dae1bfa9390a0d,2299,6696,JPEG
IMG_0101_00003.jpg,4383975,IMG_0101.jpg,0e619e7c3b299818f28590f362654f9d,2299,6696,JPEG
IMG_0101_00004.jpg,4538378,IMG_0101.jpg,484f81f1c70ba93a317179f520b0277d,2299,6696,JPEG
IMG_0101_00005.jpg,4350368,IMG_0101.jpg,fd9d147e04007d588a16a58333e4e6bc,2299,6696,JPEG
IMG_0101_00006.jpg,4319606,IMG_0101.jpg,040381e66d381310b5388f37c5321561,2299,6696,JPEG
IMG_0101_00007.jpg,4493356,IMG_0101.jpg,53e3960b57f452447090e2b52b372267,2299,6696,JPEG
IMG_0101_00008.jpg,4329504,IMG_0101.jpg,0caa1cb7f3795a21b4291c9d2847f8b7,2299,6696,JPEG
IMG_0101_00009.jpg,4325650,IMG_0101.jpg,2ac12500e2928da65a473a8e356833d7,2299,6696,JPEG
IMG_0101_00010.jpg,4431005,IMG_0101.jpg,58b009e593f0eaa5ae8715df82f02581,2299,6696,JPEG
IMG_0101_00011.jpg,4512533,IMG_0101.jpg,ee4becc9a4efb1a1c2c7a2ddac73aa1f,2299,6696,JPEG
IMG_0101_00012.jpg,4313385,IMG_0101.jpg,34fe05fa1de4265b29682ecfabd774fe,2299,6696,JPEG
IMG_0101_00013.jpg,4477391,IMG_0101.jpg,f8d6964a30c98cbf141ab7147a745681,2299,6696,JPEG
IMG_0101_00014.jpg,4475525,IMG_0101.jpg,9fb0b509d84cdd83f751be977fd071f1,2299,6696,JPEG
IMG_0101_00015.jpg,4413068,IMG_0101.jpg,1d0eb1f0e181ad75dbad76e91379dc5b,2299,6696,JPEG
IMG_0101_00016.jpg,4487259,IMG_0101.jpg,129d3524e6d9b976e82e853142ec034b,2299,6696,JPEG
IMG_0101_00017.jpg,4475554,IMG_0101.jpg,895da646c1ebc4ed51e5b00b45cc5270,2299,6696,JPEG
IMG_0101_00018.jpg,4712279,IMG_0101.jpg,0beacdbd0f8e1da738f17d81cebc93b3,2299,6696,JPEG
IMG_0101_00019.jpg,4379328,IMG_0101.jpg,0f6a835096ec15f6fea0662e786bfee6,2299,6696,JPEG
IMG_0101_00020.jpg,4541740,IMG_0101.jpg,1e94ead52fc4db37049adbdc86ada313,2299,6696,JPEG
IMG_0102_00001.jpg,3397594,IMG_0102.jpg,b5c2a48bfdeff3306a8bd8643fb13ffe,2153,7008,JPEG
IMG_0102_00002.jpg,3345261,IMG_0102.jpg,09db7c5ee9bf7920343e8bcc69cfbff3,2153,7008,JPEG
IMG_0102_00003.jpg,3229149,IMG_0102.jpg,e1af533233cd3a275cd8caae3b263b82,2153,7008,JPEG
IMG_0102_00004.jpg,3294452,IMG_0102.jpg,2cbf904b2eed5b513aa2d3646c9418aa,2153,7008,JPEG
IMG_0102_00005.jpg,3371038,IMG_0102.jpg,4000dfb6cf838ebf65a300e537662039,2153,7008,JPEG
IMG_0102_00006.jpg,3319547,IMG_0102.jpg,a784e630f4a524eea5594bffeb10e6e5,2153,7008,JPEG
IMG_0102_00007.jpg,3210488,IMG_0102.jpg,06d38ebc8052342dd334557e52207557,2153,7008,JPEG
IMG_0102_00008.jpg,3283266,IMG_0102.jpg,2f123e61dd2fed5a594e53958bf6b668,2153,7008,JPEG
IMG_0102_00009.jpg,3240286,IMG_0102.jpg,bf059baa892475e737bddd3c2a7fcc69,2153,7008,JPEG
IMG_0102_00010.jpg,3436069,IMG_0102.jpg,9686acb786ddeb4993c672798ee6404e,2153,7008,JPEG
IMG_0102_00011.jpg,3327834,IMG_0102.jpg,39d0ae0bb3565b2a2d6ed997fb0c37c2,2153,7008,JPEG
IMG_0102_00012.jpg,3345279,IMG_0102.jpg,ba5a91c51804ea6abb2e619f32a94caf,2153,7008,JPEG
IMG_0102_00013.jpg,3486483,IMG_0102.jpg,7e9d440f575f8dcd0e07cea612b7e44f,2153,7008,JPEG
IMG_0102_00014.jpg,3438842,IMG_0102.jpg,f30236748715f6024f2a61c990349c4b,2153,7008,JPEG
IMG_0102_00015.jpg,3269931,IMG_0102.jpg,87ae76d324ba5f45c37cdd60a194ab4a,2153,7008,JPEG
IMG_0102_00016.jpg,3461668,IMG_0102.jpg,744756a02595a971f867d40714b228a6,2153,7008,JPEG
IMG_0102_00017.jpg,3169373,IMG_0102.jpg,20d11c454ad69f60a46d8e2def928da0,2153,7008,JPEG
IMG_0102_00018.jpg,3369246,IMG_0102.jpg,6f04c0c2b6173f29546b141a04c2090b,2153,7008,JPEG
IMG_0102_00019.jpg,3279660,IMG_0102.jpg,fbd38069ab29eac3d98f630c02ed7500,2153,7008,JPEG
IMG_0102_00020.jpg,3230540,IMG_0102.jpg,d801011a83f16e02f96f916befca40f9,2153,7008,JPEG
IMG_0103_00001.jpg,4468383,IMG_0103.jpg,384cf7c2d7a4a3a6961c59db75527ece,3298,5263,JPEG
IMG_0103_00002.jpg,4556722,IMG_0103.jpg,8f71b9b52a133d2e2ff5775a75bfe28e,3298,5263,JPEG
IMG_0103_00003.jpg,4604682,IMG_0103.jpg,13bde3e5735bd7dc99d67ca383f21261,3298,5263,JPEG
IMG_0103_00004.jpg,4338128,IMG_0103.jpg,776d61c6c242529174431d3c889b4cdc,3298,5263,JPEG
IMG_0103_00005.jpg,4899488,IMG_0103.jpg,608da53fb6de16d4fe69c5dd1984b1b8,3298,5263,JPEG
IMG_0103_00006.jpg,4574056,IMG_0103.jpg,8bd14ebb19d36e1d821470cdb2b715e6,3298,5263,JPEG
IMG_0103_00007.jpg,4548961,IMG_0103.jpg,bcb6f8209d5738deda2b5d9c356388ed,3298,5263,JPEG
IMG_0103_00008.jpg,4354081,IMG_0103.jpg,17a774d42d490b0b2e3e6a7198e5f132,3298,5263,JPEG
IMG_0103_00009.jpg,4570296,IMG_0103.jpg,7a22bcb649b505c13fe1e39872797b74,3298,5263,JPEG
IMG_0103_00010.jpg,4519256,IMG_0103.jpg,00427cabf68adfa24f441c4e84d60c17,3298,5263,JPEG
IMG_0103_00011.jpg,4630637,IMG_0103.jpg,5b208129a5004c118c0a93ea16910355,3298,5263,JPEG
IMG_0103_00012.jpg,4385484,IMG_0103.jpg,935a70c46489ea54ba0e9b6f4beb1671,3298,5263,JPEG
IMG_0103_00013.jpg,4341715,IMG_0103.jpg,9a0810cafd370cf663ecb17177e8e794,3298,5263,JPEG
IMG_0103_00014.jpg,4326271,IMG_0103.jpg,73885b4e9055d9b7855fa7d8cd61bb96,3298,5263,JPEG
IMG_0103_00015.jpg,4409207,IMG_0103.jpg,a49a26baf9a6949b0282cf1f6684b6bf,3298,5263,JPEG
IMG_0103_00016.jpg,4315703,IMG_0103.jpg,d828dbaf520033a119ca6da2c97b36b1,3298,5263,JPEG
IMG_0103_00017.jpg,4508522,IMG_0103.jpg,b23f896623063310e3efde7a0a893775,3298,5263,JPEG
IMG_0103_00018.jpg,4455900,IMG_0103.jpg,9f514a6997f6f4f3100ace8a577c78f2,3298,5263,JPEG
IMG_0103_00019.jpg,4581480,IMG_0103.jpg,93893e71c1c454928a55ebfacb0baa70,3298,5263,JPEG
IMG_0103_00020.jpg,4503490,IMG_0103.jpg,73da22fd4d3eb5c061fc5efdfe8e1779,3298,5263,JPEG
IMG_0104_00001.jpg,4163668,IMG_0104.jpg,f182f4a8387b4c14839615d0f0e227f6,3276,5538,JPEG
IMG_0104_00002.jpg,4242531,IMG_0104.jpg,29a66fbd28bd1df3519dabe82110b483,3276,5538,JPEG
IMG_0104_00003.jpg,4281367,IMG_0104.jpg,4547d671bd61467b0b0565d8ed02150a,3276,5538,JPEG
IMG_0104_00004.jpg,4324295,IMG_0104.jpg,e86e9bcb998c8bbe7959bfebad0accfc,3276,5538,JPEG
IMG_0104_00005.jpg,4594130,IMG_0104.jpg,bc8fe69dc83953c1a5c5644809cedecd,3276,5538,JPEG
IMG_0104_00006.jpg,4411744,IMG_0104.jpg,cc429df4d55b2741ee77e23e08f71d05,3276,5538,JPEG
IMG_0104_00007.jpg,4206749,IMG_0104.jpg,fe52cc274b59a78c67ccd2fe1c00fea4,3276,5538,JPEG
IMG_0104_00008.jpg,4430905,IMG_0104.jpg,577ce1af0c384c258f3e304cab132a5b,3276,5538,JPEG
IMG_0104_00009.jpg,4411645,IMG_0104.jpg,e5ccf8fb8f07052a982c91298a3ae274,3276,5538,JPEG
IMG_0104_00010.jpg,4342957,IMG_0104.jpg,c6e4fee20243e1c6891515ecc493d4a4,3276,5538,JPEG
IMG_0104_00011.jpg,4395479,IMG_0104.jpg,8b02775410304145c60fe1083f2e3bb0,3276,5538,JPEG
IMG_0104_00012.jpg,4515307,IMG_0104.jpg,23952e2209c42acee42fdb6c1b09523f,3276,5538,JPEG
IMG_0104_00013.jpg,4072183,IMG_0104.jpg,fb2f6925c72203202757070e6ef927c5,3276,5538,JPEG
IMG_0104_00014.jpg,4200651,IMG_0104.jpg,7e440743ff7b60f199da055e1edf546f,3276,5538,JPEG
IMG_0104_00015.jpg,4218657,IMG_0104.jpg,2c96ec15b17e23e91915ce228bb73b80,3276,5538,JPEG
IMG_0104_00016.jpg,4724435,IMG_0104.jpg,34501439183788d146da8241116d4f49,3276,5538,JPEG
IMG_0104_00017.jpg,4138822,IMG_0104.jpg,8a2a2f0c59970362805831781a29c817,3276,5538,JPEG
IMG_0104_00018.jpg,4568087,IMG_0104.jpg,23b80c01c14f218e34a16b724291e734,3276,5538,JPEG
IMG_0104_00019.jpg,4237488,IMG_0104.jpg,6468da74f98bcea095380c3db99d7141,3276,5538,JPEG
IMG_0104_00020.jpg,4088611,IMG_0104.jpg,d8855502c5c76178bb533d3df8c1b6b4,3276,5538,JPEG
IMG_0105_00001.jpg,3647102,IMG_0105.jpg,1b206184b2e9659e39910d6360faa286,1794,6680,JPEG
IMG_0105_00002.jpg,3422249,IMG_0105.jpg,a0ac2addb4375239488a235ab043957b,1794,6680,JPEG
IMG_0105_00003.jpg,3460810,IMG_0105.jpg,ff55a4d440148569d2acb32161c5e2ce,1794,6680,JPEG
IMG_0105_00004.jpg,3474198,IMG_0105.jpg,a9db9be1321c8f53c3bdb21f01ecb9e2,1794,6680,JPEG
IMG_0105_00005.jpg,3413188,IMG_0105.jpg,c54cf181927ec843f3643745420fb820,1794,6680,JPEG
IMG_0105_00006.jpg,3432421,IMG_0105.jpg,53a768443dd7bbf759b1fa4bd7d7f3ff,1794,6680,JPEG
IMG_0105_00007.jpg,3457229,IMG_0105.jpg,d00bf2ba7e8d85e8cd9fa66d925e8510,1794,6680,JPEG
IMG_0105_00008.jpg,3410444,IMG_0105.jpg,aa03900550f15df7156062e7a0ea8b22,1794,6680,JPEG
IMG_0105_00009.jpg,3726035,IMG_0105.jpg,b2cbf229c8e6bfaa9b41d30b5e8e430b,1794,6680,JPEG
IMG_0105_00010.jpg,3410064,IMG_0105.jpg,9a91ed7facd1c0b94cf8cf30502cb143,1794,6680,JPEG
IMG_0105_00011.jpg,3471109,IMG_0105.jpg,42ad2a0a18da7d693fd02e4e3fdbc672,1794,6680,JPEG
IMG_0105_00012.jpg,3422504,IMG_0105.jpg,813c376f41fa00e29ecf156d9900d1cc,1794,6680,JPEG
IMG_0105_00013.jpg,3458756,IMG_0105.jpg,622ba3820577c9e05a221d74972de7d4,1794,6680,JPEG
IMG_0105_00014.jpg,3520743,IMG_0105.jpg,d6288f46762770c077b54483b6b1d922,1794,6680,JPEG
IMG_0105_00015.jpg,3493851,IMG_0105.jpg,feff8072cc9131a054234d9b38a860e1,1794,6680,JPEG
IMG_0105_00016.jpg,3454109,IMG_0105.jpg,b295221ece4db94751ac34feb74a0411,1794,6680,JPEG
IMG_0105_00017.jpg,3560379,IMG_0105.jpg,b6a508aee919d461d3823231a6a9a8cf,1794,6680,JPEG
IMG_0105_00018.jpg,3477250,IMG_0105.jpg,106a2ec76071bf1eb977a2be42725474,1794,6680,JPEG
IMG_0105_00019.jpg,3395875,IMG_0105.jpg,04863fae0813a8b313dda004ea31473f,1794,6680,JPEG
IMG_0105_00020.jpg,3461041,IMG_0105.jpg,9ac0b38052790384040cc81bc308c373,1794,6680,JPEG
IMG_0106_00001.jpg,5064184,IMG_0106.jpg,8367f2e35c900864b22bd0e686e38c68,2672,6870,JPEG
IMG_0106_00002.jpg,5031983,IMG_0106.jpg,628743711b7743cfbfc0486a732fe82f,2672,6870,JPEG
IMG_0106_00003.jpg,4959219,IMG_0106.jpg,cb5ed5a0767ce34dc2e36086a465b3fb,2672,6870,JPEG
IMG_0106_00004.jpg,4852147,IMG_0106.jpg,f031aae7ab0d04f5c77aea0a12c84fdd,2672,6870,JPEG
IMG_0106_00005.jpg,4955995,IMG_0106.jpg,b8305ccc0333e377cf8b307ccfe21ee6,2672,6870,JPEG
IMG_0106_00006.jpg,4833614,IMG_0106.jpg,ca41c48ff97f3d8cef4bf158a068ec95,2672,6870,JPEG
IMG_0106_00007.jpg,4774744,IMG_0106.jpg,818f1447bfa71f784a36aba3066abc2d,2672,6870,JPEG
IMG_0106_00008.jpg,4859203,IMG_0106.jpg,d515bc931fd220b54e339c7544f243c4,2672,6870,JPEG
IMG_0106_00009.jpg,4961578,IMG_0106.jpg,59c2ff3b48ca220bf80f3497ed388d65,2672,6870,JPEG
IMG_0106_00010.jpg,4828781,IMG_0106.jpg,aa4ecdf32c1d27a7e5191f814b9e0d44,2672,6870,JPEG
IMG_0106_00011.jpg,5009126,IMG_0106.jpg,7dbc8dc7360f135fbca29151127b2e04,2672,6870,JPEG
IMG_0106_00012.jpg,4887434,IMG_0106.jpg,09116f659d1b864d4e8a86a6e8e7d371,2672,6870,JPEG
IMG_0106_00013.jpg,5120524,IMG_0106.jpg,d6378e1036002e2070b72f47ed37ab38,2672,6870,JPEG
IMG_0106_00014.jpg,4845726,IMG_0106.jpg,2e506370c10033d6b395dcfa0b82681a,2672,6870,JPEG
IMG_0106_00015.jpg,5177318,IMG_0106.jpg,a7b48dec1afa0e19535a48c5f6c8caf3,2672,6870,JPEG
IMG_0106_00016.jpg,5047614,IMG_0106.jpg,2d9fd32ee5839e18f4505fdeb0d44e87,2672,6870,JPEG
IMG_0106_00017.jpg,4887062,IMG_0106.jpg,afe991784545676b13584d3566c2be99,2672,6870,JPEG
IMG_0106_00018.jpg,4887729,IMG_0106.jpg,81570214b512e7e65e51203cad83d95e,2672,6870,JPEG
IMG_0106_00019.jpg,4856778,IMG_0106.jpg,bbf18dfa23363f5cf117d122f4d2bbd2,2672,6870,JPEG
IMG_0106_00020.jpg,4818722,IMG_0106.jpg,6095d870f9b5e8bc56bdee7a8cb9a53a,2672,6870,JPEG
IMG_0107_00001.jpg,2838992,IMG_0107.jpg,38173ddba91470157bbd97b4770bb610,3592,2376,JPEG
IMG_0107_00002.jpg,2147681,IMG_0107.jpg,fa9e8174c9ab9f50d84fd28c8847308d,3592,2376,JPEG
IMG_0107_00003.jpg,2359245,IMG_0107.jpg,92e47329a2cbd99634236371dacc46e4,3592,2376,JPEG
IMG_0107_00004.jpg,2510725,IMG_0107.jpg,2349301c372e97e1e6690cd2976cb29c,3592,2376,JPEG
IMG_0107_00005.jpg,2230217,IMG_0107.jpg,6be612718f0c04673154bafbb1e15e9a,3592,2376,JPEG
IMG_0107_00006.jpg,2415536,IMG_0107.jpg,43ef7f3b1e4350628c41a68b5f60f158,3592,2376,JPEG
IMG_0107_00007.jpg,2430033,IMG_0107.jpg,deb5ef49db84e2cff1f00fc0f2fa4aeb,3592,2376,JPEG
IMG_0107_00008.jpg,2255508,IMG_0107.jpg,e545a57e1c9da5674ae25e817acf0b1b,3592,2376,JPEG
IMG_0107_00009.jpg,2467664,IMG_0107.jpg,8d52d750110c1719d865824092c9c2ed,3592,2376,JPEG
IMG_0107_00010.jpg,2371201,IMG_0107.jpg,f6f70c40cdaf9e8a745e75f16f025ca9,3592,2376,JPEG
IMG_0107_00011.jpg,2166315,IMG_0107.jpg,639454d1d622ff35b7d7af7af29050d9,3592,2376,JPEG
IMG_0107_00012.jpg,2049729,IMG_0107.jpg,b37e82337954b471f7b68066da8676fc,3592,2376,JPEG
IMG_0107_00013.jpg,2583489,IMG_0107.jpg,39e152aa1ac1b97c0537d8f694f9ed93,3592,2376,JPEG
IMG_0107_00014.jpg,2303860,IMG_0107.jpg,09660d1822999c4ba6fb950067995f57,3592,2376,JPEG
IMG_0107_00015.jpg,2303278,IMG_0107.jpg,f15f94d8348ee2f97cd0809e7d6c6f04,3592,2376,JPEG
IMG_0107_00016.jpg,2267329,IMG_0107.jpg,7ec7f7e8c5abcdcfef70edd6b3444838,3592,2376,JPEG
IMG_0107_00017.jpg,2234526,IMG_0107.jpg,7a7b4f92fbcb340efff435370dd052e8,3592,2376,JPEG
IMG_0107_00018.jpg,2505955,IMG_0107.jpg,ddb86d0262eee8eaf65355582107983b,3592,2376,JPEG
IMG_0107_00019.jpg,2165971,IMG_0107.jpg,f52f30057266c58b345f9b1ae28bf828,3592,2376,JPEG
IMG_0107_00020.jpg,2206674,IMG_0107.jpg,dc17f91dd3b291c3f5feb1e13a9f7705,3592,2376,JPEG
IMG_0114_00001.jpg,2965017,IMG_0114.jpg,3c0189640b247445dca9073322222999,3395,3040,JPEG
IMG_0114_00002.jpg,2973184,IMG_0114.jpg,5a5dabfe606b9bff13d925634d96d514,3395,3040,JPEG
IMG_0114_00003.jpg,2970059,IMG_0114.jpg,a50ee0d80d392a269145562e37c5fd1f,3395,3040,JPEG
IMG_0114_00004.jpg,2832525,IMG_0114.jpg,c89732b16ebea8e0c9745e3ae9eec487,3395,3040,JPEG
IMG_0114_00005.jpg,3051966,IMG_0114.jpg,e26eebd466cc4452fa462ea4723f5a9a,3395,3040,JPEG
IMG_0114_00006.jpg,2831200,IMG_0114.jpg,a76b57c5d2860ad45373a1cea7bfaaf5,3395,3040,JPEG
IMG_0114_00007.jpg,3032432,IMG_0114.jpg,35b6df62b6482ee16e8c45f62ae9856d,3395,3040,JPEG
IMG_0114_00008.jpg,2865493,IMG_0114.jpg,fe923f5591eed3b3ae2434bf115e6147,3395,3040,JPEG
IMG_0114_00009.jpg,3074504,IMG_0114.jpg,04343d858cfc583362bc7244121feb9e,3395,3040,JPEG
IMG_0114_00010.jpg,3040952,IMG_0114.jpg,c5b688068775ad225d4f54e70fbebd1f,3395,3040,JPEG
IMG_0114_00011.jpg,2879900,IMG_0114.jpg,c0bed94050ec98b165cea940985485d2,3395,3040,JPEG
IMG_0114_00012.jpg,2847874,IMG_0114.jpg,d0245f475f2f11ecee77c3f43a7c090c,3395,3040,JPEG
IMG_0114_00013.jpg,2807388,IMG_0114.jpg,bbe77cbe98c05bebf1e3ca1868696f81,3395,3040,JPEG
IMG_0114_00014.jpg,2862511,IMG_0114.jpg,d2c9f089933e7804eaa94c86bbf912aa,3395,3040,JPEG
IMG_0114_00015.jpg,2916561,IMG_0114.jpg,f79365c14ab2d8cbba1d246586078c78,3395,3040,JPEG
IMG_0114_00016.jpg,2957990,IMG_0114.jpg,c12b4c32b65e9708d038d2d544374bd1,3395,3040,JPEG
IMG_0114_00017.jpg,2996031,IMG_0114.jpg,1804ac9e2190d255f9a23f3edef59763,3395,3040,JPEG
IMG_0114_00018.jpg,3161414,IMG_0114.jpg,ac770608ba4966efc17e56f67b422b16,3395,3040,JPEG
IMG_0114_00019.jpg,2883511,IMG_0114.jpg,1e242e232b4d4bec8f46f5c884b2a178,3395,3040,JPEG
IMG_0114_00020.jpg,2920342,IMG_0114.jpg,e1862732ff459754bc235d2478b1511f,3395,3040,JPEG
IMG_0130_00001.jpg,3124512,IMG_0130.jpg,474b1b79ea90a57213e4288e4a6726f4,4203,3328,JPEG
IMG_0130_00002.jpg,3255788,IMG_0130.jpg,d450f4e29167b9e8ba542e8fc64f967a,4203,3328,JPEG
IMG_0130_00003.jpg,2923448,IMG_0130.jpg,72e69a782cc4206cb701ad4a28f5ece7,4203,3328,JPEG
IMG_0130_00004.jpg,3419586,IMG_0130.jpg,993a42ae53a7e8411f68e106ec0ef095,4203,3328,JPEG
IMG_0130_00005.jpg,3493260,IMG_0130.jpg,5de98944503180634a531b8fcae6557b,4203,3328,JPEG
IMG_0130_00006.jpg,3211863,IMG_0130.jpg,316731857a820ee2697940cc9060cff3,4203,3328,JPEG
IMG_0130_00007.jpg,3092303,IMG_0130.jpg,d7d7bdaa70ac80400804c43140660f27,4203,3328,JPEG
IMG_0130_00008.jpg,2825628,IMG_0130.jpg,78c23ba4b8d0893851d20bef35bb2f4f,4203,3328,JPEG
IMG_0130_00009.jpg,3300362,IMG_0130.jpg,952cd7768f7acb4780ae88c01510a8c3,4203,3328,JPEG
IMG_0130_00010.jpg,3009370,IMG_0130.jpg,00a6c3731031e8de18b594e47462edc3,4203,3328,JPEG
IMG_0130_00011.jpg,2904969,IMG_0130.jpg,1fb6d46ddbec162d5939a6d4ca4d7ab4,4203,3328,JPEG
IMG_0130_00012.jpg,3291229,IMG_0130.jpg,8033b7b865e08972b68c09e831cea4c0,4203,3328,JPEG
IMG_0130_00013.jpg,3185748,IMG_0130.jpg,e3a65c8097613a6fd3ab5a663bf9941c,4203,3328,JPEG
IMG_0130_00014.jpg,2984084,IMG_0130.jpg,db779ae91592a1fdce3576a1acfcd4bd,4203,3328,JPEG
IMG_0130_00015.jpg,2887402,IMG_0130.jpg,0de6947b77e46e5dc59aa1edea3d95eb,4203,3328,JPEG
IMG_0130_00016.jpg,3076016,IMG_0130.jpg,d57a1ef259673d8e543ffc126a953869,4203,3328,JPEG
IMG_0130_00017.jpg,3322851,IMG_0130.jpg,6c182760a3bb2dba2c6fc9a363f1f543,4203,3328,JPEG
IMG_0130_00018.jpg,2976843,IMG_0130.jpg,0be911f33eab1873ea438c3312f03c43,4203,3328,JPEG
IMG_0130_00019.jpg,2818273,IMG_0130.jpg,a052496175cfa5e7e6d92e4a550e4674,4203,3328,JPEG
IMG_0130_00020.jpg,3048378,IMG_0130.jpg,34c5648054940e3e1bd2a2a07714f982,4203,3328,JPEG
IMG_0131_00001.jpg,4606726,IMG_0131.jpg,76c88f5c36c98d8715daa0c512dac303,4104,4176,JPEG
IMG_0131_00002.jpg,4784248,IMG_0131.jpg,935fe044183767b0614ac007d525f4d5,4104,4176,JPEG
IMG_0131_00003.jpg,4453984,IMG_0131.jpg,1da382def0fbc8f12b364e5038366bfc,4104,4176,JPEG
IMG_0131_00004.jpg,4629780,IMG_0131.jpg,c021250b4722546d17f7108498d462a9,4104,4176,JPEG
IMG_0131_00005.jpg,4681163,IMG_0131.jpg,6473ed64c6b20ba4562049fc9e498ed0,4104,4176,JPEG
IMG_0131_00006.jpg,4494059,IMG_0131.jpg,cca0bfa4cd27d30a3fd7ea56e31085f0,4104,4176,JPEG
IMG_0131_00007.jpg,4972399,IMG_0131.jpg,956b463d6c474f3f537ddc79c244d14b,4104,4176,JPEG
IMG_0131_00008.jpg,4443492,IMG_0131.jpg,115070204680a299321b9221f855a7eb,4104,4176,JPEG
IMG_0131_00009.jpg,4889378,IMG_0131.jpg,a50b201bda3f8e5ba846a34d26ac382a,4104,4176,JPEG
IMG_0131_00010.jpg,4672248,IMG_0131.jpg,157f577f166f8000155a9c2022e68161,4104,4176,JPEG
IMG_0131_00011.jpg,4884716,IMG_0131.jpg,2761372af6a16e43fc03af06d198490e,4104,4176,JPEG
IMG_0131_00012.jpg,4586768,IMG_0131.jpg,7efbf7b9fa8eb9f658d698a0ecd0b068,4104,4176,JPEG
IMG_0131_00013.jpg,4574975,IMG_0131.jpg,abbafda9f4cc894026276e847a7984d0,4104,4176,JPEG
IMG_0131_00014.jpg,4401077,IMG_0131.jpg,a6ef18b26376a5cb173be66a02fa7817,4104,4176,JPEG
IMG_0131_00015.jpg,4619947,IMG_0131.jpg,0481c8fb200ab10cf67d477b9fb05423,4104,4176,JPEG
IMG_0131_00016.jpg,4468606,IMG_0131.jpg,8a550c1201c183e67fe47497bf62b205,4104,4176,JPEG
IMG_0131_00017.jpg,4590338,IMG_0131.jpg,4d9b5f47c49eb83b3e82885ca3b5dcb9,4104,4176,JPEG
IMG_0131_00018.jpg,4757220,IMG_0131.jpg,0b2138488559828e1b52859b6b94ae38,4104,4176,JPEG
IMG_0131_00019.jpg,4552183,IMG_0131.jpg,e7b0f5fb5c8f692dcf209aa463bb89ab,4104,4176,JPEG
IMG_0131_00020.jpg,4733943,IMG_0131.jpg,7be93efe11fb16e4df1600dc31e75006,4104,4176,JPEG
IMG_0132_00001.jpg,2872210,IMG_0132.jpg,c18acdaf9436204c041b709302b105ed,4261,2631,JPEG
IMG_0132_00002.jpg,2859636,IMG_0132.jpg,5dde6ac4ab60f44a61da81a2c0fd504e,4261,2631,JPEG
IMG_0132_00003.jpg,2839806,IMG_0132.jpg,77166ce6fbc7e8c52e41ac54d784dfcf,4261,2631,JPEG
IMG_0132_00004.jpg,3498779,IMG_0132.jpg,f78fa99a3846175394c4666b00548f29,4261,2631,JPEG
IMG_0132_00005.jpg,3191023,IMG_0132.jpg,86c1f3ad70cbd8725ed373ceb40df19c,4261,2631,JPEG
IMG_0132_00006.jpg,2786128,IMG_0132.jpg,248515fdbcabd3b4e64c944f527bb83a,4261,2631,JPEG
IMG_0132_00007.jpg,3012064,IMG_0132.jpg,f3a9d57a1c5f6d12bac0b51b8bbe40fa,4261,2631,JPEG
IMG_0132_00008.jpg,2702932,IMG_0132.jpg,c634ab83290582b6a2e30104a02e23f5,4261,2631,JPEG
IMG_0132_00009.jpg,2790474,IMG_0132.jpg,e56c0fe3e1debc6ebf14c030d4b40892,4261,2631,JPEG
IMG_0132_00010.jpg,3254797,IMG_0132.jpg,c2f2d8021beed1ad1ff619f01827b595,4261,2631,JPEG
IMG_0132_00011.jpg,2726923,IMG_0132.jpg,0291b796e1f1ee79ac1730b16803da88,4261,2631,JPEG
IMG_0132_00012.jpg,2922899,IMG_0132.jpg,8e8914bfda38c8028600079ca98dc259,4261,2631,JPEG
IMG_0132_00013.jpg,2878920,IMG_0132.jpg,b1ea2bc5f5c65536f20e0ace0e4ea716,4261,2631,JPEG
IMG_0132_00014.jpg,2947495,IMG_0132.jpg,1d4c32414350b737c05f07fabde66278,4261,2631,JPEG
IMG_0132_00015.jpg,3424805,IMG_0132.jpg,26f5840833f86e17a5109de281aa7496,4261,2631,JPEG
IMG_0132_00016.jpg,2828936,IMG_0132.jpg,4b3609468736439e1e0f1e15ad0f9cf8,4261,2631,JPEG
IMG_0132_00017.jpg,2888253,IMG_0132.jpg,880774001cc8552e06751788b93bade8,4261,2631,JPEG
IMG_0132_00018.jpg,2999674,IMG_0132.jpg,71087a98e5693e9655581e7db6e571ab,4261,2631,JPEG
IMG_0132_00019.jpg,3242728,IMG_0132.jpg,80119a38540e5f22d8ba841669f53744,4261,2631,JPEG
IMG_0132_00020.jpg,3111258,IMG_0132.jpg,f6a67c6c4256d8f001f8270a1ae089f4,4261,2631,JPEG
IMG_0137_00001.jpg,3457055,IMG_0137.jpg,e773c23bffad7c435f7a6db1185a4b7b,2736,5068,JPEG
IMG_0137_00002.jpg,3397262,IMG_0137.jpg,4c659a01ebc17a62c1de27e31aa7e095,2736,5068,JPEG
IMG_0137_00003.jpg,3711666,IMG_0137.jpg,b68aed9ecd7b621e0ce144d0e91438cc,2736,5068,JPEG
IMG_0137_00004.jpg,3651854,IMG_0137.jpg,a63550090d44fd49b2e9b04ab7a6b6af,2736,5068,JPEG
IMG_0137_00005.jpg,3419567,IMG_0137.jpg,b276536c07a41fe916ca45fa1252b97a,2736,5068,JPEG
IMG_0137_00006.jpg,3599130,IMG_0137.jpg,3e734c7fc6cc26125541a0d7f366e976,2736,5068,JPEG
IMG_0137_00007.jpg,3262467,IMG_0137.jpg,385e18b06792a9f7a76d7d782f3281d2,2736,5068,JPEG
IMG_0137_00008.jpg,3298716,IMG_0137.jpg,de20637a9128f51895f72061e14b5b9b,2736,5068,JPEG
IMG_0137_00009.jpg,3435901,IMG_0137.jpg,33b4d6641085ff6c5dffaf35772ec24d,2736,5068,JPEG
IMG_0137_00010.jpg,3335217,IMG_0137.jpg,6cdaa51504c0db30856cd9432228e807,2736,5068,JPEG
IMG_0137_00011.jpg,3370263,IMG_0137.jpg,5a2a9e7b9f680fee2d14c48db4cd356a,2736,5068,JPEG
IMG_0137_00012.jpg,3356838,IMG_0137.jpg,19b9428de52b57e0178656330c176aa3,2736,5068,JPEG
IMG_0137_00013.jpg,3315657,IMG_0137.jpg,3340b5f27481dceff392a5c22f07cfc6,2736,5068,JPEG
IMG_0137_00014.jpg,3368233,IMG_0137.jpg,3de548426fdab211f15c3fa0d57750c7,2736,5068,JPEG
IMG_0137_00015.jpg,3473686,IMG_0137.jpg,98e4ec1733a696a01349d947dee82ce7,2736,5068,JPEG
IMG_0137_00016.jpg,3658639,IMG_0137.jpg,ac89181ecad2a8bde3c2d320a85141c2,2736,5068,JPEG
IMG_0137_00017.jpg,3399080,IMG_0137.jpg,1e520b12e24fe0935230bfdbeabe646a,2736,5068,JPEG
IMG_0137_00018.jpg,3450607,IMG_0137.jpg,4c69641c1c5fb726df4e91078a9a586a,2736,5068,JPEG
IMG_0137_00019.jpg,3758335,IMG_0137.jpg,ef5ae1e592703723c924397b3079bd97,2736,5068,JPEG
IMG_0137_00020.jpg,3600803,IMG_0137.jpg,9ac887591665434877395f6ce0ebb655,2736,5068,JPEG
IMG_0139_00001.jpg,2227277,IMG_0139.jpg,f273e3a74b184482b3d113d81dc3489e,2964,2905,JPEG
IMG_0139_00002.jpg,2506417,IMG_0139.jpg,ac2303defe1257630abcc28dc3bc1065,2964,2905,JPEG
IMG_0139_00003.jpg,2330303,IMG_0139.jpg,eb2e948e93e499859acba3d30705c4ea,2964,2905,JPEG
IMG_0139_00004.jpg,2282944,IMG_0139.jpg,ebac1a319ef64e2ffc76164e8c2b74c6,2964,2905,JPEG
IMG_0139_00005.jpg,2319901,IMG_0139.jpg,f507f18c24e419beb7c5d96682027188,2964,2905,JPEG
IMG_0139_00006.jpg,2425103,IMG_0139.jpg,ad182a088d000693643c2d61def7fb84,2964,2905,JPEG
IMG_0139_00007.jpg,2362375,IMG_0139.jpg,27427f1fcd2f983f4614fd0c5ba37c27,2964,2905,JPEG
IMG_0139_00008.jpg,2325292,IMG_0139.jpg,60ce18e835ce684c8165c777d54a5f0e,2964,2905,JPEG
IMG_0139_00009.jpg,2409101,IMG_0139.jpg,eb5ebbdd4b1ac805130cc95eff1a9a29,2964,2905,JPEG
IMG_0139_00010.jpg,2540057,IMG_0139.jpg,156e66d1d91fcd0d499eb04baa335c58,2964,2905,JPEG
IMG_0139_00011.jpg,2718527,IMG_0139.jpg,fae8ac7f2bb9705510b91b7a25eea310,2964,2905,JPEG
IMG_0139_00012.jpg,2311727,IMG_0139.jpg,41dbe77e6b31fbed4386eb3b4d21215d,2964,2905,JPEG
IMG_0139_00013.jpg,2330502,IMG_0139.jpg,b9879990614e43f41069c3aa6e77f41e,2964,2905,JPEG
IMG_0139_00014.jpg,2288812,IMG_0139.jpg,936b9b2daccfa8e949eec5dea193b5ab,2964,2905,JPEG
IMG_0139_00015.jpg,2386803,IMG_0139.jpg,523dfa1b63d59de9c1bcb3d605005ab2,2964,2905,JPEG
IMG_0139_00016.jpg,2402750,IMG_0139.jpg,aa0b4a46ad745564bfbc4b599c06548b,2964,2905,JPEG
IMG_0139_00017.jpg,2314896,IMG_0139.jpg,4fc34e3c8fea2ae35289e51185be1d96,2964,2905,JPEG
IMG_0139_00018.jpg,2333660,IMG_0139.jpg,2a95b6ed664406eefcafd159619ff494,2964,2905,JPEG
IMG_0139_00019.jpg,2674397,IMG_0139.jpg,b0188f0ae561714012f0a573b1930664,2964,2905,JPEG
IMG_0139_00020.jpg,2313511,IMG_0139.jpg,a493af7f399301e13c3b859cd04c92b7,2964,2905,JPEG
IMG_0141_00001.jpg,2222763,IMG_0141.jpg,5e5f3ad566d2ac0c8c9a0be131c7e40d,2594,3337,JPEG
IMG_0141_00002.jpg,2119200,IMG_0141.jpg,656ad3ed19c2038a27f4d584a707a64f,2594,3337,JPEG
IMG_0141_00003.jpg,2138401,IMG_0141.jpg,80c1d10eb1892e8b5a9ccb5a9d6d768f,2594,3337,JPEG
IMG_0141_00004.jpg,2059505,IMG_0141.jpg,d218e67db764259010bbc0a4ee1fa905,2594,3337,JPEG
IMG_0141_00005.jpg,2168269,IMG_0141.jpg,6903239b2978e19a602815528d113b0c,2594,3337,JPEG
IMG_0141_00006.jpg,2161911,IMG_0141.jpg,0bd373f05939a98d8f193dc551ed3501,2594,3337,JPEG
IMG_0141_00007.jpg,2224990,IMG_0141.jpg,1e3ec31d0f6dbe50c7c05e1b4d69a9f5,2594,3337,JPEG
IMG_0141_00008.jpg,2192793,IMG_0141.jpg,6260b5d6bcbbaa913cb9aa028d3f29ee,2594,3337,JPEG
IMG_0141_00009.jpg,2071413,IMG_0141.jpg,5a599ebac9fd74bef291a55de2f9376d,2594,3337,JPEG
IMG_0141_00010.jpg,2291680,IMG_0141.jpg,fc94c90904945fcd6db26da6a1c5e736,2594,3337,JPEG
IMG_0141_00011.jpg,2123630,IMG_0141.jpg,495b03a276cc40d0e782379705d7c9ef,2594,3337,JPEG
IMG_0141_00012.jpg,2013309,IMG_0141.jpg,54ec6c10560467ade85872a400ef7cf5,2594,3337,JPEG
IMG_0141_00013.jpg,2429818,IMG_0141.jpg,6d0dbb928f5b64622b40f2e1c563f0ca,2594,3337,JPEG
IMG_0141_00014.jpg,2128496,IMG_0141.jpg,d6011e0ca6a107547af3533113e35573,2594,3337,JPEG
IMG_0141_00015.jpg,2164729,IMG_0141.jpg,221ded748dfffd5e2e18a72641d5845d,2594,3337,JPEG
IMG_0141_00016.jpg,2269240,IMG_0141.jpg,0578dcaca164214def5bd9ec2fd21e3f,2594,3337,JPEG
IMG_0141_00017.jpg,2119748,IMG_0141.jpg,d9569c8c1b5bd65165261a05558368cb,2594,3337,JPEG
IMG_0141_00018.jpg,2212905,IMG_0141.jpg,9f2ce4fd1991720ed4c141c965500b7d,2594,3337,JPEG
IMG_0141_00019.jpg,2272298,IMG_0141.jpg,3fd5dc6bcb2aa8b9dfc4ee02faf4c873,2594,3337,JPEG
IMG_0141_00020.jpg,2068016,IMG_0141.jpg,fb01144435000bac5cadfa7f77966c91,2594,3337,JPEG
IMG_0142_00001.jpg,5205680,IMG_0142.jpg,ed60fb22e4e13e087e7a54550b3ae70a,4272,5308,JPEG
IMG_0142_00002.jpg,5102999,IMG_0142.jpg,65f002913a3ba7b28c97f08146bdb9b2,4272,5308,JPEG
IMG_0142_00003.jpg,5441647,IMG_0142.jpg,ede6294dc2b16e8d73fe1bb75a8b8eca,4272,5308,JPEG
IMG_0142_00004.jpg,5614358,IMG_0142.jpg,dab76e0761cb07ee86937d6ed33eab26,4272,5308,JPEG
IMG_0142_00005.jpg,5194929,IMG_0142.jpg,45389188c0bc57c529e6a06b94846e40,4272,5308,JPEG
IMG_0142_00006.jpg,5104229,IMG_0142.jpg,7fe516ddda9ac73daf49153a9a3567cf,4272,5308,JPEG
IMG_0142_00007.jpg,5061948,IMG_0142.jpg,555af979d471f8b0239d87b2f48b7ece,4272,5308,JPEG
IMG_0142_00008.jpg,5482583,IMG_0142.jpg,ac7f26282cd9269bb7bf8c1ddc883a7d,4272,5308,JPEG
IMG_0142_00009.jpg,5083121,IMG_0142.jpg,c7974586c27c93a79dc4c1f7375c4fd9,4272,5308,JPEG
IMG_0142_00010.jpg,5562199,IMG_0142.jpg,100993384583a5bc63056bb7c237593d,4272,5308,JPEG
IMG_0142_00011.jpg,5341636,IMG_0142.jpg,0f864cd7d39950dd21e5ef094132cf16,4272,5308,JPEG
IMG_0142_00012.jpg,5510912,IMG_0142.jpg,7e0ac183337403ef74e38e42bdc1ba4a,4272,5308,JPEG
IMG_0142_00013.jpg,5511275,IMG_0142.jpg,c7dd18c7a3fd72d7f9bb9d32073b00ed,4272,5308,JPEG
IMG_0142_00014.jpg,5761627,IMG_0142.jpg,b5e19f270d7dfd1f652d92c99b8acd01,4272,5308,JPEG
IMG_0142_00015.jpg,5320649,IMG_0142.jpg,8189e9bdf76389498167b2694a605b77,4272,5308,JPEG
IMG_0142_00016.jpg,5298170,IMG_0142.jpg,548e90a5c1e5c0689010e2f51726ee45,4272,5308,JPEG
IMG_0142_00017.jpg,5326827,IMG_0142.jpg,e11a8f4849cf1f1e3f753a68032626fa,4272,5308,JPEG
IMG_0142_00018.jpg,5144675,IMG_0142.jpg,5bd9ba5d9673000dd975ea986e45348e,4272,5308,JPEG
IMG_0142_00019.jpg,5191722,IMG_0142.jpg,cf3d575e00e90573e9c21182d901204f,4272,5308,JPEG
IMG_0142_00020.jpg,5359390,IMG_0142.jpg,4a772d0d67be0fa496c3a42de117c587,4272,5308,JPEG
IMG_0143_00001.jpg,2219773,IMG_0143.jpg,adbde232bbe81bedb699b35135d125b2,2188,4278,JPEG
IMG_0143_00002.jpg,2296321,IMG_0143.jpg,6770fc02533aa698dea48cfab186bedf,2188,4278,JPEG
IMG_0143_00003.jpg,2350938,IMG_0143.jpg,bddabfc743ee266088fc78c7759ef65b,2188,4278,JPEG
IMG_0143_00004.jpg,2451827,IMG_0143.jpg,f721f03e6186b9221b7829692bfa9ac0,2188,4278,JPEG
IMG_0143_00005.jpg,2264532,IMG_0143.jpg,1c5686c777d6ea318fe47ed8c00382a0,2188,4278,JPEG
IMG_0143_00006.jpg,2375475,IMG_0143.jpg,9c7349f5ea18f248ac1cbf9af05fad4a,2188,4278,JPEG
IMG_0143_00007.jpg,2280131,IMG_0143.jpg,92f746d5fb208ac6301e56457452d8c9,2188,4278,JPEG
IMG_0143_00008.jpg,2358686,IMG_0143.jpg,d9911e773c19e523aace89c51620eb95,2188,4278,JPEG
IMG_0143_00009.jpg,2443033,IMG_0143.jpg,18006a219fdca4fdfb27527736346a70,2188,4278,JPEG
IMG_0143_00010.jpg,2553744,IMG_0143.jpg,93577d24cff9b6d48ce46dc7a44d0211,2188,4278,JPEG
IMG_0143_00011.jpg,2461919,IMG_0143.jpg,c1077e7ed2db88651aab0db7fd50caef,2188,4278,JPEG
IMG_0143_00012.jpg,2293471,IMG_0143.jpg,98a4bae7e6152fe30ad115c21658999c,2188,4278,JPEG
IMG_0143_00013.jpg,2211748,IMG_0143.jpg,cef8827e996bd801fd2aef5ab0968091,2188,4278,JPEG
IMG_0143_00014.jpg,2419802,IMG_0143.jpg,95d37fcc164dd54f74e756008f97a133,2188,4278,JPEG
IMG_0143_00015.jpg,2338503,IMG_0143.jpg,65e391c80a531c627533051b5ea763df,2188,4278,JPEG
IMG_0143_00016.jpg,2288227,IMG_0143.jpg,3f5790056f1b163b1a5664616fb3b6bb,2188,4278,JPEG
IMG_0143_00017.jpg,2209877,IMG_0143.jpg,575c3d3471366f5c0526948439a9f04c,2188,4278,JPEG
IMG_0143_00018.jpg,2385219,IMG_0143.jpg,a2f095a26e050a92a00ae82424d9ffba,2188,4278,JPEG
IMG_0143_00019.jpg,2211865,IMG_0143.jpg,1b573b302f004621a6e7ef0a7adbdc1f,2188,4278,JPEG
IMG_0143_00020.jpg,2444868,IMG_0143.jpg,625ff2a9afc40c1463bfcf116415b62d,2188,4278,JPEG
IMG_0144_00001.jpg,4342750,IMG_0144.jpg,ce11f00d168e80ee21bcbd7cfbd6076c,3586,4880,JPEG
IMG_0144_00002.jpg,4368903,IMG_0144.jpg,929cd7025f7f9171995836ccf004da07,3586,4880,JPEG
IMG_0144_00003.jpg,4367563,IMG_0144.jpg,2aa6cd0168a366ae913839b549972451,3586,4880,JPEG
IMG_0144_00004.jpg,4939142,IMG_0144.jpg,d0ee9aeb6f65ee1d3c265f06b16d72aa,3586,4880,JPEG
IMG_0144_00005.jpg,4667892,IMG_0144.jpg,e72e1285947bd507b1f27194fb040912,3586,4880,JPEG
IMG_0144_00006.jpg,4589048,IMG_0144.jpg,b4f92f59e8788bdaf0ab7712c6211582,3586,4880,JPEG
IMG_0144_00007.jpg,4746373,IMG_0144.jpg,72d2cfa4faf4eebf556beb931df53453,3586,4880,JPEG
IMG_0144_00008.jpg,4559325,IMG_0144.jpg,dae1663d60e1eb5b8f65847f035329d8,3586,4880,JPEG
IMG_0144_00009.jpg,4590824,IMG_0144.jpg,369b25bb469b40251f8f57818058eebe,3586,4880,JPEG
IMG_0144_00010.jpg,4639628,IMG_0144.jpg,78bbfbb331cf79db3984f6f94998df77,3586,4880,JPEG
IMG_0144_00011.jpg,4455413,IMG_0144.jpg,ffc74c791b730e222126e57f34a96e36,3586,4880,JPEG
IMG_0144_00012.jpg,4786946,IMG_0144.jpg,6dee193ae4744d618e4f982ccf98cfbc,3586,4880,JPEG
IMG_0144_00013.jpg,4342297,IMG_0144.jpg,78936aad2ab39f366339d8b28df58f3a,3586,4880,JPEG
IMG_0144_00014.jpg,4578864,IMG_0144.jpg,f9d1eaf9fb1c667dadd74b894c202c27,3586,4880,JPEG
IMG_0144_00015.jpg,4385720,IMG_0144.jpg,11cd1c7d3ebe20f3514f7f95e8a7f968,3586,4880,JPEG
IMG_0144_00016.jpg,4507560,IMG_0144.jpg,b5ef839e1bfcc4a142fd93cb2976c036,3586,4880,JPEG
IMG_0144_00017.jpg,4406294,IMG_0144.jpg,bfee97ca821ccdb8fce5660aa4a86576,3586,4880,JPEG
IMG_0144_00018.jpg,4251049,IMG_0144.jpg,4f04d4fde816c455a574ce658eb7dae9,3586,4880,JPEG
IMG_0144_00019.jpg,4761954,IMG_0144.jpg,4d956c406733863ce041b1109c3cd5ed,3586,4880,JPEG
IMG_0144_00020.jpg,4428936,IMG_0144.jpg,88f4373fa273112ea1711748e5b2c7d0,3586,4880,JPEG
IMG_0151_00001.jpg,389797,IMG_0151.jpg,327753d85dc5dda6eacf366629c54753,1107,916,JPEG
IMG_0151_00002.jpg,438170,IMG_0151.jpg,6ca54610bf9635104ab3bec4e57cbf58,1107,916,JPEG
IMG_0151_00003.jpg,412423,IMG_0151.jpg,754db82e42c6d159be5290bcee51d311,1107,916,JPEG
IMG_0151_00004.jpg,431216,IMG_0151.jpg,1afa4fb9dd013c0fd1cf8cd169a610d5,1107,916,JPEG
IMG_0151_00005.jpg,423520,IMG_0151.jpg,2554da92f52e50a529998517b577cc30,1107,916,JPEG
IMG_0151_00006.jpg,408722,IMG_0151.jpg,0bcaa11e7a823841255939ba5c11cc0c,1107,916,JPEG
IMG_0151_00007.jpg,427433,IMG_0151.jpg,6c2f3eedebc56d184f4b94d1bbb9c234,1107,916,JPEG
IMG_0151_00008.jpg,475689,IMG_0151.jpg,5b92663b143209d63b2d0e8a84700d84,1107,916,JPEG
IMG_0151_00009.jpg,475891,IMG_0151.jpg,c5a4355cf5de6a8344f185803e5aade0,1107,916,JPEG
IMG_0151_00010.jpg,415888,IMG_0151.jpg,2d67fe0378b5d658517fb2a421c10009,1107,916,JPEG
IMG_0151_00011.jpg,402297,IMG_0151.jpg,db9da6b6f1d5986d900b0a3c1e81a10a,1107,916,JPEG
IMG_0151_00012.jpg,425236,IMG_0151.jpg,f835fc8e88ba552ab499ce063e3c91ed,1107,916,JPEG
IMG_0151_00013.jpg,411677,IMG_0151.jpg,c0c735a3e8fdcbf806fa29f7983e72ed,1107,916,JPEG
IMG_0151_00014.jpg,425607,IMG_0151.jpg,85c4a2633ca51d1c96bb9064bf87c9a8,1107,916,JPEG
IMG_0151_00015.jpg,376871,IMG_0151.jpg,2e88c2666df1414f703706a82aaec392,1107,916,JPEG
IMG_0151_00016.jpg,508453,IMG_0151.jpg,5e6ae57d9ccba5af430fe1381479ee92,1107,916,JPEG
IMG_0151_00017.jpg,501773,IMG_0151.jpg,45c6a3d2a37ca59ef28a8d3492f4f08b,1107,916,JPEG
IMG_0151_00018.jpg,428571,IMG_0151.jpg,92957c7eb94cdf81cba44b8340d7c8d8,1107,916,JPEG
IMG_0151_00019.jpg,443425,IMG_0151.jpg,27183a2b52ec39239fbc3594bb385be7,1107,916,JPEG
IMG_0151_00020.jpg,449537,IMG_0151.jpg,106f3e5dbd99e9be52b983ba9ef2f160,1107,916,JPEG
IMG_0159_00001.jpg,6069442,IMG_0159.jpg,c8fb8827b6ea06187dd1420b8b9cd8c3,2992,6828,JPEG
IMG_0159_00002.jpg,6096023,IMG_0159.jpg,b291440dad138a6292f8f55d97379627,2992,6828,JPEG
IMG_0159_00003.jpg,6011493,IMG_0159.jpg,eced1bdcaf9fe11a2bccc5229d687e26,2992,6828,JPEG
IMG_0159_00004.jpg,6006688,IMG_0159.jpg,58b535811fb4311f0763351c3bd8c6e4,2992,6828,JPEG
IMG_0159_00005.jpg,6095005,IMG_0159.jpg,2467c9d6f1735daad017a69a7736b452,2992,6828,JPEG
IMG_0159_00006.jpg,6185658,IMG_0159.jpg,2a9d34fca75ae0e487967df86cf22132,2992,6828,JPEG
IMG_0159_00007.jpg,6145606,IMG_0159.jpg,0d3caa9dc2edc1104979e8da07758615,2992,6828,JPEG
IMG_0159_00008.jpg,6080307,IMG_0159.jpg,df32660daa32bc3c92d8df402f4c5e27,2992,6828,JPEG
IMG_0159_00009.jpg,5981898,IMG_0159.jpg,81e18a8eccd408dd82635c71cf00905a,2992,6828,JPEG
IMG_0159_00010.jpg,6048895,IMG_0159.jpg,9fdd8985256f25be0892aea11902a816,2992,6828,JPEG
IMG_0159_00011.jpg,5928187,IMG_0159.jpg,efb7cac1479793b899d4a395d5a9d3b1,2992,6828,JPEG
IMG_0159_00012.jpg,6147646,IMG_0159.jpg,7d1c8a41038fe166ca6b889eca1e8577,2992,6828,JPEG
IMG_0159_00013.jpg,6052394,IMG_0159.jpg,b77b111a31d87b5feddd5a5427617c45,2992,6828,JPEG
IMG_0159_00014.jpg,6096218,IMG_0159.jpg,b8a0bc174f1421c5cbad6d026767bdd6,2992,6828,JPEG
IMG_0159_00015.jpg,6175561,IMG_0159.jpg,fd4ffcd9adb6636a32b31fdb9e55144b,2992,6828,JPEG
IMG_0159_00016.jpg,6278725,IMG_0159.jpg,4122c46710a6b3deec1143acdaf2b6bb,2992,6828,JPEG
IMG_0159_00017.jpg,5904785,IMG_0159.jpg,903743e7bbe1b9348036f4a284f95f75,2992,6828,JPEG
IMG_0159_00018.jpg,5952447,IMG_0159.jpg,1d9167e050ba04bce6bf7b94683fa9ae,2992,6828,JPEG
IMG_0159_00019.jpg,6015296,IMG_0159.jpg,f47266e9390dccfa2895ae186fa80aa0,2992,6828,JPEG
IMG_0159_00020.jpg,6078888,IMG_0159.jpg,b7f212cbebd1d51c6a8ea0ffddeff363,2992,6828,JPEG
IMG_0160_00001.jpg,5327085,IMG_0160.jpg,49922ae8d8fbfd502b3ad9324ad2bfe1,2332,6849,JPEG
IMG_0160_00002.jpg,5325257,IMG_0160.jpg,47dbe3366d74e6fb36b77662e3cbb12b,2332,6849,JPEG
IMG_0160_00003.jpg,5195087,IMG_0160.jpg,8a796b922079737f78c1fa1e8862ad03,2332,6849,JPEG
IMG_0160_00004.jpg,5386089,IMG_0160.jpg,118c4b313984c6045c66fe55dd99c198,2332,6849,JPEG
IMG_0160_00005.jpg,5358368,IMG_0160.jpg,2a9526ad3c608cf93c2e5d0fdfdffe63,2332,6849,JPEG
IMG_0160_00006.jpg,5506958,IMG_0160.jpg,2a6a96eb69705f97bedbbfb3b70e6676,2332,6849,JPEG
IMG_0160_00007.jpg,5302469,IMG_0160.jpg,be17568c0684f9dd62560c67eb3a5fb8,2332,6849,JPEG
IMG_0160_00008.jpg,5356119,IMG_0160.jpg,c16c249c0d8cac3a745adcb522190ccd,2332,6849,JPEG
IMG_0160_00009.jpg,5385348,IMG_0160.jpg,e1caff7f4098948410bba6b5be4deb88,2332,6849,JPEG
IMG_0160_00010.jpg,5244398,IMG_0160.jpg,7428342700ec7dc820ca290a3d268698,2332,6849,JPEG
IMG_0160_00011.jpg,5355306,IMG_0160.jpg,8c6d7ab60a1b9e4d426b2079963e9fad,2332,6849,JPEG
IMG_0160_00012.jpg,5395939,IMG_0160.jpg,8c4ce0b7f30ac5af11a06279f341aec7,2332,6849,JPEG
IMG_0160_00013.jpg,5350927,IMG_0160.jpg,8a31cbfba77438286ef5ec80793abeaa,2332,6849,JPEG
IMG_0160_00014.jpg,5219146,IMG_0160.jpg,4b4e8a814997c6fb6c0f441bdc2df26a,2332,6849,JPEG
IMG_0160_00015.jpg,5343068,IMG_0160.jpg,cc11f105257831b6b0ae8b2148e49aab,2332,6849,JPEG
IMG_0160_00016.jpg,5411203,IMG_0160.jpg,47c10aad3c72174f0740eb8e51901010,2332,6849,JPEG
IMG_0160_00017.jpg,5254379,IMG_0160.jpg,23cff902914230fc79fde07dc7b3fc6b,2332,6849,JPEG
IMG_0160_00018.jpg,5261456,IMG_0160.jpg,f6c9afdc11a0856c806df6b63a4b80d4,2332,6849,JPEG
IMG_0160_00019.jpg,5389832,IMG_0160.jpg,3b2d4d21c28aec8ece17d06ea980187d,2332,6849,JPEG
IMG_0160_00020.jpg,5291912,IMG_0160.jpg,877a2b31151c686d69cf5eb9971d3ae1,2332,6849,JPEG
IMG_0161_00001.jpg,1276745,IMG_0161.jpg,dfc8823ebbfcc5c2369a1522e8149a68,1882,1778,JPEG
IMG_0161_00002.jpg,1254248,IMG_0161.jpg,abaf500809f4d947c652ee420f9614d0,1882,1778,JPEG
IMG_0161_00003.jpg,1261770,IMG_0161.jpg,83ef0e2eb0335cf11a9a23bb55181b9f,1882,1778,JPEG
IMG_0161_00004.jpg,1178339,IMG_0161.jpg,c7d643bfe036eb39e142de8a90c27bf7,1882,1778,JPEG
IMG_0161_00005.jpg,1264490,IMG_0161.jpg,67411aa8fcb9c4b63da6c2d8ceb233e6,1882,1778,JPEG
IMG_0161_00006.jpg,1209599,IMG_0161.jpg,2814e4825a8ec40422d63e69cc42525f,1882,1778,JPEG
IMG_0161_00007.jpg,1354418,IMG_0161.jpg,ce46de549955253fba6a262543074457,1882,1778,JPEG
IMG_0161_00008.jpg,1265268,IMG_0161.jpg,ff08ef21ddafec4d91d20b67a60c67d2,1882,1778,JPEG
IMG_0161_00009.jpg,1392047,IMG_0161.jpg,59a9b5e1b1056b8d0a024aecd7673bd2,1882,1778,JPEG
IMG_0161_00010.jpg,1240234,IMG_0161.jpg,042202df0555a60363d859db70a39b4a,1882,1778,JPEG
IMG_0161_00011.jpg,1202801,IMG_0161.jpg,106d1d37615e309009d523f843d8c7b7,1882,1778,JPEG
IMG_0161_00012.jpg,1253310,IMG_0161.jpg,0a5058a7ae9255ba7f73091931fef645,1882,1778,JPEG
IMG_0161_00013.jpg,1380173,IMG_0161.jpg,14c5110aa76b6b1b96eff02839744631,1882,1778,JPEG
IMG_0161_00014.jpg,1212194,IMG_0161.jpg,a7b814f3585a7ee2b3c805f6bfd3f30f,1882,1778,JPEG
IMG_0161_00015.jpg,1208154,IMG_0161.jpg,19cb2104023fdf694704f3aa9658e246,1882,1778,JPEG
IMG_0161_00016.jpg,1210922,IMG_0161.jpg,3527a2e2e101650378d5a3c23431fe95,1882,1778,JPEG
IMG_0161_00017.jpg,1206886,IMG_0161.jpg,0dfba1863a2a4f4990be1e8fb46a054d,1882,1778,JPEG
IMG_0161_00018.jpg,1209179,IMG_0161.jpg,d93ea0cffc59bdb69f861dfe0074aa87,1882,1778,JPEG
IMG_0161_00019.jpg,1383170,IMG_0161.jpg,3dd5ba445be43834d203618ffc5fbc20,1882,1778,JPEG
IMG_0161_00020.jpg,1212919,IMG_0161.jpg,6017062bc832bfce9d9e7df18da31962,1882,1778,JPEG
IMG_0162_00001.jpg,5842335,IMG_0162.jpg,aeb287bec3506978affbcec43b2936a5,3001,4794,JPEG
IMG_0162_00002.jpg,5963594,IMG_0162.jpg,1797894f24d250b8b177f3aacdd485c4,3001,4794,JPEG
IMG_0162_00003.jpg,6027653,IMG_0162.jpg,08927336bf4790d02d6eae3e7c5fe165,3001,4794,JPEG
IMG_0162_00004.jpg,5890951,IMG_0162.jpg,c104552536d02c95f1d2a6f08ed1d3dd,3001,4794,JPEG
IMG_0162_00005.jpg,5900380,IMG_0162.jpg,2cfc099c481b3a229cd0f9118fa03662,3001,4794,JPEG
IMG_0162_00006.jpg,5885916,IMG_0162.jpg,fe1ad20cc0050e094f54af8b47cfd2b6,3001,4794,JPEG
IMG_0162_00007.jpg,6022869,IMG_0162.jpg,349fbdd2b29c2d493b090b3f39c7db24,3001,4794,JPEG
IMG_0162_00008.jpg,6072827,IMG_0162.jpg,a0cad19068fd63dda2f6912f50d63cd5,3001,4794,JPEG
IMG_0162_00009.jpg,6007937,IMG_0162.jpg,73c4e52ace6fa20ce6d06cc5407b9a17,3001,4794,JPEG
IMG_0162_00010.jpg,5918336,IMG_0162.jpg,cb5adf645be90e02cd88a63080d028f1,3001,4794,JPEG
IMG_0162_00011.jpg,5992188,IMG_0162.jpg,80e69140d95c8aee592c032699ca6dcf,3001,4794,JPEG
IMG_0162_00012.jpg,6076335,IMG_0162.jpg,8645758ab380042edd3857b9cd205d61,3001,4794,JPEG
IMG_0162_00013.jpg,5976310,IMG_0162.jpg,247f8e00b7e8569d2f873edd161c0aeb,3001,4794,JPEG
IMG_0162_00014.jpg,5950674,IMG_0162.jpg,ae9ebf2a9b5042f5cace4257dc46b485,3001,4794,JPEG
IMG_0162_00015.jpg,5915156,IMG_0162.jpg,eb1830859bbd6ef596fe46b940e5870f,3001,4794,JPEG
IMG_0162_00016.jpg,5865771,IMG_0162.jpg,a6050424037f21edff4a603b5f68782c,3001,4794,JPEG
IMG_0162_00017.jpg,6008260,IMG_0162.jpg,e4b5a8bfab92106546eb8deaeba84978,3001,4794,JPEG
IMG_0162_00018.jpg,5890590,IMG_0162.jpg,720659e7e20e1929a5d52268e0200e70,3001,4794,JPEG
IMG_0162_00019.jpg,5989225,IMG_0162.jpg,4b66ab9fa213df078c122bc2f0fb56c9,3001,4794,JPEG
IMG_0162_00020.jpg,5932204,IMG_0162.jpg,9f116ddf8e8b3c5150387f949a2e32c8,3001,4794,JPEG
IMG_0163_00001.jpg,7825714,IMG_0163.jpg,95529229d97cf6f874ec6a547de3a89b,4224,6040,JPEG
IMG_0163_00002.jpg,7562322,IMG_0163.jpg,34fd5f0486d02b199b48374bf3f54c2e,4224,6040,JPEG
IMG_0163_00003.jpg,7849756,IMG_0163.jpg,9deb39ebf32efd8164627b04f02f6bf1,4224,6040,JPEG
IMG_0163_00004.jpg,7760671,IMG_0163.jpg,cfefdde3fdf7f98f0d1d4d890fddff8a,4224,6040,JPEG
IMG_0163_00005.jpg,7791756,IMG_0163.jpg,1a777feb133e06a7973e74e66ddf093b,4224,6040,JPEG
IMG_0163_00006.jpg,7593892,IMG_0163.jpg,41fb5694bb9a53fba1352cd06a7da975,4224,6040,JPEG
IMG_0163_00007.jpg,7972148,IMG_0163.jpg,69f352a0390074e2dd6431a70b13a661,4224,6040,JPEG
IMG_0163_00008.jpg,7844612,IMG_0163.jpg,96d0b8b188f714dc81984c031fd03792,4224,6040,JPEG
IMG_0163_00009.jpg,7687369,IMG_0163.jpg,8c6f6afb140bc0492ca4c24def1f12d5,4224,6040,JPEG
IMG_0163_00010.jpg,7723177,IMG_0163.jpg,0bf878cb3221781e688133564107e776,4224,6040,JPEG
IMG_0163_00011.jpg,7591321,IMG_0163.jpg,e086b5a419a41ee7588f66b71c510e34,4224,6040,JPEG
IMG_0163_00012.jpg,7514817,IMG_0163.jpg,65720ab6d78cef7769af4ad1702c0bec,4224,6040,JPEG
IMG_0163_00013.jpg,7850863,IMG_0163.jpg,2dfc889af688285f0e281b19253caa6e,4224,6040,JPEG
IMG_0163_00014.jpg,7649742,IMG_0163.jpg,676c20d0250d6379386b410065553fce,4224,6040,JPEG
IMG_0163_00015.jpg,7575384,IMG_0163.jpg,24adf40c3e87a7f9a9ef96ee69ae4c24,4224,6040,JPEG
IMG_0163_00016.jpg,7696916,IMG_0163.jpg,7f2e370734968bbcea834ef805ad3a3a,4224,6040,JPEG
IMG_0163_00017.jpg,7807297,IMG_0163.jpg,08f1a66031e2b9a0f4958c0111ac9a82,4224,6040,JPEG
IMG_0163_00018.jpg,7454230,IMG_0163.jpg,979bd9b9dbd4c0837bdbf4cddcac25b2,4224,6040,JPEG
IMG_0163_00019.jpg,7637433,IMG_0163.jpg,aa475331457e676e430e64993547774d,4224,6040,JPEG
IMG_0163_00020.jpg,7528817,IMG_0163.jpg,fce31cd898e24dba4660adb679e78bf6,4224,6040,JPEG
IMG_0164_00001.jpg,7830807,IMG_0164.jpg,c5a8b8561d6f8e8403ca24f71afc78e4,3008,7008,JPEG
IMG_0164_00002.jpg,7826446,IMG_0164.jpg,8126c78ffcf5f1c03a5d68032c96341b,3008,7008,JPEG
IMG_0164_00003.jpg,7752802,IMG_0164.jpg,0fc51a8651e1ed14f231998552b5ab8b,3008,7008,JPEG
IMG_0164_00004.jpg,8061456,IMG_0164.jpg,519adda57fd8864725452e6f0c78b14e,3008,7008,JPEG
IMG_0164_00005.jpg,7989144,IMG_0164.jpg,a1791c383345fbb3ca52fa06f6782662,3008,7008,JPEG
IMG_0164_00006.jpg,7995302,IMG_0164.jpg,fd4e0be96f66ff2dce9ffdb58877d566,3008,7008,JPEG
IMG_0164_00007.jpg,7804137,IMG_0164.jpg,1472143ca84b7f032408ff3c44f4bea8,3008,7008,JPEG
IMG_0164_00008.jpg,7820469,IMG_0164.jpg,82fe16859c5ea5a5a41ed87577ce55c7,3008,7008,JPEG
IMG_0164_00009.jpg,7869177,IMG_0164.jpg,2634de0e07333ae99b3313e4b4d5556a,3008,7008,JPEG
IMG_0164_00010.jpg,7810788,IMG_0164.jpg,5c17aed9dce1c323209176cc657b7fbe,3008,7008,JPEG
IMG_0164_00011.jpg,7791456,IMG_0164.jpg,5c994e044f8e54eef63d9c5450110844,3008,7008,JPEG
IMG_0164_00012.jpg,7795387,IMG_0164.jpg,7949246f77bb127cd5ec1bc8e15dbb81,3008,7008,JPEG
IMG_0164_00013.jpg,7794914,IMG_0164.jpg,570114f8ad560e463de3b2c90255428a,3008,7008,JPEG
IMG_0164_00014.jpg,7781827,IMG_0164.jpg,9e69846b06ff8634382040804ccbb9b1,3008,7008,JPEG
IMG_0164_00015.jpg,7895451,IMG_0164.jpg,05bfce9bfac35aa8384e0551157a1115,3008,7008,JPEG
IMG_0164_00016.jpg,7810315,IMG_0164.jpg,41ab5f1b1290700a448024e0a9e425ff,3008,7008,JPEG
IMG_0164_00017.jpg,7923455,IMG_0164.jpg,3691a263c9010cbf82a49195c98736f7,3008,7008,JPEG
IMG_0164_00018.jpg,7848839,IMG_0164.jpg,5400a650b53b4b762f4803f69fe1508e,3008,7008,JPEG
IMG_0164_00019.jpg,7861775,IMG_0164.jpg,dac480b3e88d1641ed7eddbdbcd70fe7,3008,7008,JPEG
IMG_0164_00020.jpg,7877598,IMG_0164.jpg,af08c172fe0185f42f522ff4237652d8,3008,7008,JPEG
IMG_0165_00001.jpg,5443809,IMG_0165.jpg,c0931c049beca26196878a15599f59d4,2034,6635,JPEG
IMG_0165_00002.jpg,5482567,IMG_0165.jpg,58aa39f6126881440a0360cd7206d2d0,2034,6635,JPEG
IMG_0165_00003.jpg,5673167,IMG_0165.jpg,aa1715617e8607434ff12e23beceabf4,2034,6635,JPEG
IMG_0165_00004.jpg,5494760,IMG_0165.jpg,7652e3c5331c59402dc84a45d69e878b,2034,6635,JPEG
IMG_0165_00005.jpg,5502225,IMG_0165.jpg,32f71023ee165ff4c2e896c49404065a,2034,6635,JPEG
IMG_0165_00006.jpg,5570164,IMG_0165.jpg,6c6544e3e04ba1dab8169607f4ca7a84,2034,6635,JPEG
IMG_0165_00007.jpg,5514106,IMG_0165.jpg,98a74eeeabd4cab3e44f5983c7f221d6,2034,6635,JPEG
IMG_0165_00008.jpg,5586554,IMG_0165.jpg,d5b40970f3ecc4ad1cb1c0d389e3715f,2034,6635,JPEG
IMG_0165_00009.jpg,5427341,IMG_0165.jpg,33851def0f5b6f79c14162ac422cbe95,2034,6635,JPEG
IMG_0165_00010.jpg,5421268,IMG_0165.jpg,b8831c5ddac4061e381919f5a4064b3e,2034,6635,JPEG
IMG_0165_00011.jpg,5488162,IMG_0165.jpg,1e587d5b4bcd847b47621a24787af41c,2034,6635,JPEG
IMG_0165_00012.jpg,5426564,IMG_0165.jpg,c14f7aadc1224407b9173157206b4455,2034,6635,JPEG
IMG_0165_00013.jpg,5478692,IMG_0165.jpg,5ab04cb5a2699a6ebf46bc283008b009,2034,6635,JPEG
IMG_0165_00014.jpg,5482117,IMG_0165.jpg,f9ee7d550a712d738aebf85705138612,2034,6635,JPEG
IMG_0165_00015.jpg,5453229,IMG_0165.jpg,1d46c70317a16f1a7214537ad4e5735e,2034,6635,JPEG
IMG_0165_00016.jpg,5570792,IMG_0165.jpg,a8c07b51ce56fb6057c7f02765e6a014,2034,6635,JPEG
IMG_0165_00017.jpg,5529938,IMG_0165.jpg,9b10d1fd01f00f3a3c9a1c1c280e8a84,2034,6635,JPEG
IMG_0165_00018.jpg,5556056,IMG_0165.jpg,715f2e6fdc039f3c0eaa2c35d2b33674,2034,6635,JPEG
IMG_0165_00019.jpg,5449125,IMG_0165.jpg,f0fd4d4a09eea3d8b10965dd885cda3e,2034,6635,JPEG
IMG_0165_00020.jpg,5478539,IMG_0165.jpg,43904ec94320022873101dfd0e36c752,2034,6635,JPEG
IMG_0166_00001.jpg,4087893,IMG_0166.jpg,dca678683915ac61ace3126bf3ef03b1,1804,5699,JPEG
IMG_0166_00002.jpg,3920671,IMG_0166.jpg,c720d1bfe6789986bd1caaf893987334,1804,5699,JPEG
IMG_0166_00003.jpg,3943270,IMG_0166.jpg,360b255d24f96c9e01d9831423b759cf,1804,5699,JPEG
IMG_0166_00004.jpg,3920290,IMG_0166.jpg,ac885e082d387bacff12a858ff1bab26,1804,5699,JPEG
IMG_0166_00005.jpg,4055860,IMG_0166.jpg,2fe1482e4bb8b6012bf3f1d5574837c0,1804,5699,JPEG
IMG_0166_00006.jpg,4029523,IMG_0166.jpg,90f0aed4ef429879ab51bc8fed062d51,1804,5699,JPEG
IMG_0166_00007.jpg,4019903,IMG_0166.jpg,2e13ab5a74bc7da07c2f13cf8f7b68cc,1804,5699,JPEG
IMG_0166_00008.jpg,3935946,IMG_0166.jpg,2025e0ce9501a286f427f86d12f94f57,1804,5699,JPEG
IMG_0166_00009.jpg,3958136,IMG_0166.jpg,b928b69d77963c6ef1c9e3a2460bbf4d,1804,5699,JPEG
IMG_0166_00010.jpg,3963031,IMG_0166.jpg,39aa61011edef9006945e805cfb9ccc1,1804,5699,JPEG
IMG_0166_00011.jpg,3937936,IMG_0166.jpg,29536294d5a8fdf46a0f453856686aa6,1804,5699,JPEG
IMG_0166_00012.jpg,3978448,IMG_0166.jpg,b62557d6d2c68ea42612a2b57c00f404,1804,5699,JPEG
IMG_0166_00013.jpg,4008507,IMG_0166.jpg,4b28a08978ab6f8195c91f229820cff2,1804,5699,JPEG
IMG_0166_00014.jpg,3960946,IMG_0166.jpg,55c8679052dbe4fc7d3c1cbfe5f80202,1804,5699,JPEG
IMG_0166_00015.jpg,3939676,IMG_0166.jpg,f342e257f07280b24604f101ce136502,1804,5699,JPEG
IMG_0166_00016.jpg,3934739,IMG_0166.jpg,ca6fab7f9a9c04f5a9945330cb82a8b2,1804,5699,JPEG
IMG_0166_00017.jpg,3937816,IMG_0166.jpg,9c3434bc10712ff25ea0a61a2b393a42,1804,5699,JPEG
IMG_0166_00018.jpg,3978274,IMG_0166.jpg,d5080e69640d4fb1f449040fb9860f6d,1804,5699,JPEG
IMG_0166_00019.jpg,3980392,IMG_0166.jpg,b410a9e8e4d727d734a97d4e9b2f1c88,1804,5699,JPEG
IMG_0166_00020.jpg,3967640,IMG_0166.jpg,c96adac9241b0acd734cb48ee88b2768,1804,5699,JPEG
IMG_0167_00001.jpg,4957293,IMG_0167.jpg,8127e96b6dc0d437b2b3b0eb9787daba,1878,6628,JPEG
IMG_0167_00002.jpg,4938451,IMG_0167.jpg,64a63de6c5120971f9ee4c7977a88cf6,1878,6628,JPEG
IMG_0167_00003.jpg,4967228,IMG_0167.jpg,69a11e76280c0d1fc10946d5fbe8c136,1878,6628,JPEG
IMG_0167_00004.jpg,4960755,IMG_0167.jpg,529f916d9e8b6b674b3be62d93d337f4,1878,6628,JPEG
IMG_0167_00005.jpg,5045769,IMG_0167.jpg,37350e2e9e1dd69ea76767b0c8669430,1878,6628,JPEG
IMG_0167_00006.jpg,5001624,IMG_0167.jpg,52247ed0da5dd0befc420406583f4aeb,1878,6628,JPEG
IMG_0167_00007.jpg,5003377,IMG_0167.jpg,c393716126583ecce70ffa3e6c09d193,1878,6628,JPEG
IMG_0167_00008.jpg,4994682,IMG_0167.jpg,830b13cf96c887eb8dbdfac0b1ea7f77,1878,6628,JPEG
IMG_0167_00009.jpg,4971996,IMG_0167.jpg,859e1c25abbaae4af0bb7f49b7a98285,1878,6628,JPEG
IMG_0167_00010.jpg,4942663,IMG_0167.jpg,350933cad78a4bd52a7ea5fbb77d43f9,1878,6628,JPEG
IMG_0167_00011.jpg,4970866,IMG_0167.jpg,bcb60f7a5239c62024e83139c681a5bb,1878,6628,JPEG
IMG_0167_00012.jpg,4958677,IMG_0167.jpg,26b4896b73e0781116c078a8ce1006d8,1878,6628,JPEG
IMG_0167_00013.jpg,5024621,IMG_0167.jpg,b639b88652217effcf77bb8dec370841,1878,6628,JPEG
IMG_0167_00014.jpg,5053702,IMG_0167.jpg,c181c9a73f27148e0fbcd20874284eac,1878,6628,JPEG
IMG_0167_00015.jpg,5118118,IMG_0167.jpg,87504b4f7012568cb9d38b0359292b80,1878,6628,JPEG
IMG_0167_00016.jpg,4969391,IMG_0167.jpg,ec003ff7c5599dc924a4e138522fecd9,1878,6628,JPEG
IMG_0167_00017.jpg,4942787,IMG_0167.jpg,acec6060b7785d49e2f414ab337fe140,1878,6628,JPEG
IMG_0167_00018.jpg,4970577,IMG_0167.jpg,90e1ea64ea0fd7ef1200d164bece8816,1878,6628,JPEG
IMG_0167_00019.jpg,5021634,IMG_0167.jpg,16859dc5520cd1f2d01189c59ec71e97,1878,6628,JPEG
IMG_0167_00020.jpg,4968222,IMG_0167.jpg,b4f54fd15a1206725ebee3601e78fc44,1878,6628,JPEG
IMG_0168_00001.jpg,5499516,IMG_0168.jpg,dafb57a939b70514ce3b3bdfdb19511f,1941,7008,JPEG
IMG_0168_00002.jpg,5491443,IMG_0168.jpg,eccb372815a753ecb56f19ff42734436,1941,7008,JPEG
IMG_0168_00003.jpg,5393813,IMG_0168.jpg,79417d6b006eb467b23bd5bde59872c4,1941,7008,JPEG
IMG_0168_00004.jpg,5469936,IMG_0168.jpg,7bdb5505b6d5824dc2b19966f7fb02b3,1941,7008,JPEG
IMG_0168_00005.jpg,5454093,IMG_0168.jpg,cdc945519a24187fb48eadadaea88d4d,1941,7008,JPEG
IMG_0168_00006.jpg,5447918,IMG_0168.jpg,53413a61c62cda38a434ee91ed7da7bf,1941,7008,JPEG
IMG_0168_00007.jpg,5444855,IMG_0168.jpg,2098a0592c0dc0e09c746676f75b4571,1941,7008,JPEG
IMG_0168_00008.jpg,5496431,IMG_0168.jpg,8b9856c92d49c90a80f873d6c11842ca,1941,7008,JPEG
IMG_0168_00009.jpg,5425203,IMG_0168.jpg,4d0d8495b55a54bcd213fc4f48fdb325,1941,7008,JPEG
IMG_0168_00010.jpg,5447495,IMG_0168.jpg,813ef3c7c10b2e6a4737d37b7cdedd6d,1941,7008,JPEG
IMG_0168_00011.jpg,5412865,IMG_0168.jpg,a9496eb1eb6db4288d75d12d06063f1f,1941,7008,JPEG
IMG_0168_00012.jpg,5398338,IMG_0168.jpg,57048f6667f08eca1b3b1fb71d934435,1941,7008,JPEG
IMG_0168_00013.jpg,5483261,IMG_0168.jpg,f48179c4b0bdf6bff1161f0580943774,1941,7008,JPEG
IMG_0168_00014.jpg,5496433,IMG_0168.jpg,09bbd28af35c98aa08ce4409c18e8921,1941,7008,JPEG
IMG_0168_00015.jpg,5446104,IMG_0168.jpg,1e6e926a510032ae3caf6868e2d7f4e2,1941,7008,JPEG
IMG_0168_00016.jpg,5425572,IMG_0168.jpg,6b038400293788342d6d62f6141ed69a,1941,7008,JPEG
IMG_0168_00017.jpg,5431202,IMG_0168.jpg,52bd1ef8f8201c7c38a8635654a6f0ad,1941,7008,JPEG
IMG_0168_00018.jpg,5402406,IMG_0168.jpg,84da1562d21206fd8b5568c80af404fb,1941,7008,JPEG
IMG_0168_00019.jpg,5408046,IMG_0168.jpg,822448d64f8c355553a14878743674f8,1941,7008,JPEG
IMG_0168_00020.jpg,5463500,IMG_0168.jpg,779cdbca4e30f02bc0598c7478591efe,1941,7008,JPEG
IMG_0169_00001.jpg,2510478,IMG_0169.jpg,61284919538be161ead89c3f8c9f7769,2587,2802,JPEG
IMG_0169_00002.jpg,2627508,IMG_0169.jpg,29ad92c5e7051285ebe712a144f17549,2587,2802,JPEG
IMG_0169_00003.jpg,2452316,IMG_0169.jpg,064c521583bb8fce23a51db1c61304fb,2587,2802,JPEG
IMG_0169_00004.jpg,2698255,IMG_0169.jpg,d64e91ee6e5b759a345563021c0b394b,2587,2802,JPEG
IMG_0169_00005.jpg,2555020,IMG_0169.jpg,e21cbcd70a8196f422e98253eb8475a9,2587,2802,JPEG
IMG_0169_00006.jpg,2591403,IMG_0169.jpg,0a6f205db38853245066c794cd3f0c7d,2587,2802,JPEG
IMG_0169_00007.jpg,2485358,IMG_0169.jpg,65875c677675d75c9926b7c87ba3a975,2587,2802,JPEG
IMG_0169_00008.jpg,2503181,IMG_0169.jpg,1377a2b4b57b5813e4e84c30b2ac91e8,2587,2802,JPEG
IMG_0169_00009.jpg,2707182,IMG_0169.jpg,48ddc1ccf9f7ca8b57b9212daae7d522,2587,2802,JPEG
IMG_0169_00010.jpg,2537424,IMG_0169.jpg,e6b3dd247428528114730dba7f4edc74,2587,2802,JPEG
IMG_0169_00011.jpg,2620211,IMG_0169.jpg,0587040901e949e45bdddb2b6d4f3148,2587,2802,JPEG
IMG_0169_00012.jpg,2542226,IMG_0169.jpg,0250aa59ded7907b5ce8ba79fd2454ea,2587,2802,JPEG
IMG_0169_00013.jpg,2686396,IMG_0169.jpg,237c6c4691af16538f53a308bf716d47,2587,2802,JPEG
IMG_0169_00014.jpg,2579367,IMG_0169.jpg,ca1f09b54aa44e9efedd2e7068fca05e,2587,2802,JPEG
IMG_0169_00015.jpg,2597677,IMG_0169.jpg,dd0814b4c8b1e1ce16c0976b459c5957,2587,2802,JPEG
IMG_0169_00016.jpg,2703207,IMG_0169.jpg,7a6736a0675dc98da3d3cb8b3ec88e26,2587,2802,JPEG
IMG_0169_00017.jpg,2676819,IMG_0169.jpg,c46fc91b2b019d9d2b305a0587d0da24,2587,2802,JPEG
IMG_0169_00018.jpg,2540175,IMG_0169.jpg,a33563492065b9c8f3a12933e20112e8,2587,2802,JPEG
IMG_0169_00019.jpg,2533332,IMG_0169.jpg,b1530f481aa9e2f61a037071a57219d8,2587,2802,JPEG
IMG_0169_00020.jpg,2605839,IMG_0169.jpg,383d03f69ca9158311d1b1cec5a2e6c3,2587,2802,JPEG
IMG_0170_00001.jpg,3584914,IMG_0170.jpg,be149a8e904b0322bcdc37e6a81c2983,2912,3636,JPEG
IMG_0170_00002.jpg,3802649,IMG_0170.jpg,3f9a7c2cf1524dd2def7bd04dea82e64,2912,3636,JPEG
IMG_0170_00003.jpg,3614261,IMG_0170.jpg,c1fda1a3983347b8b21572495eb04dd3,2912,3636,JPEG
IMG_0170_00004.jpg,3654388,IMG_0170.jpg,9e67dc59ee8367024c150d0592b8e375,2912,3636,JPEG
IMG_0170_00005.jpg,3536495,IMG_0170.jpg,e5aa40ad620ff5b8fa1f7c86ee54e45e,2912,3636,JPEG
IMG_0170_00006.jpg,3552382,IMG_0170.jpg,85422b4047d1de85cf4c8063c2fad7c6,2912,3636,JPEG
IMG_0170_00007.jpg,3478356,IMG_0170.jpg,144c35d58d7ba421c4cda17b50555a54,2912,3636,JPEG
IMG_0170_00008.jpg,3793336,IMG_0170.jpg,4226246d1847e7985c292777408ac669,2912,3636,JPEG
IMG_0170_00009.jpg,3592055,IMG_0170.jpg,fb723a057ece5e4637f1baed8ac55e1a,2912,3636,JPEG
IMG_0170_00010.jpg,3558509,IMG_0170.jpg,7471fb1475d123f310cca120e81f5599,2912,3636,JPEG
IMG_0170_00011.jpg,3520376,IMG_0170.jpg,4d83c57c5c4203f49dcb21935e8713b3,2912,3636,JPEG
IMG_0170_00012.jpg,3471387,IMG_0170.jpg,2fc918fa784fd2652d44578a5a0ad50e,2912,3636,JPEG
IMG_0170_00013.jpg,3551773,IMG_0170.jpg,56ee9de35d7201c9b255e3a816fe0498,2912,3636,JPEG
IMG_0170_00014.jpg,3566285,IMG_0170.jpg,e45a5d2482c68e3213b21ea1ff4846ed,2912,3636,JPEG
IMG_0170_00015.jpg,3496093,IMG_0170.jpg,412d843707d60ddbcb288267716a9157,2912,3636,JPEG
IMG_0170_00016.jpg,3621844,IMG_0170.jpg,8abe245ad529be7a7317e10a836f49b5,2912,3636,JPEG
IMG_0170_00017.jpg,3620891,IMG_0170.jpg,93a154c2a906ae39d8726740a32e84cb,2912,3636,JPEG
IMG_0170_00018.jpg,3697633,IMG_0170.jpg,c42fe4b159fc1630ad20fc7f1a476936,2912,3636,JPEG
IMG_0170_00019.jpg,3710279,IMG_0170.jpg,3fbfc9429a4b205d64db3a0db543ea4c,2912,3636,JPEG
IMG_0170_00020.jpg,3574755,IMG_0170.jpg,ad56e76fec884510313653fd2db7793a,2912,3636,JPEG
IMG_0171_00001.jpg,1326085,IMG_0171.jpg,cac37957c029c9d06a4ea1339ec01f03,2314,1357,JPEG
IMG_0171_00002.jpg,1358729,IMG_0171.jpg,dd7bb4503c0851f94412009beac30ded,2314,1357,JPEG
IMG_0171_00003.jpg,1430286,IMG_0171.jpg,6c31fe3423b41aaf901810d55dbc0d30,2314,1357,JPEG
IMG_0171_00004.jpg,1296433,IMG_0171.jpg,3fab2dd341524a48bc4e3ec8617f29bf,2314,1357,JPEG
IMG_0171_00005.jpg,1364408,IMG_0171.jpg,051797d23c7ca43113f2228d1d8c62ba,2314,1357,JPEG
IMG_0171_00006.jpg,1417710,IMG_0171.jpg,177b70098d877fdbf4541fdbaf0f51bf,2314,1357,JPEG
IMG_0171_00007.jpg,1367779,IMG_0171.jpg,89ea9040d8ac79fbe90985d5b1754a3d,2314,1357,JPEG
IMG_0171_00008.jpg,1406234,IMG_0171.jpg,40fb13129e90035bddee9dd6adc1ec29,2314,1357,JPEG
IMG_0171_00009.jpg,1343012,IMG_0171.jpg,c6a0dccbf48139fa848176eb94afc44e,2314,1357,JPEG
IMG_0171_00010.jpg,1449998,IMG_0171.jpg,cf541801dde19b3b49969f50995ac4d3,2314,1357,JPEG
IMG_0171_00011.jpg,1409521,IMG_0171.jpg,53c5d5fb6a56867a9750ffddd5539fab,2314,1357,JPEG
IMG_0171_00012.jpg,1389084,IMG_0171.jpg,5d2d021674ee315fb540db1c0222d608,2314,1357,JPEG
IMG_0171_00013.jpg,1314203,IMG_0171.jpg,739338e3d0dbeaec93cd24c21e7d78b9,2314,1357,JPEG
IMG_0171_00014.jpg,1375722,IMG_0171.jpg,ac2875ec8ae594ea7112f4a79746e6c1,2314,1357,JPEG
IMG_0171_00015.jpg,1398167,IMG_0171.jpg,dd861c2a5cf1d79f5aa3cf524da423c5,2314,1357,JPEG
IMG_0171_00016.jpg,1442679,IMG_0171.jpg,e5ddcad3831e47197b0dfb4eceede06d,2314,1357,JPEG
IMG_0171_00017.jpg,1427531,IMG_0171.jpg,cfa9ce57d1f2be8e68cc1120b477a500,2314,1357,JPEG
IMG_0171_00018.jpg,1294108,IMG_0171.jpg,9d8fea9e686aa9f3415631c194f99335,2314,1357,JPEG
IMG_0171_00019.jpg,1311765,IMG_0171.jpg,b5f911ff06c10dd14cd5c2b0298af202,2314,1357,JPEG
IMG_0171_00020.jpg,1331570,IMG_0171.jpg,c21b52b2a7547981446b4c4a3f7053c3,2314,1357,JPEG
IMG_0172_00001.jpg,3042084,IMG_0172.jpg,316c1506bd93f1bde8237139bbb05eb1,2429,3286,JPEG
IMG_0172_00002.jpg,2950710,IMG_0172.jpg,713e69065d5dbc2c060ca79c6651efee,2429,3286,JPEG
IMG_0172_00003.jpg,3083751,IMG_0172.jpg,8bcf0f6d443fc220b7345c3a0719d3bd,2429,3286,JPEG
IMG_0172_00004.jpg,3014627,IMG_0172.jpg,7cc0ae78f4226c069fb8a4c31861dd45,2429,3286,JPEG
IMG_0172_00005.jpg,3073690,IMG_0172.jpg,f735c72c309581ab61f79a8e20757df3,2429,3286,JPEG
IMG_0172_00006.jpg,3187522,IMG_0172.jpg,c01843c65d0ad424e99ff932c93a0e3b,2429,3286,JPEG
IMG_0172_00007.jpg,3037362,IMG_0172.jpg,1d2628e8526f3958fd6ca54c20725d6c,2429,3286,JPEG
IMG_0172_00008.jpg,3089718,IMG_0172.jpg,d0247bf52ba3cf09e0d31eb1820ea0a4,2429,3286,JPEG
IMG_0172_00009.jpg,3024517,IMG_0172.jpg,35f93fc09bf19c5b86e95564972ce404,2429,3286,JPEG
IMG_0172_00010.jpg,3122497,IMG_0172.jpg,c4af229e6fcace9922bb24c1139019d4,2429,3286,JPEG
IMG_0172_00011.jpg,3035945,IMG_0172.jpg,8a3e4fe2b88b2cbe81ade7dc37e6e83e,2429,3286,JPEG
IMG_0172_00012.jpg,2936754,IMG_0172.jpg,bbfdaaefcff0936a2d6637fe4489db5d,2429,3286,JPEG
IMG_0172_00013.jpg,3068181,IMG_0172.jpg,593ad3ddff12eaf5f57b3f0250a7ab27,2429,3286,JPEG
IMG_0172_00014.jpg,3100981,IMG_0172.jpg,1d1d05302900752656876d272367e526,2429,3286,JPEG
IMG_0172_00015.jpg,3005057,IMG_0172.jpg,9a8a5c7204bc9b84a1fdaa8d438fcc70,2429,3286,JPEG
IMG_0172_00016.jpg,3087648,IMG_0172.jpg,3a673a195694f45190ca4ee8c4ea7032,2429,3286,JPEG
IMG_0172_00017.jpg,2994863,IMG_0172.jpg,7799e5f0f93b3f61a2bc39e736750480,2429,3286,JPEG
IMG_0172_00018.jpg,3138551,IMG_0172.jpg,19de4f7356434176e4ec6855d8fa70c7,2429,3286,JPEG
IMG_0172_00019.jpg,3099167,IMG_0172.jpg,1a5b11ed788cc81667bc49ad20bd84b9,2429,3286,JPEG
IMG_0172_00020.jpg,3115662,IMG_0172.jpg,d56335aca6d88dfc8ec667951983367b,2429,3286,JPEG
IMG_0173_00001.jpg,1537667,IMG_0173.jpg,4584ed6744a70fc95bf9296a0fcd0ea3,1873,2464,JPEG
IMG_0173_00002.jpg,1518572,IMG_0173.jpg,305a13bafc9c12d003c88be2de67cf9b,1873,2464,JPEG
IMG_0173_00003.jpg,1542684,IMG_0173.jpg,7eb24f9c9b5aa07fe8891e127e24cba7,1873,2464,JPEG
IMG_0173_00004.jpg,1536234,IMG_0173.jpg,5d65a3d95e62ce31714dc732dc9aad71,1873,2464,JPEG
IMG_0173_00005.jpg,1547265,IMG_0173.jpg,1247ad9a312123ffdf6fd0fea55727c9,1873,2464,JPEG
IMG_0173_00006.jpg,1476867,IMG_0173.jpg,f89dc03158799827a50368c46008e488,1873,2464,JPEG
IMG_0173_00007.jpg,1508812,IMG_0173.jpg,8771d8a2d859e52ca8a9d9255cecf336,1873,2464,JPEG
IMG_0173_00008.jpg,1569674,IMG_0173.jpg,d69986f5e339194d5f7826ab39e3fb34,1873,2464,JPEG
IMG_0173_00009.jpg,1598425,IMG_0173.jpg,039f7e1c1c79fdb490bbf6fe48990a68,1873,2464,JPEG
IMG_0173_00010.jpg,1509685,IMG_0173.jpg,14fb97c1c0fab5835104cec3354dc797,1873,2464,JPEG
IMG_0173_00011.jpg,1653133,IMG_0173.jpg,72e29e88aa2788ad1c69b2e6b73ab5ff,1873,2464,JPEG
IMG_0173_00012.jpg,1624239,IMG_0173.jpg,ee2e4ff8829d115c68500beaa139db51,1873,2464,JPEG
IMG_0173_00013.jpg,1609260,IMG_0173.jpg,d4a9687c4348386e1b7edf7e695c5d96,1873,2464,JPEG
IMG_0173_00014.jpg,1518192,IMG_0173.jpg,d6d7fea29ffab5ed1beb3167cdd92904,1873,2464,JPEG
IMG_0173_00015.jpg,1520778,IMG_0173.jpg,ffea7f0517565816f5ae313701d55410,1873,2464,JPEG
IMG_0173_00016.jpg,1533533,IMG_0173.jpg,b5dc6981d7acee29036ad91481cac6a6,1873,2464,JPEG
IMG_0173_00017.jpg,1580787,IMG_0173.jpg,175fa6dace497949e5f383c4bbbbb60c,1873,2464,JPEG
IMG_0173_00018.jpg,1523813,IMG_0173.jpg,a2a1d3e9944dae59711450fbce0b96ad,1873,2464,JPEG
IMG_0173_00019.jpg,1630284,IMG_0173.jpg,e660104192def98e9fdcb5e4e8ad74e8,1873,2464,JPEG
IMG_0173_00020.jpg,1568898,IMG_0173.jpg,815b8cbd139fdd5378d5394f7016002b,1873,2464,JPEG
IMG_0174_00001.jpg,2847807,IMG_0174.jpg,82a1882d73306e7e02ef45244e41895d,2950,2701,JPEG
IMG_0174_00002.jpg,2791473,IMG_0174.jpg,c04d52f5e67eaee69ad015dd1aecd636,2950,2701,JPEG
IMG_0174_00003.jpg,2745134,IMG_0174.jpg,05b0fa0422f2f259f1436117f332edd9,2950,2701,JPEG
IMG_0174_00004.jpg,2732256,IMG_0174.jpg,eb1b5f34d3ad2b29d9a37c47bf5926b6,2950,2701,JPEG
IMG_0174_00005.jpg,2695770,IMG_0174.jpg,d72e3ca3991b822658276ab531589406,2950,2701,JPEG
IMG_0174_00006.jpg,2798305,IMG_0174.jpg,f3a0d8284b17757e9fc472ce94db979d,2950,2701,JPEG
IMG_0174_00007.jpg,2692275,IMG_0174.jpg,e2956aab426d7140be904c6f3dee61e1,2950,2701,JPEG
IMG_0174_00008.jpg,2666763,IMG_0174.jpg,d2c80971784de4973841764ef91b72d6,2950,2701,JPEG
IMG_0174_00009.jpg,2736691,IMG_0174.jpg,0fbaebe14aa7ccd88060d25e9b8d2247,2950,2701,JPEG
IMG_0174_00010.jpg,2828464,IMG_0174.jpg,398c723b0445cbf9a65fa1d6c47a5147,2950,2701,JPEG
IMG_0174_00011.jpg,2703690,IMG_0174.jpg,97466be73c097874f67e5b21aac6eb91,2950,2701,JPEG
IMG_0174_00012.jpg,2803115,IMG_0174.jpg,a0c0499d0d26035c46ead4272d22928f,2950,2701,JPEG
IMG_0174_00013.jpg,2815843,IMG_0174.jpg,2d333a7faee837527f97e2f05492cdd4,2950,2701,JPEG
IMG_0174_00014.jpg,2689008,IMG_0174.jpg,64a157038c9b6dbbf9ba599b830ef1ed,2950,2701,JPEG
IMG_0174_00015.jpg,2764389,IMG_0174.jpg,5f8f650d89ef10b3186978219518aabd,2950,2701,JPEG
IMG_0174_00016.jpg,2754924,IMG_0174.jpg,537a0b7370f2e6a16a5d3d7a860b5329,2950,2701,JPEG
IMG_0174_00017.jpg,2764650,IMG_0174.jpg,0317fd9141a7868db0f1cdc38dd80eb8,2950,2701,JPEG
IMG_0174_00018.jpg,2788276,IMG_0174.jpg,a2b6368ec74adecf595ce688bc86457b,2950,2701,JPEG
IMG_0174_00019.jpg,2625422,IMG_0174.jpg,03ad917c14678e4a86606b4b95ab6576,2950,2701,JPEG
IMG_0174_00020.jpg,2965809,IMG_0174.jpg,e96b566d4e72d724a58670d95e7b1214,2950,2701,JPEG
IMG_0175_00001.jpg,2951083,IMG_0175.jpg,6872baf8713369065458a49beff519a0,4044,2438,JPEG
IMG_0175_00002.jpg,3078586,IMG_0175.jpg,8a45ec9b60def8afbbc85410d758544a,4044,2438,JPEG
IMG_0175_00003.jpg,2939259,IMG_0175.jpg,87ca3996a7c91d315304fa2d29ebbdbe,4044,2438,JPEG
IMG_0175_00004.jpg,3007473,IMG_0175.jpg,14b6c0756f24a9f8aa643a5b935d03d8,4044,2438,JPEG
IMG_0175_00005.jpg,3253537,IMG_0175.jpg,9d7d53e1118512c04c69cc8e235f55ba,4044,2438,JPEG
IMG_0175_00006.jpg,2937245,IMG_0175.jpg,e4bd216964b87dcf256e914987b552da,4044,2438,JPEG
IMG_0175_00007.jpg,2989918,IMG_0175.jpg,7084a8c1d3c0b3f4dee2965c70c8d6a2,4044,2438,JPEG
IMG_0175_00008.jpg,3076319,IMG_0175.jpg,744b89f23c729420529cbafa4a521958,4044,2438,JPEG
IMG_0175_00009.jpg,3013356,IMG_0175.jpg,02c5d08ff9790018e509c5f3265c6218,4044,2438,JPEG
IMG_0175_00010.jpg,2833840,IMG_0175.jpg,d172a88a67ae6f20e89250531bd49504,4044,2438,JPEG
IMG_0175_00011.jpg,3105292,IMG_0175.jpg,7f0955c3ed79faaa198988176a519108,4044,2438,JPEG
IMG_0175_00012.jpg,2872096,IMG_0175.jpg,94b47fb7d96d7ef2ef2560394bc83d8b,4044,2438,JPEG
IMG_0175_00013.jpg,3094288,IMG_0175.jpg,62d6bd17e54d684df4e10836fb2a6d23,4044,2438,JPEG
IMG_0175_00014.jpg,3191189,IMG_0175.jpg,0d4528a68cb3830db9bd3d214c26c006,4044,2438,JPEG
IMG_0175_00015.jpg,3001460,IMG_0175.jpg,a100ac15f06135e7bc3cb43f2f7b5d14,4044,2438,JPEG
IMG_0175_00016.jpg,3263690,IMG_0175.jpg,e00c4749803dd28666844c2df654ae30,4044,2438,JPEG
IMG_0175_00017.jpg,2927725,IMG_0175.jpg,9733c5d59eea6756f53c99d42caaf6d2,4044,2438,JPEG
IMG_0175_00018.jpg,3235425,IMG_0175.jpg,4d0f0ca089bcc30f389864d60e21a168,4044,2438,JPEG
IMG_0175_00019.jpg,3134500,IMG_0175.jpg,a55487c24526e129cad401e9ce8f2ca2,4044,2438,JPEG
IMG_0175_00020.jpg,2922810,IMG_0175.jpg,7688122d25e95ac93adbd526815f780a,4044,2438,JPEG
IMG_0176_00001.jpg,1214453,IMG_0176.jpg,7d51374d07942102906555d3088d8c5d,1695,2397,JPEG
IMG_0176_00002.jpg,1210532,IMG_0176.jpg,6442a3c6cdd108907eefdd6fb1ea1494,1695,2397,JPEG
IMG_0176_00003.jpg,1126850,IMG_0176.jpg,ba48b4bd3c89e3e8893266d9dbf2c915,1695,2397,JPEG
IMG_0176_00004.jpg,1148196,IMG_0176.jpg,d31d5175a5bba7fab141debafd7b43b5,1695,2397,JPEG
IMG_0176_00005.jpg,1142442,IMG_0176.jpg,d1e60a1a4e72c504ecb7c511edbf6c10,1695,2397,JPEG
IMG_0176_00006.jpg,1175431,IMG_0176.jpg,5f888e8c0b5f0a0760c356b69e2b28f8,1695,2397,JPEG
IMG_0176_00007.jpg,1137226,IMG_0176.jpg,9f3673bd0f42fbfde489273f965c0a49,1695,2397,JPEG
IMG_0176_00008.jpg,1143145,IMG_0176.jpg,c751e7b9861973bc5b934aeb343ee6f3,1695,2397,JPEG
IMG_0176_00009.jpg,1308356,IMG_0176.jpg,f422b5665c1c62a2fcbedbfbed2b6e51,1695,2397,JPEG
IMG_0176_00010.jpg,1218969,IMG_0176.jpg,c93a6f631b077180a9205eaf32fbf601,1695,2397,JPEG
IMG_0176_00011.jpg,1087312,IMG_0176.jpg,170ba36a7f7c2d5a5bfa129dd76e9305,1695,2397,JPEG
IMG_0176_00012.jpg,1140560,IMG_0176.jpg,416af8bd0839f231c7e9298c7d0685b0,1695,2397,JPEG
IMG_0176_00013.jpg,1215614,IMG_0176.jpg,c1bdaab9487da5ac7240b740e8c6f807,1695,2397,JPEG
IMG_0176_00014.jpg,1111433,IMG_0176.jpg,66e504690d7cff58a42dd4e15074112d,1695,2397,JPEG
IMG_0176_00015.jpg,1203523,IMG_0176.jpg,011d7ea47a644b9d3ea2e85cb7c9ba7c,1695,2397,JPEG
IMG_0176_00016.jpg,1196239,IMG_0176.jpg,31e71ca2acddff9bfaa38f57391a530f,1695,2397,JPEG
IMG_0176_00017.jpg,1184494,IMG_0176.jpg,ed565d4038aa82c0f6247f377d0f6914,1695,2397,JPEG
IMG_0176_00018.jpg,1212373,IMG_0176.jpg,058987788e4f73e7f8d013b067c4087b,1695,2397,JPEG
IMG_0176_00019.jpg,1143267,IMG_0176.jpg,124c3cb9653f534fbe0fa67b9e81565f,1695,2397,JPEG
IMG_0176_00020.jpg,1151258,IMG_0176.jpg,278cd13997efe80a7b0f29cf7a030dd3,1695,2397,JPEG
IMG_0177_00001.jpg,1273639,IMG_0177.jpg,804ea057c47c824d07d8674be536e459,3090,1219,JPEG
IMG_0177_00002.jpg,1106522,IMG_0177.jpg,06cf94140e0b18d11b4ca24a49372e43,3090,1219,JPEG
IMG_0177_00003.jpg,1214849,IMG_0177.jpg,cea6dea97ba0c0d27f0323edaeff5068,3090,1219,JPEG
IMG_0177_00004.jpg,1326556,IMG_0177.jpg,0b78ec58c9baddb97ea535430a006e84,3090,1219,JPEG
IMG_0177_00005.jpg,1347189,IMG_0177.jpg,9bc4c8dc8d3ff5f5d019c694c452e186,3090,1219,JPEG
IMG_0177_00006.jpg,1227875,IMG_0177.jpg,cff99fc25010e3a373723e3a984d4ba1,3090,1219,JPEG
IMG_0177_00007.jpg,1187751,IMG_0177.jpg,cc4b5477252f0cd6dd748fc748489f9b,3090,1219,JPEG
IMG_0177_00008.jpg,1265331,IMG_0177.jpg,fbbc37835169ec9647388f8e2125ada1,3090,1219,JPEG
IMG_0177_00009.jpg,1396883,IMG_0177.jpg,b6be4ab2f3dd0f894b7d6b3d834467da,3090,1219,JPEG
IMG_0177_00010.jpg,1227601,IMG_0177.jpg,79becd18efbe2e97fba0fb2d80592c87,3090,1219,JPEG
IMG_0177_00011.jpg,1331427,IMG_0177.jpg,c259df3335ad59068a286e92d4dd1fec,3090,1219,JPEG
IMG_0177_00012.jpg,1244513,IMG_0177.jpg,dd0c04b60a14e8566a6d1576df005484,3090,1219,JPEG
IMG_0177_00013.jpg,1217817,IMG_0177.jpg,7b42cf1b21b324f368dfe3612571cb60,3090,1219,JPEG
IMG_0177_00014.jpg,1224781,IMG_0177.jpg,56646f92a35bed5e85a355bb5a950245,3090,1219,JPEG
IMG_0177_00015.jpg,1263776,IMG_0177.jpg,d6d9539477ac168c075c49047ad7c0eb,3090,1219,JPEG
IMG_0177_00016.jpg,1269428,IMG_0177.jpg,f0d8c599b1de741fe06722e8708aad91,3090,1219,JPEG
IMG_0177_00017.jpg,1298753,IMG_0177.jpg,c6f8714c4ac619a20ab7e0d99bb990af,3090,1219,JPEG
IMG_0177_00018.jpg,1236582,IMG_0177.jpg,39f1eb832fe5086780719f295163bfb9,3090,1219,JPEG
IMG_0177_00019.jpg,1253300,IMG_0177.jpg,1eb0dae01b874a668a7bcb0762ce2c1b,3090,1219,JPEG
IMG_0177_00020.jpg,1386197,IMG_0177.jpg,7139110e2c4c4e74ceaa5a00be044d24,3090,1219,JPEG
IMG_0178_00001.jpg,1824037,IMG_0178.jpg,c667325ff7f70129996d7d9fa70f5805,1908,3220,JPEG
IMG_0178_00002.jpg,1800445,IMG_0178.jpg,6b9571c8d187cd7c666d5469a2dc28ef,1908,3220,JPEG
IMG_0178_00003.jpg,1883874,IMG_0178.jpg,4efaa920803b314c459081ca5e6da967,1908,3220,JPEG
IMG_0178_00004.jpg,1820681,IMG_0178.jpg,5ef86877892143130a9a9fde8ffc325f,1908,3220,JPEG
IMG_0178_00005.jpg,1831498,IMG_0178.jpg,89b5dd8e902e6953c73985cea05697d8,1908,3220,JPEG
IMG_0178_00006.jpg,1986363,IMG_0178.jpg,476750be6b7d22b86bcbb72a46ebed03,1908,3220,JPEG
IMG_0178_00007.jpg,1826478,IMG_0178.jpg,7a169fe4a079ba45e9d0ad40507eeddf,1908,3220,JPEG
IMG_0178_00008.jpg,1993697,IMG_0178.jpg,818757f4f1bdc6fc1907f8ba44656786,1908,3220,JPEG
IMG_0178_00009.jpg,1866845,IMG_0178.jpg,054f286d53852639f6cc6ba8ec290ba1,1908,3220,JPEG
IMG_0178_00010.jpg,1867059,IMG_0178.jpg,22a66f5611176d78f3a43e9ec50c5a9e,1908,3220,JPEG
IMG_0178_00011.jpg,1983690,IMG_0178.jpg,a398f177d3c0ef93e928af1fe506fc2b,1908,3220,JPEG
IMG_0178_00012.jpg,1799139,IMG_0178.jpg,c8da1ca6d9eedcb6b6b71c0c147238d9,1908,3220,JPEG
IMG_0178_00013.jpg,1835493,IMG_0178.jpg,816e5abd84acc33c8c4d2ea8efdfbf9a,1908,3220,JPEG
IMG_0178_00014.jpg,1786982,IMG_0178.jpg,4ddd73c25374d24106aea7a44464303d,1908,3220,JPEG
IMG_0178_00015.jpg,1781218,IMG_0178.jpg,88f4b6e863e43c7e4e28616815481b3b,1908,3220,JPEG
IMG_0178_00016.jpg,1815272,IMG_0178.jpg,3c2cffcd96a71dadc1e50e59494c3b8e,1908,3220,JPEG
IMG_0178_00017.jpg,1912499,IMG_0178.jpg,4648588d4fa975b7c0d7adb76fe37f63,1908,3220,JPEG
IMG_0178_00018.jpg,1905025,IMG_0178.jpg,911aa321aa1155c7d76c93ec79e6b416,1908,3220,JPEG
IMG_0178_00019.jpg,1838929,IMG_0178.jpg,5b32ee73df0722543a0b45dc8fb8d357,1908,3220,JPEG
IMG_0178_00020.jpg,1870276,IMG_0178.jpg,4d0592ec45489db12a3a217f96ab9811,1908,3220,JPEG
IMG_0179_00001.jpg,2487716,IMG_0179.jpg,8ddeda5f58b9eb8d46117f8d8fe6cdb1,4237,1801,JPEG
IMG_0179_00002.jpg,2245877,IMG_0179.jpg,8a8a94716187eb14ccaf6b42c52f711f,4237,1801,JPEG
IMG_0179_00003.jpg,2233262,IMG_0179.jpg,db01bf285edc4b944302c629aa7e2802,4237,1801,JPEG
IMG_0179_00004.jpg,2315660,IMG_0179.jpg,2e43734f0ecc03d76f187ed3d3e6573e,4237,1801,JPEG
IMG_0179_00005.jpg,2608396,IMG_0179.jpg,769794f728a620709d137e80f11f0774,4237,1801,JPEG
IMG_0179_00006.jpg,2280897,IMG_0179.jpg,3acaff25017d9c05d6a24a0a63376a0f,4237,1801,JPEG
IMG_0179_00007.jpg,2336889,IMG_0179.jpg,a73be9428194266447fe30ce95fcebfb,4237,1801,JPEG
IMG_0179_00008.jpg,2733361,IMG_0179.jpg,94ccd87974e566772a173cea2c15d859,4237,1801,JPEG
IMG_0179_00009.jpg,2202815,IMG_0179.jpg,5a93005ff19d1447559814a1554a37a0,4237,1801,JPEG
IMG_0179_00010.jpg,2790161,IMG_0179.jpg,0a7c824236e32182b653a65b1ba6a7d9,4237,1801,JPEG
IMG_0179_00011.jpg,2193805,IMG_0179.jpg,caec1e46b7bde33c45be8ea9fcce47e1,4237,1801,JPEG
IMG_0179_00012.jpg,2416399,IMG_0179.jpg,c4c74fb91f2a49a255c5c92563989871,4237,1801,JPEG
IMG_0179_00013.jpg,2493717,IMG_0179.jpg,6e25d8b4ffa392805178dff2b48325e7,4237,1801,JPEG
IMG_0179_00014.jpg,2202801,IMG_0179.jpg,27328170a09de9b9327ffcaf77cd28f8,4237,1801,JPEG
IMG_0179_00015.jpg,2170752,IMG_0179.jpg,ad2881f645ae390a7870c5039042eb7b,4237,1801,JPEG
IMG_0179_00016.jpg,2231206,IMG_0179.jpg,4caeb942c0ba5ef6246fc3adb2b87aa0,4237,1801,JPEG
IMG_0179_00017.jpg,2472920,IMG_0179.jpg,50d5bb8b0302a2b0b4bbd21d1fd55550,4237,1801,JPEG
IMG_0179_00018.jpg,2260209,IMG_0179.jpg,b2635d58e76eb7275032144a2296888b,4237,1801,JPEG
IMG_0179_00019.jpg,2336659,IMG_0179.jpg,52bd1c4c3ae4ece85bb9b04868451e2b,4237,1801,JPEG
IMG_0179_00020.jpg,2432662,IMG_0179.jpg,312dfdbfd4a13c3c06bdaf55e9ef2e15,4237,1801,JPEG
IMG_0180_00001.jpg,1636521,IMG_0180.jpg,0a619926db40da340f7d4d94fddb9074,1989,2845,JPEG
IMG_0180_00002.jpg,1648990,IMG_0180.jpg,3d8692fd6c08e89505a10996bcfa56fa,1989,2845,JPEG
IMG_0180_00003.jpg,1731770,IMG_0180.jpg,e272e86eaa30a0a26eb619588847a2d9,1989,2845,JPEG
IMG_0180_00004.jpg,1766357,IMG_0180.jpg,933e6f007d7a7a2c2ccb81073e2d2086,1989,2845,JPEG
IMG_0180_00005.jpg,1788705,IMG_0180.jpg,f41e6343a256e1147b801393b2c7977c,1989,2845,JPEG
IMG_0180_00006.jpg,1622361,IMG_0180.jpg,342712ed17304f50c38de11a1d882f6a,1989,2845,JPEG
IMG_0180_00007.jpg,1640438,IMG_0180.jpg,cc51821d004964304998733d916c02e6,1989,2845,JPEG
IMG_0180_00008.jpg,1744472,IMG_0180.jpg,3ac53b06180804c4b374f9678e36871c,1989,2845,JPEG
IMG_0180_00009.jpg,1806336,IMG_0180.jpg,70d492508a37d1b000fb8e0d6351805b,1989,2845,JPEG
IMG_0180_00010.jpg,1731664,IMG_0180.jpg,f2c2551dbfec9c4d8690582379729735,1989,2845,JPEG
IMG_0180_00011.jpg,1660551,IMG_0180.jpg,ea07605fd0f7b51bbebe8c12b9115aa0,1989,2845,JPEG
IMG_0180_00012.jpg,1710719,IMG_0180.jpg,22db7bc17321d690f051a7f7b7ff6e60,1989,2845,JPEG
IMG_0180_00013.jpg,1649838,IMG_0180.jpg,0cf813ed71e423a403c82132490e45bb,1989,2845,JPEG
IMG_0180_00014.jpg,1654975,IMG_0180.jpg,e3eea4d6d98cdc2dab3290aa63e8c033,1989,2845,JPEG
IMG_0180_00015.jpg,1777878,IMG_0180.jpg,21ae4f693f40ac7d09f4d37cded2106e,1989,2845,JPEG
IMG_0180_00016.jpg,1595578,IMG_0180.jpg,a7edf0205f4b6836e2e08ed4d75c3989,1989,2845,JPEG
IMG_0180_00017.jpg,1674145,IMG_0180.jpg,daf20973b4e15521a2e1dd549eca3711,1989,2845,JPEG
IMG_0180_00018.jpg,1684131,IMG_0180.jpg,9fc4921748b244b4e16c6ffbd23b9482,1989,2845,JPEG
IMG_0180_00019.jpg,1623207,IMG_0180.jpg,60aad63d33b971a64aa7399351a5af7c,1989,2845,JPEG
IMG_0180_00020.jpg,1723282,IMG_0180.jpg,d9cd61a6a9c8c8dff6640326efd814e2,1989,2845,JPEG
IMG_0181_00001.jpg,1556598,IMG_0181.jpg,a49c757a738b1649eee5c45619a6dac9,2181,2305,JPEG
IMG_0181_00002.jpg,1727955,IMG_0181.jpg,e7d80befd85644b1441a69fbe01353eb,2181,2305,JPEG
IMG_0181_00003.jpg,1551821,IMG_0181.jpg,b276637cd5ad03d16c98af253cdab8f1,2181,2305,JPEG
IMG_0181_00004.jpg,1619205,IMG_0181.jpg,f01bc1605cf132e274ca978f193c8041,2181,2305,JPEG
IMG_0181_00005.jpg,1795414,IMG_0181.jpg,f4e8e883f6fb823852116468fb62bdcf,2181,2305,JPEG
IMG_0181_00006.jpg,1648479,IMG_0181.jpg,070fec9b3e14118f9463a7a7da150244,2181,2305,JPEG
IMG_0181_00007.jpg,1674169,IMG_0181.jpg,d10e198e57b73e2df154bf00a48e5038,2181,2305,JPEG
IMG_0181_00008.jpg,1659506,IMG_0181.jpg,cf2c1e614b8903568e7e42cab07c33e2,2181,2305,JPEG
IMG_0181_00009.jpg,1572273,IMG_0181.jpg,284823a740354967ed015516644401dc,2181,2305,JPEG
IMG_0181_00010.jpg,1782988,IMG_0181.jpg,f2f308d34594bab3a57c3581ebe446ca,2181,2305,JPEG
IMG_0181_00011.jpg,1558681,IMG_0181.jpg,cddfc2286c399879dc3a6c466365debb,2181,2305,JPEG
IMG_0181_00012.jpg,1615111,IMG_0181.jpg,65c2cc157b672c3cc997a5d73e78a429,2181,2305,JPEG
IMG_0181_00013.jpg,1640152,IMG_0181.jpg,c433444f464382c67e2ae666c052b306,2181,2305,JPEG
IMG_0181_00014.jpg,1606260,IMG_0181.jpg,96c47c31f34d6cd2e37405594c3aba09,2181,2305,JPEG
IMG_0181_00015.jpg,1814334,IMG_0181.jpg,7ed99ee7b00225d3978f1a9f33f5c500,2181,2305,JPEG
IMG_0181_00016.jpg,1594936,IMG_0181.jpg,c2fef9c6ea8995cc00345522f6f4107a,2181,2305,JPEG
IMG_0181_00017.jpg,1684805,IMG_0181.jpg,ef5993e7798c96e2c0ccdb004ff3255c,2181,2305,JPEG
IMG_0181_00018.jpg,1626201,IMG_0181.jpg,12f89eac4221036b29f8e8cee23feb34,2181,2305,JPEG
IMG_0181_00019.jpg,1891473,IMG_0181.jpg,9489c9ddbae723be6a1ca49a78992777,2181,2305,JPEG
IMG_0181_00020.jpg,1571756,IMG_0181.jpg,8ab2979e15b882284595033579703441,2181,2305,JPEG
IMG_0183_00001.jpg,1350975,IMG_0183.jpg,68eff4b79e102643ce83dd074f1dd240,1544,3897,JPEG
IMG_0183_00002.jpg,1363407,IMG_0183.jpg,b83c27f6b1548fbc5fad3be1222c7ee6,1544,3897,JPEG
IMG_0183_00003.jpg,1344238,IMG_0183.jpg,47d441938f401ebf0d51e513d705dec8,1544,3897,JPEG
IMG_0183_00004.jpg,1537700,IMG_0183.jpg,75800c1a35de8e498a0b558c26e5368f,1544,3897,JPEG
IMG_0183_00005.jpg,1343237,IMG_0183.jpg,cf810149cb0350104cb193227c9f573d,1544,3897,JPEG
IMG_0183_00006.jpg,1355438,IMG_0183.jpg,0942d01208269237cbe58e0047e50d72,1544,3897,JPEG
IMG_0183_00007.jpg,1346859,IMG_0183.jpg,e42152dd0041538bbd40f8e7cb1d7af0,1544,3897,JPEG
IMG_0183_00008.jpg,1423915,IMG_0183.jpg,332b838391f71e6fdfb6fecaf0ac3f00,1544,3897,JPEG
IMG_0183_00009.jpg,1483018,IMG_0183.jpg,9a79d9a19af450858e7ee77d1d8fca4f,1544,3897,JPEG
IMG_0183_00010.jpg,1410045,IMG_0183.jpg,ae2f41b57f39a467d5a433dd86ac95eb,1544,3897,JPEG
IMG_0183_00011.jpg,1346783,IMG_0183.jpg,5a35096719f1a7110b71223a148ac81d,1544,3897,JPEG
IMG_0183_00012.jpg,1362712,IMG_0183.jpg,6bec3d89989e9ddc3c4154cb88b4aaff,1544,3897,JPEG
IMG_0183_00013.jpg,1348611,IMG_0183.jpg,3ebe9ba49902710d05b748848fb0645a,1544,3897,JPEG
IMG_0183_00014.jpg,1532973,IMG_0183.jpg,48434ef19897ba7a9f083c3e644371e0,1544,3897,JPEG
IMG_0183_00015.jpg,1395434,IMG_0183.jpg,eff5084c473b809f133fe4c419cb880e,1544,3897,JPEG
IMG_0183_00016.jpg,1390026,IMG_0183.jpg,7978011fcd8caba55888d3b403c4331a,1544,3897,JPEG
IMG_0183_00017.jpg,1355795,IMG_0183.jpg,3a3e419bc78c6917d6ad335ec7ed46f5,1544,3897,JPEG
IMG_0183_00018.jpg,1396490,IMG_0183.jpg,3c9fcce93485d873b249260a382f5eb5,1544,3897,JPEG
IMG_0183_00019.jpg,1349741,IMG_0183.jpg,63bdf8798f95ff5bf5b1068372d4cd91,1544,3897,JPEG
IMG_0183_00020.jpg,1568497,IMG_0183.jpg,51a3a2dac627f8430583b8de85a695f5,1544,3897,JPEG
IMG_0184_00001.jpg,1453714,IMG_0184.jpg,32e0ed0af11e94bbeac466dff3e039bb,2132,2838,JPEG
IMG_0184_00002.jpg,1467263,IMG_0184.jpg,d6e4ed0fdabdc2cd32014fba785e9c14,2132,2838,JPEG
IMG_0184_00003.jpg,1474606,IMG_0184.jpg,aa9ac7fcdcaa97e75d0075b345569538,2132,2838,JPEG
IMG_0184_00004.jpg,1497327,IMG_0184.jpg,e8224161ea68f00781fdcee5d013c540,2132,2838,JPEG
IMG_0184_00005.jpg,1514254,IMG_0184.jpg,22ee2f057dcc173a75518fcf6e3c5425,2132,2838,JPEG
IMG_0184_00006.jpg,1573110,IMG_0184.jpg,7d8e772b268e339f8c7451cfdea39c48,2132,2838,JPEG
IMG_0184_00007.jpg,1641269,IMG_0184.jpg,243369d5000112d7a6ff3cf6e0d98e62,2132,2838,JPEG
IMG_0184_00008.jpg,1489539,IMG_0184.jpg,0f9c3e97476cafd7d164a1023559b6de,2132,2838,JPEG
IMG_0184_00009.jpg,1581287,IMG_0184.jpg,857cae641a943846e4a903a8d0052ae6,2132,2838,JPEG
IMG_0184_00010.jpg,1471497,IMG_0184.jpg,b156ca9c3eb3cc71dbe91f8e67b7d11f,2132,2838,JPEG
IMG_0184_00011.jpg,1546033,IMG_0184.jpg,114dc0c8560f069cd7502603e0478219,2132,2838,JPEG
IMG_0184_00012.jpg,1666368,IMG_0184.jpg,bf1398a2945bd47abaf8a30392642914,2132,2838,JPEG
IMG_0184_00013.jpg,1391457,IMG_0184.jpg,8af91050d93a1cb68cc4739cf2b2d4f2,2132,2838,JPEG
IMG_0184_00014.jpg,1437077,IMG_0184.jpg,d42124b959417ac82aabd6aa9c8b7719,2132,2838,JPEG
IMG_0184_00015.jpg,1710273,IMG_0184.jpg,9c8595097f7e8eb4bfd424e8500074c2,2132,2838,JPEG
IMG_0184_00016.jpg,1504980,IMG_0184.jpg,918c93e0d2ff7c67bb58028ed8a62322,2132,2838,JPEG
IMG_0184_00017.jpg,1643939,IMG_0184.jpg,16ebfc0c1ef076fdf096dbe4f0dc6724,2132,2838,JPEG
IMG_0184_00018.jpg,1433742,IMG_0184.jpg,ff17825d3bd7ce3caba00ba0efc37bdb,2132,2838,JPEG
IMG_0184_00019.jpg,1549223,IMG_0184.jpg,81e95f24cd83b232043992a4e77d020d,2132,2838,JPEG
IMG_0184_00020.jpg,1513506,IMG_0184.jpg,5da0c153b676e90f4ab30afd400fb99a,2132,2838,JPEG
IMG_0185_00001.jpg,1471073,IMG_0185.jpg,7c6907a1998300aa64803a2d949010a4,2330,2467,JPEG
IMG_0185_00002.jpg,1442174,IMG_0185.jpg,d67d2878f3ec19f08dba965fa243d330,2330,2467,JPEG
IMG_0185_00003.jpg,1468868,IMG_0185.jpg,d53928f9bc6d75d68fe3259649671514,2330,2467,JPEG
IMG_0185_00004.jpg,1498832,IMG_0185.jpg,d1af2f2941d3727187924dc9c23fdf48,2330,2467,JPEG
IMG_0185_00005.jpg,1550428,IMG_0185.jpg,c53017b85866192cf668d34e355fc779,2330,2467,JPEG
IMG_0185_00006.jpg,1672073,IMG_0185.jpg,499734a78b0e12f2198d87f895cda51d,2330,2467,JPEG
IMG_0185_00007.jpg,1398704,IMG_0185.jpg,6c3000f83c8b2c1286453c9a0942198a,2330,2467,JPEG
IMG_0185_00008.jpg,1616674,IMG_0185.jpg,c4755a009c07f4f43de2b40597b71eae,2330,2467,JPEG
IMG_0185_00009.jpg,1490553,IMG_0185.jpg,5ad82a6324e7f04df26742e362517628,2330,2467,JPEG
IMG_0185_00010.jpg,1545133,IMG_0185.jpg,2745d117557dd3cf61168cd9b15ccb5b,2330,2467,JPEG
IMG_0185_00011.jpg,1474297,IMG_0185.jpg,f60e9e2b05e39f59cdf4652e09a4d38c,2330,2467,JPEG
IMG_0185_00012.jpg,1453350,IMG_0185.jpg,3a9a8957d9fa18794e8230db790630f1,2330,2467,JPEG
IMG_0185_00013.jpg,1510869,IMG_0185.jpg,1f2bde680c48da5687ec1286b828529a,2330,2467,JPEG
IMG_0185_00014.jpg,1484511,IMG_0185.jpg,050524f248f7439a0dbef52d34d01fa4,2330,2467,JPEG
IMG_0185_00015.jpg,1377196,IMG_0185.jpg,788536ebc987346cc91e24a21baaad68,2330,2467,JPEG
IMG_0185_00016.jpg,1454988,IMG_0185.jpg,10b21c0b6c5af2373747a8a0f3ada75f,2330,2467,JPEG
IMG_0185_00017.jpg,1702175,IMG_0185.jpg,7b3f386106902c753d23cfec05b6ad0a,2330,2467,JPEG
IMG_0185_00018.jpg,1506169,IMG_0185.jpg,774c9fc92f3b85ab7e9d2ed03da0da1b,2330,2467,JPEG
IMG_0185_00019.jpg,1574507,IMG_0185.jpg,f6e18a769754ed427a4b4192c5fcf5c1,2330,2467,JPEG
IMG_0185_00020.jpg,1459942,IMG_0185.jpg,22c3f434f0f5895cb81488554e1e4caf,2330,2467,JPEG
IMG_0186_00001.jpg,1419888,IMG_0186.jpg,b21600b95e958271878a4956c9d4df1f,1657,3292,JPEG
IMG_0186_00002.jpg,1511128,IMG_0186.jpg,9005e473550ac484254e01fe115612e0,1657,3292,JPEG
IMG_0186_00003.jpg,1591227,IMG_0186.jpg,76ca13e2d80738502bb33c752741db84,1657,3292,JPEG
IMG_0186_00004.jpg,1583380,IMG_0186.jpg,dcdd36092a0c4d2853e0cb407b7f72e3,1657,3292,JPEG
IMG_0186_00005.jpg,1464716,IMG_0186.jpg,d73539c05157e5ed5b4d937e332d1f5a,1657,3292,JPEG
IMG_0186_00006.jpg,1500641,IMG_0186.jpg,3a9d28f4bc5f5175855e77c5db5a6eb2,1657,3292,JPEG
IMG_0186_00007.jpg,1574127,IMG_0186.jpg,c2666134ecedb3e074de221537c91452,1657,3292,JPEG
IMG_0186_00008.jpg,1473711,IMG_0186.jpg,9f6d3d5b520f652be07dbbf87b18486b,1657,3292,JPEG
IMG_0186_00009.jpg,1446575,IMG_0186.jpg,293f62f6cd4444b7661133d61559cacf,1657,3292,JPEG
IMG_0186_00010.jpg,1473654,IMG_0186.jpg,b982f314f30d84835d2a6c2457f4fcf2,1657,3292,JPEG
IMG_0186_00011.jpg,1447307,IMG_0186.jpg,c2dffde1d072425ae96b96a944ec112d,1657,3292,JPEG
IMG_0186_00012.jpg,1412901,IMG_0186.jpg,2ff7a642c6d0a912c60555869a8b2c06,1657,3292,JPEG
IMG_0186_00013.jpg,1408695,IMG_0186.jpg,60ceeac0ed7a63f34b36d619562c5b88,1657,3292,JPEG
IMG_0186_00014.jpg,1558660,IMG_0186.jpg,e1c5287c666e5eec37ae5729fbea11f0,1657,3292,JPEG
IMG_0186_00015.jpg,1404748,IMG_0186.jpg,e58337a67f4270b60a97553e6a7ceb71,1657,3292,JPEG
IMG_0186_00016.jpg,1476417,IMG_0186.jpg,d7b6e1a3d16849d25f97de77e8e03bc8,1657,3292,JPEG
IMG_0186_00017.jpg,1441224,IMG_0186.jpg,66d970e5426490b5ae85ccf5c76a789c,1657,3292,JPEG
IMG_0186_00018.jpg,1429915,IMG_0186.jpg,2991cbb8943ec4a1c461674911921d78,1657,3292,JPEG
IMG_0186_00019.jpg,1468624,IMG_0186.jpg,fab64f924ffd9beb2710e656982c38e3,1657,3292,JPEG
IMG_0186_00020.jpg,1439131,IMG_0186.jpg,a9ec25e314aa0684a52446d7977bddcb,1657,3292,JPEG
IMG_0187_00001.jpg,910463,IMG_0187.jpg,8f0aa58478a2c4558acac788eecb538f,1323,2279,JPEG
IMG_0187_00002.jpg,818982,IMG_0187.jpg,d86b7af8b63c526d12c1193c0f0efe47,1323,2279,JPEG
IMG_0187_00003.jpg,828799,IMG_0187.jpg,b655af2445aa1a0547538c8669a3d47e,1323,2279,JPEG
IMG_0187_00004.jpg,808131,IMG_0187.jpg,2ea1f71cd238533e64a0ddc3952fd0b7,1323,2279,JPEG
IMG_0187_00005.jpg,849435,IMG_0187.jpg,fd98361aaf800f10327b6ebcbb3c0cb8,1323,2279,JPEG
IMG_0187_00006.jpg,773975,IMG_0187.jpg,9b0621772578367581233ac4bf484d4d,1323,2279,JPEG
IMG_0187_00007.jpg,825750,IMG_0187.jpg,7f23782db426f350cd01ca622c14355c,1323,2279,JPEG
IMG_0187_00008.jpg,792552,IMG_0187.jpg,58dd3aa3cabfdb8ca2e2010bf0ebe6b5,1323,2279,JPEG
IMG_0187_00009.jpg,730546,IMG_0187.jpg,b8d2f053c0ada4e9d911b54417717b05,1323,2279,JPEG
IMG_0187_00010.jpg,783358,IMG_0187.jpg,cc7afc8efb135b57913d1c17bbc907ee,1323,2279,JPEG
IMG_0187_00011.jpg,796890,IMG_0187.jpg,9c4cd068515a3d901c6c69df5264f974,1323,2279,JPEG
IMG_0187_00012.jpg,786180,IMG_0187.jpg,27d130e19c54a3f26e1d8df406da6cff,1323,2279,JPEG
IMG_0187_00013.jpg,811590,IMG_0187.jpg,2e3abe2df4a33622c8cd3b9ab5be251f,1323,2279,JPEG
IMG_0187_00014.jpg,800941,IMG_0187.jpg,28edd47a097b1e8880cd7f07868ea7fc,1323,2279,JPEG
IMG_0187_00015.jpg,761753,IMG_0187.jpg,17473154e560bd3d881b9bac657efe58,1323,2279,JPEG
IMG_0187_00016.jpg,823962,IMG_0187.jpg,21a5a632afcb895bc7fb8eac1665fbf5,1323,2279,JPEG
IMG_0187_00017.jpg,776942,IMG_0187.jpg,fb402f8c02f5f5ba253520b5c6f818f3,1323,2279,JPEG
IMG_0187_00018.jpg,746338,IMG_0187.jpg,c4cc55620c69af592e38cb9aff212a6d,1323,2279,JPEG
IMG_0187_00019.jpg,844229,IMG_0187.jpg,aba3a93f58ddcec1dd4ad7493dd754e4,1323,2279,JPEG
IMG_0187_00020.jpg,898286,IMG_0187.jpg,0f435d1d36ac89404a591bb2f7b8408c,1323,2279,JPEG
IMG_0188_00001.jpg,1197896,IMG_0188.jpg,437af14fde23214b8baa76f71a0f654b,1989,2509,JPEG
IMG_0188_00002.jpg,1222431,IMG_0188.jpg,9d512af216ce030b19e60bebcce92f0a,1989,2509,JPEG
IMG_0188_00003.jpg,1330147,IMG_0188.jpg,077c681a13ef21ad097150f4f8e59578,1989,2509,JPEG
IMG_0188_00004.jpg,1295554,IMG_0188.jpg,b44f83cc253ad4b0a8f4ecb4f9cd23d1,1989,2509,JPEG
IMG_0188_00005.jpg,1237550,IMG_0188.jpg,0e95d09bc622902b0e83b07b70f16748,1989,2509,JPEG
IMG_0188_00006.jpg,1296942,IMG_0188.jpg,def6127fb1153631aaef99cb43e2ecd5,1989,2509,JPEG
IMG_0188_00007.jpg,1151883,IMG_0188.jpg,82e1f4a155a6c963b655c1a58446e632,1989,2509,JPEG
IMG_0188_00008.jpg,1265115,IMG_0188.jpg,6438e53024497460fdf42554131ebd06,1989,2509,JPEG
IMG_0188_00009.jpg,1256325,IMG_0188.jpg,d091698ad0a91cdfeed2c1b8e182b09e,1989,2509,JPEG
IMG_0188_00010.jpg,1200177,IMG_0188.jpg,a2af0d532471ca2dcdd7ee6da910fbdc,1989,2509,JPEG
IMG_0188_00011.jpg,1380969,IMG_0188.jpg,60d121784af3f70c86dcabd20759f787,1989,2509,JPEG
IMG_0188_00012.jpg,1362062,IMG_0188.jpg,c48a049d1b5b07c70e6e6aa7d8ff27f6,1989,2509,JPEG
IMG_0188_00013.jpg,1164156,IMG_0188.jpg,613d19d86c8687214289064b89b3a4dc,1989,2509,JPEG
IMG_0188_00014.jpg,1256518,IMG_0188.jpg,390f884b96ce3db8daa4b6cc9cece34b,1989,2509,JPEG
IMG_0188_00015.jpg,1202611,IMG_0188.jpg,9ef53989f741db0b260616003978c609,1989,2509,JPEG
IMG_0188_00016.jpg,1309317,IMG_0188.jpg,e3158038a5ade3ac7277ff1998dd49fb,1989,2509,JPEG
IMG_0188_00017.jpg,1270533,IMG_0188.jpg,0c39f61115c86f09a5124156273b401d,1989,2509,JPEG
IMG_0188_00018.jpg,1170297,IMG_0188.jpg,c9b514e8eec86eea116ea96311f52d32,1989,2509,JPEG
IMG_0188_00019.jpg,1321479,IMG_0188.jpg,4a963c8f24f71dd80e33a43d381b94fe,1989,2509,JPEG
IMG_0188_00020.jpg,1168715,IMG_0188.jpg,ee1765aaf3bd26a8c14ebc19f7d9c0cd,1989,2509,JPEG
IMG_0189_00001.jpg,1612561,IMG_0189.jpg,c1374ab1f8340658d56727e89d939339,2209,2374,JPEG
IMG_0189_00002.jpg,1581649,IMG_0189.jpg,8e090ce2aa52ec5743826eb7b353d81b,2209,2374,JPEG
IMG_0189_00003.jpg,1553437,IMG_0189.jpg,91c0cf594a5abb15851d23eb43dfe76a,2209,2374,JPEG
IMG_0189_00004.jpg,1542816,IMG_0189.jpg,bec16db6bdc8a91249e3add0790ae553,2209,2374,JPEG
IMG_0189_00005.jpg,1734273,IMG_0189.jpg,295e89061ea54001a5a305dab6cb4c32,2209,2374,JPEG
IMG_0189_00006.jpg,1528433,IMG_0189.jpg,224f00cade8532ff717d8252dcf309d7,2209,2374,JPEG
IMG_0189_00007.jpg,1482289,IMG_0189.jpg,74ee92a0c0f3050dca73212497814c76,2209,2374,JPEG
IMG_0189_00008.jpg,1580233,IMG_0189.jpg,0e04eb0f8a6e2f3106ee87108754eda2,2209,2374,JPEG
IMG_0189_00009.jpg,1613475,IMG_0189.jpg,3ce83e39b2f77b68c19bad60c264e9d8,2209,2374,JPEG
IMG_0189_00010.jpg,1565995,IMG_0189.jpg,7121ec39c0f365651033c0b79f33799d,2209,2374,JPEG
IMG_0189_00011.jpg,1566752,IMG_0189.jpg,0917fb93ee169593db86c14df014aa82,2209,2374,JPEG
IMG_0189_00012.jpg,1656988,IMG_0189.jpg,9c01e857bd43d8b5878be5435c6220cb,2209,2374,JPEG
IMG_0189_00013.jpg,1551154,IMG_0189.jpg,09c4cec2a4820e80c5e82295028bfcd0,2209,2374,JPEG
IMG_0189_00014.jpg,1595480,IMG_0189.jpg,0b42bd27e9f162d0a11599207e10ee08,2209,2374,JPEG
IMG_0189_00015.jpg,1525318,IMG_0189.jpg,5d5fc7915833e7716b675290e5208d55,2209,2374,JPEG
IMG_0189_00016.jpg,1553129,IMG_0189.jpg,6a7b6ac5a7c3f2955efc5bca7516c679,2209,2374,JPEG
IMG_0189_00017.jpg,1583297,IMG_0189.jpg,bc8bcee5897ea02efe5748e936301dfb,2209,2374,JPEG
IMG_0189_00018.jpg,1561637,IMG_0189.jpg,dcfa6d7c03185d1bbe4ad8c560acd08c,2209,2374,JPEG
IMG_0189_00019.jpg,1701048,IMG_0189.jpg,cf4500a2edd63e45bee5e48526c1b743,2209,2374,JPEG
IMG_0189_00020.jpg,1558942,IMG_0189.jpg,eafdd644b50faa7a949b0cc2a0d86273,2209,2374,JPEG
IMG_0190_00001.jpg,1672531,IMG_0190.jpg,1ddb9f2e9c7d2c67b878946a393d2680,2164,2609,JPEG
IMG_0190_00002.jpg,1737071,IMG_0190.jpg,d9ed73e8f1d9850046bfee4bd1d1e277,2164,2609,JPEG
IMG_0190_00003.jpg,1746581,IMG_0190.jpg,dfa87a17462c5bec1db8a9f43eb13c03,2164,2609,JPEG
IMG_0190_00004.jpg,1468218,IMG_0190.jpg,42b9f3cc3e99f984758c6240904e4e2b,2164,2609,JPEG
IMG_0190_00005.jpg,1692647,IMG_0190.jpg,43984d99cfc7193f68bce66293e385e6,2164,2609,JPEG
IMG_0190_00006.jpg,1583475,IMG_0190.jpg,e27ffeda71eb32a92c45be7e64067c80,2164,2609,JPEG
IMG_0190_00007.jpg,1588709,IMG_0190.jpg,688132e2e80dfe540de103e3f233d1b6,2164,2609,JPEG
IMG_0190_00008.jpg,1491523,IMG_0190.jpg,5a5ec3ea79685c98e00697ef7c769e0c,2164,2609,JPEG
IMG_0190_00009.jpg,1592234,IMG_0190.jpg,d2500f3a1021a09462058829aee1490e,2164,2609,JPEG
IMG_0190_00010.jpg,1659983,IMG_0190.jpg,cfe1ff703a9d8acd2853f7cb972520bc,2164,2609,JPEG
IMG_0190_00011.jpg,1482144,IMG_0190.jpg,409aa53c5613aa7e82716951fac8d5c9,2164,2609,JPEG
IMG_0190_00012.jpg,1550146,IMG_0190.jpg,3e59475e810c500e1e8294641e873720,2164,2609,JPEG
IMG_0190_00013.jpg,1594932,IMG_0190.jpg,95761ec7d6b325e821fedcca71943bb5,2164,2609,JPEG
IMG_0190_00014.jpg,1594171,IMG_0190.jpg,a470beb2127e3c7d63cb4057bd4cc296,2164,2609,JPEG
IMG_0190_00015.jpg,1658143,IMG_0190.jpg,c032c09a353c7698dc0a86fd493939b5,2164,2609,JPEG
IMG_0190_00016.jpg,1576537,IMG_0190.jpg,74cde8043241ba1356c0795de17ead17,2164,2609,JPEG
IMG_0190_00017.jpg,1699836,IMG_0190.jpg,50974b3257ff7639596cdd063facde9c,2164,2609,JPEG
IMG_0190_00018.jpg,1895637,IMG_0190.jpg,e0f80deaaeb9efc2bb879994f1e09df5,2164,2609,JPEG
IMG_0190_00019.jpg,1579641,IMG_0190.jpg,12b916dcbfb09c518a0830e1c9af273f,2164,2609,JPEG
IMG_0190_00020.jpg,1668779,IMG_0190.jpg,2e23d8a560723b4e2615ff869548ff74,2164,2609,JPEG
IMG_0191_00001.jpg,1605538,IMG_0191.jpg,8270610cfdce48ba6be31c7ce307ae17,1918,2318,JPEG
IMG_0191_00002.jpg,1559158,IMG_0191.jpg,9f55e18b023d56d96adc2bbabf2f5efb,1918,2318,JPEG
IMG_0191_00003.jpg,1456913,IMG_0191.jpg,65a15ca07ced169be880e99c20cff3ae,1918,2318,JPEG
IMG_0191_00004.jpg,1498491,IMG_0191.jpg,ce564de948a7a3dd474709d99160a0fe,1918,2318,JPEG
IMG_0191_00005.jpg,1339387,IMG_0191.jpg,823c247b51e51b40047230ac66444067,1918,2318,JPEG
IMG_0191_00006.jpg,1527372,IMG_0191.jpg,fe43a0587ff5b5503c8b7b3a71b2ba78,1918,2318,JPEG
IMG_0191_00007.jpg,1392352,IMG_0191.jpg,9012f63d01ae1f1c189815f81fcb5a4c,1918,2318,JPEG
IMG_0191_00008.jpg,1442039,IMG_0191.jpg,8c0169812222935e5382b215b9541fa4,1918,2318,JPEG
IMG_0191_00009.jpg,1456223,IMG_0191.jpg,43b27decfaa1a59f18091623b5b4586f,1918,2318,JPEG
IMG_0191_00010.jpg,1513847,IMG_0191.jpg,26085dc4f7336a6b0fb90a37b928d5cb,1918,2318,JPEG
IMG_0191_00011.jpg,1508322,IMG_0191.jpg,2df26c15e57164b8818e63d7d3c55767,1918,2318,JPEG
IMG_0191_00012.jpg,1530951,IMG_0191.jpg,c8ced0d24879a01ec49f557db5c0ad15,1918,2318,JPEG
IMG_0191_00013.jpg,1364417,IMG_0191.jpg,9228b25963086fd4f7818662d42debc3,1918,2318,JPEG
IMG_0191_00014.jpg,1458426,IMG_0191.jpg,b2c1bfcef190ddb76b94924db4e6ccba,1918,2318,JPEG
IMG_0191_00015.jpg,1431123,IMG_0191.jpg,43f8ecee500a92a58ea661587233dd26,1918,2318,JPEG
IMG_0191_00016.jpg,1541741,IMG_0191.jpg,476a132ec9fd0f061f46d4f0e5191dad,1918,2318,JPEG
IMG_0191_00017.jpg,1420624,IMG_0191.jpg,58c3b1433675c00bfe26e00b8e775b72,1918,2318,JPEG
IMG_0191_00018.jpg,1460658,IMG_0191.jpg,41f762af273dedc8ae719fba497e3405,1918,2318,JPEG
IMG_0191_00019.jpg,1506884,IMG_0191.jpg,df508e15aa72e5127cfe3dc14ccc1bf5,1918,2318,JPEG
IMG_0191_00020.jpg,1469551,IMG_0191.jpg,efae42be5639a959d189ebbade6afb52,1918,2318,JPEG
IMG_0192_00001.jpg,1937030,IMG_0192.jpg,c1c67691080dce5525d555a19fbde95c,3706,1997,JPEG
IMG_0192_00002.jpg,1987812,IMG_0192.jpg,bcd9227997779264f0b183cdefe870ec,3706,1997,JPEG
IMG_0192_00003.jpg,2109011,IMG_0192.jpg,d79be823e85b9ae3dd40e07644b2a3e4,3706,1997,JPEG
IMG_0192_00004.jpg,2291857,IMG_0192.jpg,933e9c93a163dede8815666929fbe251,3706,1997,JPEG
IMG_0192_00005.jpg,1868852,IMG_0192.jpg,cdce612ab4dc13dd6d5e7d08b2726e63,3706,1997,JPEG
IMG_0192_00006.jpg,2219795,IMG_0192.jpg,56e9dcbe4d0ef22ec0508a4eb717017d,3706,1997,JPEG
IMG_0192_00007.jpg,2253095,IMG_0192.jpg,4c5abb457582a8d61699f0ebfeeb8a3a,3706,1997,JPEG
IMG_0192_00008.jpg,1918216,IMG_0192.jpg,f5efdc9128c20ca630d4ad3fbc1b6173,3706,1997,JPEG
IMG_0192_00009.jpg,2236142,IMG_0192.jpg,687d8ce5cf018285ff8a421d7862479b,3706,1997,JPEG
IMG_0192_00010.jpg,1987439,IMG_0192.jpg,e083e40a6dfea135cc5ca3bf4265f719,3706,1997,JPEG
IMG_0192_00011.jpg,2077604,IMG_0192.jpg,d29d2aae051e08f9ede5ea9d9bed6ef3,3706,1997,JPEG
IMG_0192_00012.jpg,2354232,IMG_0192.jpg,6702c38ed28eecab48593dd40cd085af,3706,1997,JPEG
IMG_0192_00013.jpg,2017933,IMG_0192.jpg,ee467c06c65a2b9c0fb25004aad7b0bb,3706,1997,JPEG
IMG_0192_00014.jpg,2209168,IMG_0192.jpg,11fcffc7d9a8ef7f36108518c7d3e762,3706,1997,JPEG
IMG_0192_00015.jpg,2200515,IMG_0192.jpg,a5ca97a142d72731d77697d465398668,3706,1997,JPEG
IMG_0192_00016.jpg,2347719,IMG_0192.jpg,33845638c9a3fa41657ebd67ab5f7bce,3706,1997,JPEG
IMG_0192_00017.jpg,2115725,IMG_0192.jpg,28376c63fd518074f8ca57478d3929c2,3706,1997,JPEG
IMG_0192_00018.jpg,2391815,IMG_0192.jpg,1f24009368d54ef8a9ecf5d14067adc2,3706,1997,JPEG
IMG_0192_00019.jpg,1931286,IMG_0192.jpg,7c26a435ae5324eeed943b53b72276b4,3706,1997,JPEG
IMG_0192_00020.jpg,2133672,IMG_0192.jpg,6d88fb8b8e71dbe72302550f45efaf23,3706,1997,JPEG
IMG_0193_00001.jpg,2011362,IMG_0193.jpg,a93f7070a7beb06a20f27ad4dfdf0faf,2592,2493,JPEG
IMG_0193_00002.jpg,1972263,IMG_0193.jpg,38aab4b2910e7fcb8a17224e9be2a2ed,2592,2493,JPEG
IMG_0193_00003.jpg,2121164,IMG_0193.jpg,5aa1add8eaff3781f7d0727ae7f6b86e,2592,2493,JPEG
IMG_0193_00004.jpg,1953358,IMG_0193.jpg,06a5377b537133654a6bf64206490bf3,2592,2493,JPEG
IMG_0193_00005.jpg,1860527,IMG_0193.jpg,57d79804604ee1dcca02e7d5f9cabcef,2592,2493,JPEG
IMG_0193_00006.jpg,1898032,IMG_0193.jpg,5866422498feb7c574fc61fbf7719868,2592,2493,JPEG
IMG_0193_00007.jpg,1802876,IMG_0193.jpg,7467dda87bf7fbda7fd52e13535d8e7e,2592,2493,JPEG
IMG_0193_00008.jpg,1964065,IMG_0193.jpg,4f104709a26fcbb8cf89505ee1e105d2,2592,2493,JPEG
IMG_0193_00009.jpg,1996047,IMG_0193.jpg,8ae7085e5135e38779506d3fa5af4b5c,2592,2493,JPEG
IMG_0193_00010.jpg,2012614,IMG_0193.jpg,2b598ee5ad2bc43f77272877e3e4d48d,2592,2493,JPEG
IMG_0193_00011.jpg,1964279,IMG_0193.jpg,32d9e9d716e12077bb31293878cfcc37,2592,2493,JPEG
IMG_0193_00012.jpg,2003832,IMG_0193.jpg,5a7763d3025acea38c5445523a70c5ed,2592,2493,JPEG
IMG_0193_00013.jpg,1865275,IMG_0193.jpg,2ace506f7351929f56532ff92f08d7ca,2592,2493,JPEG
IMG_0193_00014.jpg,2095081,IMG_0193.jpg,e54857085a82fa0c4bbe11628da210f2,2592,2493,JPEG
IMG_0193_00015.jpg,2070325,IMG_0193.jpg,f5046179a97d0c7794fd46422feac43f,2592,2493,JPEG
IMG_0193_00016.jpg,1815958,IMG_0193.jpg,7afddb4fbf3f44ca4a7ac05e999e1f95,2592,2493,JPEG
IMG_0193_00017.jpg,1982664,IMG_0193.jpg,ee0f804af5816cdf505c1c315a338640,2592,2493,JPEG
IMG_0193_00018.jpg,2194471,IMG_0193.jpg,43fe82494df9e36916c0cf7afb424364,2592,2493,JPEG
IMG_0193_00019.jpg,1777284,IMG_0193.jpg,456c2ddde601ecd2ad9321a741ce3690,2592,2493,JPEG
IMG_0193_00020.jpg,1991024,IMG_0193.jpg,96606c4b1dad9d4a1b4829ac7e44c24c,2592,2493,JPEG
IMG_0194_00001.jpg,1387687,IMG_0194.jpg,787a06e125ffddc8e1a9f992c5968983,1915,2428,JPEG
IMG_0194_00002.jpg,1379512,IMG_0194.jpg,5e9447e0961d3319b0c50441d4909bc2,1915,2428,JPEG
IMG_0194_00003.jpg,1373767,IMG_0194.jpg,d101fa23966dd0992e8d9238f03cb37f,1915,2428,JPEG
IMG_0194_00004.jpg,1454043,IMG_0194.jpg,7255c229ed41b719bbc0f47eedb8047b,1915,2428,JPEG
IMG_0194_00005.jpg,1517982,IMG_0194.jpg,b88a3b9223067490d16a834d6d83af6e,1915,2428,JPEG
IMG_0194_00006.jpg,1416485,IMG_0194.jpg,9e58efb8f90e05b04268a21cbf1e10bf,1915,2428,JPEG
IMG_0194_00007.jpg,1467278,IMG_0194.jpg,6679bdfcbbb02d2ed801ef12dd674508,1915,2428,JPEG
IMG_0194_00008.jpg,1391886,IMG_0194.jpg,9f41b0fbc1d42e28dc349df0f1d03f92,1915,2428,JPEG
IMG_0194_00009.jpg,1415759,IMG_0194.jpg,50abaf6bdffc0c83c47a10a232c01b8a,1915,2428,JPEG
IMG_0194_00010.jpg,1462109,IMG_0194.jpg,5ef4075b1b0b77c595d1e36dda766266,1915,2428,JPEG
IMG_0194_00011.jpg,1588323,IMG_0194.jpg,ee369b2917acf73dc07cc75186f4e94a,1915,2428,JPEG
IMG_0194_00012.jpg,1523443,IMG_0194.jpg,b3d5f3c571b68a666103d5da8c881742,1915,2428,JPEG
IMG_0194_00013.jpg,1493877,IMG_0194.jpg,2ad01da11aa280dce9fd385441859a38,1915,2428,JPEG
IMG_0194_00014.jpg,1374728,IMG_0194.jpg,a39dedb4520e94a452eb35e14d067697,1915,2428,JPEG
IMG_0194_00015.jpg,1496248,IMG_0194.jpg,b3126f6670dbfd1f3f79f2f7e0bcfb05,1915,2428,JPEG
IMG_0194_00016.jpg,1660194,IMG_0194.jpg,f3a10d475ffb6195651c25b38a606e60,1915,2428,JPEG
IMG_0194_00017.jpg,1305048,IMG_0194.jpg,1ff1c0d67c7158ca9ed75f117cc5748d,1915,2428,JPEG
IMG_0194_00018.jpg,1349748,IMG_0194.jpg,cfa6ec4d5d26e533c35a51386d0b2124,1915,2428,JPEG
IMG_0194_00019.jpg,1479173,IMG_0194.jpg,55dc66b57d3c445dea0c1731967ae45d,1915,2428,JPEG
IMG_0194_00020.jpg,1376149,IMG_0194.jpg,4c2f11b59e217fc3c2ef6f5fa9518b5d,1915,2428,JPEG
IMG_0195_00001.jpg,1354706,IMG_0195.jpg,87a47dad7e27cba90674dfc17748e95a,1880,2308,JPEG
IMG_0195_00002.jpg,1263772,IMG_0195.jpg,f98e4108eca52417396a4c8e61b57f54,1880,2308,JPEG
IMG_0195_00003.jpg,1185622,IMG_0195.jpg,0323043032e536dd5aad31909a9c5f4a,1880,2308,JPEG
IMG_0195_00004.jpg,1121286,IMG_0195.jpg,2201ef4ed09b8b00e54d61c260d2b791,1880,2308,JPEG
IMG_0195_00005.jpg,1230805,IMG_0195.jpg,c89984f790190745a260eb33605c491d,1880,2308,JPEG
IMG_0195_00006.jpg,1167074,IMG_0195.jpg,c90cc4eb07b95960ed1058026ca20219,1880,2308,JPEG
IMG_0195_00007.jpg,1287822,IMG_0195.jpg,65dd3fa0dacf33397c23e76ab2824992,1880,2308,JPEG
IMG_0195_00008.jpg,1338719,IMG_0195.jpg,bd9cfbe409c9133d0a6cd765874fc70e,1880,2308,JPEG
IMG_0195_00009.jpg,1190618,IMG_0195.jpg,7e2130be6fc8d67da54cc8b4f9c057d9,1880,2308,JPEG
IMG_0195_00010.jpg,1289245,IMG_0195.jpg,3dd861b4538778ca5fe08f61941eaf4c,1880,2308,JPEG
IMG_0195_00011.jpg,1229153,IMG_0195.jpg,de64f451e1084a0b10172032f9745520,1880,2308,JPEG
IMG_0195_00012.jpg,1142590,IMG_0195.jpg,a10eb1230642131bf5d2935f083a37ab,1880,2308,JPEG
IMG_0195_00013.jpg,1408625,IMG_0195.jpg,d6e516720bbeba10d0555d18bf6c6f70,1880,2308,JPEG
IMG_0195_00014.jpg,1437248,IMG_0195.jpg,05e339b22da25eb287d1f16201a99f6f,1880,2308,JPEG
IMG_0195_00015.jpg,1259759,IMG_0195.jpg,43c76dd135df26d8f9bdf7ff13908cbb,1880,2308,JPEG
IMG_0195_00016.jpg,1180201,IMG_0195.jpg,c7a6850c99f06bdc15be648558d6d2ac,1880,2308,JPEG
IMG_0195_00017.jpg,1191511,IMG_0195.jpg,5fdaecb927775c76ec3a7b023e3f737a,1880,2308,JPEG
IMG_0195_00018.jpg,1295033,IMG_0195.jpg,d955146794924a66ab1ba38f2045b015,1880,2308,JPEG
IMG_0195_00019.jpg,1229383,IMG_0195.jpg,bcb509310b5a2a5c4e8d6d45216280b2,1880,2308,JPEG
IMG_0195_00020.jpg,1202789,IMG_0195.jpg,d9803e43d408506878e23ac0f9c5532c,1880,2308,JPEG
IMG_0196_00001.jpg,1747566,IMG_0196.jpg,d8482b0f5f9dcfc1845ce852dc6c9b1b,2646,2249,JPEG
IMG_0196_00002.jpg,1835113,IMG_0196.jpg,5d17ae14afbc163d4d290eec9e710db1,2646,2249,JPEG
IMG_0196_00003.jpg,1650309,IMG_0196.jpg,c914ad61f9ea05ee9fa174726e682aeb,2646,2249,JPEG
IMG_0196_00004.jpg,1743008,IMG_0196.jpg,2346f25dd97f125ff27c1fd9168c8b7e,2646,2249,JPEG
IMG_0196_00005.jpg,1701010,IMG_0196.jpg,c16970ea07a66131ab0d86dca150729d,2646,2249,JPEG
IMG_0196_00006.jpg,1744792,IMG_0196.jpg,ed52eb78bc9a2d976efca688e1f4647a,2646,2249,JPEG
IMG_0196_00007.jpg,1986352,IMG_0196.jpg,4d1cb4db1bb985737d48123ad773ea53,2646,2249,JPEG
IMG_0196_00008.jpg,1695186,IMG_0196.jpg,db425c6791fa88222782eceec8c8dfc1,2646,2249,JPEG
IMG_0196_00009.jpg,1688538,IMG_0196.jpg,bcbeed4f4e633d5fb673b726bfefdf1e,2646,2249,JPEG
IMG_0196_00010.jpg,2001548,IMG_0196.jpg,00c8601ac7032f3c87316df242ec1643,2646,2249,JPEG
IMG_0196_00011.jpg,1903915,IMG_0196.jpg,c13fe2660d879b28647689ccd4f477df,2646,2249,JPEG
IMG_0196_00012.jpg,1788363,IMG_0196.jpg,a8a83b4bcf6be32b71fa3281d3d2b6e8,2646,2249,JPEG
IMG_0196_00013.jpg,1724418,IMG_0196.jpg,040b4cd301ebb130105533aa43ba2564,2646,2249,JPEG
IMG_0196_00014.jpg,1834947,IMG_0196.jpg,9f30fa161e549a5aa7b7355a0cc0113d,2646,2249,JPEG
IMG_0196_00015.jpg,1899419,IMG_0196.jpg,06c4ab3c9b45239d4e227fe7b74f9fdf,2646,2249,JPEG
IMG_0196_00016.jpg,1666224,IMG_0196.jpg,a7ef2d45a09ade5f0a6a54a0e4c830b9,2646,2249,JPEG
IMG_0196_00017.jpg,1866302,IMG_0196.jpg,88658213f796fc803b54bcddb03ccadf,2646,2249,JPEG
IMG_0196_00018.jpg,1673311,IMG_0196.jpg,85927f85a5d4857f94706691c40760d9,2646,2249,JPEG
IMG_0196_00019.jpg,1768904,IMG_0196.jpg,7bd056eb99e190eb4967cf2ca9ee099f,2646,2249,JPEG
IMG_0196_00020.jpg,2023387,IMG_0196.jpg,08d2312d98536dd52508d99084738380,2646,2249,JPEG
IMG_0197_00001.jpg,1080927,IMG_0197.jpg,38d7028ea88bb75ed3ba0c2e91054cdd,1968,2352,JPEG
IMG_0197_00002.jpg,1287487,IMG_0197.jpg,d93526a864104587a21db0e1e5905b35,1968,2352,JPEG
IMG_0197_00003.jpg,1163936,IMG_0197.jpg,c6dd3c6cbed994a2068290bd84f99e1c,1968,2352,JPEG
IMG_0197_00004.jpg,1148386,IMG_0197.jpg,e2d0c40ece51a5f2b7f9885caa7843d2,1968,2352,JPEG
IMG_0197_00005.jpg,1315453,IMG_0197.jpg,e53f48b27c7cd618c08a03dc839fd494,1968,2352,JPEG
IMG_0197_00006.jpg,1179766,IMG_0197.jpg,631a67442f9d961ac97362bcfe0f1ac3,1968,2352,JPEG
IMG_0197_00007.jpg,1088249,IMG_0197.jpg,58a6dde6c2969bbebfd8ad5c50bcfb46,1968,2352,JPEG
IMG_0197_00008.jpg,1261766,IMG_0197.jpg,1b759723d61c8152da0a36ebd150f8f9,1968,2352,JPEG
IMG_0197_00009.jpg,1198413,IMG_0197.jpg,32852a48fbc3e27be9f86229018302d0,1968,2352,JPEG
IMG_0197_00010.jpg,1292141,IMG_0197.jpg,58388923d49b9420ab46cb2e04c5db37,1968,2352,JPEG
IMG_0197_00011.jpg,1109140,IMG_0197.jpg,40cc128e431543c49ca8c3e1d3c8ce7c,1968,2352,JPEG
IMG_0197_00012.jpg,1159005,IMG_0197.jpg,c3c68f4adf1fdefc1fcc17a07037b924,1968,2352,JPEG
IMG_0197_00013.jpg,1176554,IMG_0197.jpg,c5c74fa874092357f4f62586074c1705,1968,2352,JPEG
IMG_0197_00014.jpg,1148073,IMG_0197.jpg,fb4244d1278ed9d4ce4ecd2cbdcc2246,1968,2352,JPEG
IMG_0197_00015.jpg,1131354,IMG_0197.jpg,9b1ec10c74f357abd8856d54545b32da,1968,2352,JPEG
IMG_0197_00016.jpg,1189912,IMG_0197.jpg,9607ca875dd17850ea780d2d95c1dc60,1968,2352,JPEG
IMG_0197_00017.jpg,1322460,IMG_0197.jpg,0b6d93f9445a95db0ba4d208d38c988e,1968,2352,JPEG
IMG_0197_00018.jpg,1125851,IMG_0197.jpg,6492e5e3ba3d4357b6ca82bf13d988e6,1968,2352,JPEG
IMG_0197_00019.jpg,1229340,IMG_0197.jpg,81e637abc5ef57761de11e376b02d115,1968,2352,JPEG
IMG_0197_00020.jpg,1145068,IMG_0197.jpg,92c07f1d426bfaea505a0dcb6b9482b3,1968,2352,JPEG
IMG_0198_00001.jpg,502323,IMG_0198.jpg,69c5e30c10a791e68745a22989c74a03,1939,686,JPEG
IMG_0198_00002.jpg,522722,IMG_0198.jpg,2e6fc24a0168d33769c1e160eade42ba,1939,686,JPEG
IMG_0198_00003.jpg,490304,IMG_0198.jpg,17942696a89f322a8aa9edcc6c5c4971,1939,686,JPEG
IMG_0198_00004.jpg,584322,IMG_0198.jpg,13b19ce2f422cb673d67422b00c2cbe1,1939,686,JPEG
IMG_0198_00005.jpg,477015,IMG_0198.jpg,9e232469cc57893bde21c86f90005226,1939,686,JPEG
IMG_0198_00006.jpg,527240,IMG_0198.jpg,0ef637816482ad807bcf8827320ef0fd,1939,686,JPEG
IMG_0198_00007.jpg,505562,IMG_0198.jpg,df7db52bb4da8883da77da9873d177fd,1939,686,JPEG
IMG_0198_00008.jpg,529782,IMG_0198.jpg,37243ab309abd9878e64575e8e30e10e,1939,686,JPEG
IMG_0198_00009.jpg,502140,IMG_0198.jpg,bdbc2b6c8a53c95434eace5af060559d,1939,686,JPEG
IMG_0198_00010.jpg,599924,IMG_0198.jpg,63baa8325379e397cd4af21e4ff197d0,1939,686,JPEG
IMG_0198_00011.jpg,558624,IMG_0198.jpg,b1355252ac4ddb53d71c7309613bc6e0,1939,686,JPEG
IMG_0198_00012.jpg,729758,IMG_0198.jpg,14c02214c745fa8aefdb451f0e41fcca,1939,686,JPEG
IMG_0198_00013.jpg,509934,IMG_0198.jpg,15412fb6389f68a3bf3d1fb6aa04a58a,1939,686,JPEG
IMG_0198_00014.jpg,566180,IMG_0198.jpg,e3639528618c76944ab91c92bba4ec3a,1939,686,JPEG
IMG_0198_00015.jpg,498363,IMG_0198.jpg,a05fd18d2c4ba065e4e85cef906e5bd4,1939,686,JPEG
IMG_0198_00016.jpg,545490,IMG_0198.jpg,d4d02c08bd777a47b6b4706e5d225b84,1939,686,JPEG
IMG_0198_00017.jpg,523561,IMG_0198.jpg,559ab436b172e522d1d43273b116fd17,1939,686,JPEG
IMG_0198_00018.jpg,480857,IMG_0198.jpg,8384def562929a4f4b2de8571d49cbf4,1939,686,JPEG
IMG_0198_00019.jpg,464356,IMG_0198.jpg,57e5d11638d0e76c8f922647eae74af6,1939,686,JPEG
IMG_0198_00020.jpg,632434,IMG_0198.jpg,50501bbb5658e8abe39c8c8e4e1dd7a1,1939,686,JPEG
IMG_0199_00001.jpg,2200095,IMG_0199.jpg,ccf532e5dccf0ecd3752e210ac197016,2581,2847,JPEG
IMG_0199_00002.jpg,2278267,IMG_0199.jpg,d38b0b952878030a5e920664c32e689d,2581,2847,JPEG
IMG_0199_00003.jpg,2076615,IMG_0199.jpg,2ace641eabbe5b03dc25c9152a08f3e9,2581,2847,JPEG
IMG_0199_00004.jpg,2203038,IMG_0199.jpg,345a587923aeb24d3b1900bde144d5ed,2581,2847,JPEG
IMG_0199_00005.jpg,2032837,IMG_0199.jpg,a3ac0e0f3be31ed50d544873ff1d2bce,2581,2847,JPEG
IMG_0199_00006.jpg,2240462,IMG_0199.jpg,ed67c402f969273911f770dce195f5b9,2581,2847,JPEG
IMG_0199_00007.jpg,2031176,IMG_0199.jpg,12b793d8743a3320cd3db781b322dd58,2581,2847,JPEG
IMG_0199_00008.jpg,2121075,IMG_0199.jpg,53ac0f13abe59dea1188bfba267aeb33,2581,2847,JPEG
IMG_0199_00009.jpg,2061001,IMG_0199.jpg,44e045d6fa8b410300d747394f948e8e,2581,2847,JPEG
IMG_0199_00010.jpg,2237706,IMG_0199.jpg,c53a94bd756b0649b8c2bf8fbc3ec7cf,2581,2847,JPEG
IMG_0199_00011.jpg,2493072,IMG_0199.jpg,c6c59c5335f3478f788f7c853cadda78,2581,2847,JPEG
IMG_0199_00012.jpg,1982392,IMG_0199.jpg,8a62299b38fe316a7dcc90483494f819,2581,2847,JPEG
IMG_0199_00013.jpg,2087170,IMG_0199.jpg,ad27a3883155e2f959a836a21d3b6a2b,2581,2847,JPEG
IMG_0199_00014.jpg,1986858,IMG_0199.jpg,b52b5a3333608ba5cdc3cc6dd5b8c3e1,2581,2847,JPEG
IMG_0199_00015.jpg,2074640,IMG_0199.jpg,215012581f66c03f372987dfe00d7208,2581,2847,JPEG
IMG_0199_00016.jpg,2107459,IMG_0199.jpg,9fcc16397cac83820a6f745c5992769f,2581,2847,JPEG
IMG_0199_00017.jpg,2150527,IMG_0199.jpg,ef67794987ac342b4a6387a426623143,2581,2847,JPEG
IMG_0199_00018.jpg,2172811,IMG_0199.jpg,ae3f692e97452e9d800456bbeac73693,2581,2847,JPEG
IMG_0199_00019.jpg,2186686,IMG_0199.jpg,6a102eb0be60401ed18e1e8689efc436,2581,2847,JPEG
IMG_0199_00020.jpg,2272362,IMG_0199.jpg,6a07e5aa382eda45b5f4e05e7a0996eb,2581,2847,JPEG
IMG_0200_00001.jpg,3040627,IMG_0200.jpg,10a6232800d7c032c92e7b82bbe969c9,3391,2992,JPEG
IMG_0200_00002.jpg,2833490,IMG_0200.jpg,f911bac213687ce866e2012367b8cae0,3391,2992,JPEG
IMG_0200_00003.jpg,3319696,IMG_0200.jpg,c03c3ad6ae861da410dffb50a6d100f7,3391,2992,JPEG
IMG_0200_00004.jpg,3113635,IMG_0200.jpg,5743ca597ff111d7fe4283ef9ba6c9ee,3391,2992,JPEG
IMG_0200_00005.jpg,2820558,IMG_0200.jpg,bcea4db5d7ccf1be9ed58fd42e28dbf6,3391,2992,JPEG
IMG_0200_00006.jpg,2951942,IMG_0200.jpg,7527377a7ffb75bc4bdfcb4b97b4c574,3391,2992,JPEG
IMG_0200_00007.jpg,3113776,IMG_0200.jpg,326ef0575e49890a5e824a57f1b374ed,3391,2992,JPEG
IMG_0200_00008.jpg,3107835,IMG_0200.jpg,77f158a2dfc2872553acecc7f9aa8787,3391,2992,JPEG
IMG_0200_00009.jpg,2833112,IMG_0200.jpg,0619a36d7187159ed93d3fdb0b81819f,3391,2992,JPEG
IMG_0200_00010.jpg,2992129,IMG_0200.jpg,c9236f2a1dc239d8158bdd7c58678161,3391,2992,JPEG
IMG_0200_00011.jpg,3056852,IMG_0200.jpg,859b652db4d53b53aa7572da311f6c68,3391,2992,JPEG
IMG_0200_00012.jpg,2951538,IMG_0200.jpg,b07cdf089f06613fd8baa5d03b1f0f2b,3391,2992,JPEG
IMG_0200_00013.jpg,2786921,IMG_0200.jpg,9aa7bfe0a2d2d1a695c6db496628075f,3391,2992,JPEG
IMG_0200_00014.jpg,3099502,IMG_0200.jpg,4091f5a64fee2c7df37ba975e33a49bf,3391,2992,JPEG
IMG_0200_00015.jpg,2982669,IMG_0200.jpg,0e9851f665472a661db0af89268caabe,3391,2992,JPEG
IMG_0200_00016.jpg,2945452,IMG_0200.jpg,708fb2dff64b920288103f56232ae3a6,3391,2992,JPEG
IMG_0200_00017.jpg,2994508,IMG_0200.jpg,a4180702c82611f5620a216268dead1e,3391,2992,JPEG
IMG_0200_00018.jpg,3165569,IMG_0200.jpg,a508accc58206015bab337bc8ced4b7a,3391,2992,JPEG
IMG_0200_00019.jpg,2789869,IMG_0200.jpg,578805005a253eb7b3d5f0d5c81a7f17,3391,2992,JPEG
IMG_0200_00020.jpg,2851109,IMG_0200.jpg,ce4940076b2f8ac0249d54437435b571,3391,2992,JPEG
IMG_0201_00001.jpg,1420457,IMG_0201.jpg,c66011c84f22784b68e0e4bf8aad310d,2119,2432,JPEG
IMG_0201_00002.jpg,1408076,IMG_0201.jpg,7343440b12616f7526b90c50880ced58,2119,2432,JPEG
IMG_0201_00003.jpg,1564721,IMG_0201.jpg,b5453dcd0b24df3f9dc2fbf342cb1cc2,2119,2432,JPEG
IMG_0201_00004.jpg,1470026,IMG_0201.jpg,213e3c5a527ac4562a20b185fca53f75,2119,2432,JPEG
IMG_0201_00005.jpg,1511532,IMG_0201.jpg,ca9fd5ea9d4495365f491b9ea984a748,2119,2432,JPEG
IMG_0201_00006.jpg,1634059,IMG_0201.jpg,60fccd3c0547e6a4134efbc9dcc4738d,2119,2432,JPEG
IMG_0201_00007.jpg,1580201,IMG_0201.jpg,4d996c3aa6022b2408e494c22c496ed8,2119,2432,JPEG
IMG_0201_00008.jpg,1733806,IMG_0201.jpg,30d98dbad6dbc377ed4a43069ffddfe5,2119,2432,JPEG
IMG_0201_00009.jpg,1443444,IMG_0201.jpg,32ae32626ee84fef978700730a0f64aa,2119,2432,JPEG
IMG_0201_00010.jpg,1480675,IMG_0201.jpg,ba009307fc3c77698843487f8f962e5d,2119,2432,JPEG
IMG_0201_00011.jpg,1519280,IMG_0201.jpg,2181a8f049b246d3135eafa42fc9bf1e,2119,2432,JPEG
IMG_0201_00012.jpg,1492383,IMG_0201.jpg,d9abb5ae536b4cc3c9c590d7edfd48bd,2119,2432,JPEG
IMG_0201_00013.jpg,1388587,IMG_0201.jpg,f938f81bcfaa8b47a0c4dbc625ae132a,2119,2432,JPEG
IMG_0201_00014.jpg,1426790,IMG_0201.jpg,38dcf9f95519a63f2193db51075fe3ae,2119,2432,JPEG
IMG_0201_00015.jpg,1459273,IMG_0201.jpg,0d9c2eefb47ee1650e69407c0c388cf9,2119,2432,JPEG
IMG_0201_00016.jpg,1412049,IMG_0201.jpg,ede306b7599d5954d816ee86a1ed6a07,2119,2432,JPEG
IMG_0201_00017.jpg,1422525,IMG_0201.jpg,4bef154ad8292088bcb7b6a6c8cab181,2119,2432,JPEG
IMG_0201_00018.jpg,1427400,IMG_0201.jpg,c141da17fa4e7ebdcca9a5b0737e57f3,2119,2432,JPEG
IMG_0201_00019.jpg,1488296,IMG_0201.jpg,d6a3173e95cabe417c37fd7edb2b734c,2119,2432,JPEG
IMG_0201_00020.jpg,1452610,IMG_0201.jpg,d915e0de8223af8ded51fa9102cbb986,2119,2432,JPEG
IMG_0202_00001.jpg,2964878,IMG_0202.jpg,af22e41dc917dae184eb2dc59ec75dd9,3452,2992,JPEG
IMG_0202_00002.jpg,2935029,IMG_0202.jpg,88d4d185e639d0f23ce98792acc316eb,3452,2992,JPEG
IMG_0202_00003.jpg,2707344,IMG_0202.jpg,8693e3187597d0e23ebaced15e2036ac,3452,2992,JPEG
IMG_0202_00004.jpg,2894075,IMG_0202.jpg,18ea5c55f6c9eb77d6fd9f19d39a8106,3452,2992,JPEG
IMG_0202_00005.jpg,2788337,IMG_0202.jpg,c4c4bfb7190806a566639dc30f0a99c3,3452,2992,JPEG
IMG_0202_00006.jpg,2818853,IMG_0202.jpg,2d4bc982e66b7c0d21a6ab17359c4895,3452,2992,JPEG
IMG_0202_00007.jpg,2760836,IMG_0202.jpg,6d87c0d44e4668a2902bace979def617,3452,2992,JPEG
IMG_0202_00008.jpg,3049430,IMG_0202.jpg,a1612ea0c777c064b1149fb2abace218,3452,2992,JPEG
IMG_0202_00009.jpg,3198479,IMG_0202.jpg,c2f0a5c8cc0e17549e35258c731eb9c4,3452,2992,JPEG
IMG_0202_00010.jpg,3063764,IMG_0202.jpg,a60ee59882b2ae04949df5493391e657,3452,2992,JPEG
IMG_0202_00011.jpg,3012021,IMG_0202.jpg,e7746d9059b53c16209f90989f71d1b0,3452,2992,JPEG
IMG_0202_00012.jpg,2953830,IMG_0202.jpg,9b12203910293f15c4a586b1ff1f5002,3452,2992,JPEG
IMG_0202_00013.jpg,2876029,IMG_0202.jpg,01409f14b16b21c17496e2a15b87b1f1,3452,2992,JPEG
IMG_0202_00014.jpg,2875025,IMG_0202.jpg,10fd071b3621d68c1474ee92229041cc,3452,2992,JPEG
IMG_0202_00015.jpg,3035326,IMG_0202.jpg,811aa2246b5685fe2519cebb2c5b6223,3452,2992,JPEG
IMG_0202_00016.jpg,3208778,IMG_0202.jpg,150c4d5d308acf3c389268d910e1ad3d,3452,2992,JPEG
IMG_0202_00017.jpg,2833082,IMG_0202.jpg,bcce38eea1689206de0dce2cc65fb376,3452,2992,JPEG
IMG_0202_00018.jpg,2780501,IMG_0202.jpg,7afb59efaa0f524e99dfd691712701ab,3452,2992,JPEG
IMG_0202_00019.jpg,3024168,IMG_0202.jpg,06c3625459ce46e7e0ca8a79008ad6d1,3452,2992,JPEG
IMG_0202_00020.jpg,2878565,IMG_0202.jpg,a188e7d188c954280a221ea48cbc927e,3452,2992,JPEG
IMG_0203_00001.jpg,1718279,IMG_0203.jpg,66b0ef3756d6b7f502dbc5e708da55ab,2585,2196,JPEG
IMG_0203_00002.jpg,1623864,IMG_0203.jpg,54446cffa4d6a87492a91d7bd1322f0e,2585,2196,JPEG
IMG_0203_00003.jpg,1629416,IMG_0203.jpg,989b0ffe4095227c27c05d8025a0f12d,2585,2196,JPEG
IMG_0203_00004.jpg,1726638,IMG_0203.jpg,a2e81d223dc61a739f21d3134c5dc747,2585,2196,JPEG
IMG_0203_00005.jpg,1642808,IMG_0203.jpg,8a3d5352393b009fe78877aa5c94037a,2585,2196,JPEG
IMG_0203_00006.jpg,1664467,IMG_0203.jpg,fb3d4eb435269b81cca45d46c401e2f9,2585,2196,JPEG
IMG_0203_00007.jpg,1675785,IMG_0203.jpg,73537241175fed10c82c2a1979244ef7,2585,2196,JPEG
IMG_0203_00008.jpg,1680676,IMG_0203.jpg,428893bfcda4fe78ad4848b9f4b048e4,2585,2196,JPEG
IMG_0203_00009.jpg,1706286,IMG_0203.jpg,4f0a5990ef0c9cd2c43df89f9883ac05,2585,2196,JPEG
IMG_0203_00010.jpg,1637010,IMG_0203.jpg,17ee02abe8e770d5114d8672d0749750,2585,2196,JPEG
IMG_0203_00011.jpg,1580692,IMG_0203.jpg,2ac1fe8a65449f823da40f2df569e0e8,2585,2196,JPEG
IMG_0203_00012.jpg,1833388,IMG_0203.jpg,10e84691e13f1dc382300f5ec11ea743,2585,2196,JPEG
IMG_0203_00013.jpg,1671805,IMG_0203.jpg,5ba22aca243079ba4c4497b8a5905d7a,2585,2196,JPEG
IMG_0203_00014.jpg,1622520,IMG_0203.jpg,0acc608b7fc865c1b687b896e5f0a89e,2585,2196,JPEG
IMG_0203_00015.jpg,1991443,IMG_0203.jpg,495b90de703904a64f8fb406b1390a02,2585,2196,JPEG
IMG_0203_00016.jpg,1528903,IMG_0203.jpg,45e0df281aa39a4579065dad773d7137,2585,2196,JPEG
IMG_0203_00017.jpg,1689717,IMG_0203.jpg,68dd01e614cc0823c3877fb12b71c876,2585,2196,JPEG
IMG_0203_00018.jpg,1547501,IMG_0203.jpg,a2825278fb68c1f720a4f5d25c586f9e,2585,2196,JPEG
IMG_0203_00019.jpg,1555885,IMG_0203.jpg,d12e7ecb8ff0585f76e09d4782d5d821,2585,2196,JPEG
IMG_0203_00020.jpg,1652890,IMG_0203.jpg,f8e181e4179cef85fa250028047186d4,2585,2196,JPEG
IMG_0204_00001.jpg,2668756,IMG_0204.jpg,f4d143315e62e1a8362218b76c2f5f3d,3470,2739,JPEG
IMG_0204_00002.jpg,2561492,IMG_0204.jpg,244cf54141f34ee5eff3d2305f49bbda,3470,2739,JPEG
IMG_0204_00003.jpg,2534120,IMG_0204.jpg,c251ebd76ddbc26137bbbb001b34b1cc,3470,2739,JPEG
IMG_0204_00004.jpg,2573483,IMG_0204.jpg,e60dbeae1add616b1eef306ab1bbc9fd,3470,2739,JPEG
IMG_0204_00005.jpg,2682371,IMG_0204.jpg,e9f9cb36111c26483811409e1be6d58d,3470,2739,JPEG
IMG_0204_00006.jpg,2713517,IMG_0204.jpg,5c7b83dbca0c6ff9d26f0ba5a11624c9,3470,2739,JPEG
IMG_0204_00007.jpg,2624056,IMG_0204.jpg,5f23436f9bfe65498366749c268869c1,3470,2739,JPEG
IMG_0204_00008.jpg,2502237,IMG_0204.jpg,8b33231b166730f533c982aff92cf964,3470,2739,JPEG
IMG_0204_00009.jpg,2690057,IMG_0204.jpg,9defcffe44efc2f3c3e121662d3bf727,3470,2739,JPEG
IMG_0204_00010.jpg,2630302,IMG_0204.jpg,7ad81fec102be517391b2f32c5501a61,3470,2739,JPEG
IMG_0204_00011.jpg,2452802,IMG_0204.jpg,d1dee0b3a3ee1598b282b5f772deeb06,3470,2739,JPEG
IMG_0204_00012.jpg,2409809,IMG_0204.jpg,6fcfe8d48a747f42209cef77a09330ad,3470,2739,JPEG
IMG_0204_00013.jpg,2701909,IMG_0204.jpg,9ff46aeee85e435dfca82b460ef14dab,3470,2739,JPEG
IMG_0204_00014.jpg,2485761,IMG_0204.jpg,650223d9b5bde25d60f0f50a43003895,3470,2739,JPEG
IMG_0204_00015.jpg,2571653,IMG_0204.jpg,cf46b21f6e613f15e996c35e78f0c56c,3470,2739,JPEG
IMG_0204_00016.jpg,2645297,IMG_0204.jpg,2094f4275d3d722285bc993925b4ffd0,3470,2739,JPEG
IMG_0204_00017.jpg,2846135,IMG_0204.jpg,1f440fc3012b888bea7dad85ffef9412,3470,2739,JPEG
IMG_0204_00018.jpg,2617078,IMG_0204.jpg,3dee50ab646419da91e7c867546db067,3470,2739,JPEG
IMG_0204_00019.jpg,2805493,IMG_0204.jpg,dd6d55d9d38da54b452f49fb6e20f7b7,3470,2739,JPEG
IMG_0204_00020.jpg,2733945,IMG_0204.jpg,c2a6c8c4bb1cebb18addd775e4517173,3470,2739,JPEG
IMG_0205_00001.jpg,1149360,IMG_0205.jpg,0354464271b6dde9e144e114e924f03b,2246,1808,JPEG
IMG_0205_00002.jpg,1386858,IMG_0205.jpg,355fa6fe946c217df2d50d2cf434dc29,2246,1808,JPEG
IMG_0205_00003.jpg,1278796,IMG_0205.jpg,26f41040b2a32121b5dd42378f28d4c9,2246,1808,JPEG
IMG_0205_00004.jpg,1285985,IMG_0205.jpg,b6e3f3ed9f074bd0a81a98fd22f2a676,2246,1808,JPEG
IMG_0205_00005.jpg,1181633,IMG_0205.jpg,aad15f0629a67efacae6ec2a4aa35d8a,2246,1808,JPEG
IMG_0205_00006.jpg,1258470,IMG_0205.jpg,447ff727d7f875ded937811e9b94c821,2246,1808,JPEG
IMG_0205_00007.jpg,1240071,IMG_0205.jpg,eabf8af017db1636ef9d5660af01f902,2246,1808,JPEG
IMG_0205_00008.jpg,1271953,IMG_0205.jpg,1a329ee240bc8b071f41225c85c77d83,2246,1808,JPEG
IMG_0205_00009.jpg,1244521,IMG_0205.jpg,53ebbf890a61347006eb41870fc0e1a3,2246,1808,JPEG
IMG_0205_00010.jpg,1283224,IMG_0205.jpg,dc68965ddebc641de298dffe93b72601,2246,1808,JPEG
IMG_0205_00011.jpg,1339718,IMG_0205.jpg,601de959dc4002e38f554adf07c3ae72,2246,1808,JPEG
IMG_0205_00012.jpg,1363044,IMG_0205.jpg,2a7619211a7823331b052b22e3769d24,2246,1808,JPEG
IMG_0205_00013.jpg,1360061,IMG_0205.jpg,ae50d5c7942c0f52796e9118deb00e12,2246,1808,JPEG
IMG_0205_00014.jpg,1261219,IMG_0205.jpg,47be481625071501d9091a499bbe9ee6,2246,1808,JPEG
IMG_0205_00015.jpg,1193673,IMG_0205.jpg,7e077b3c0dffb4e32ba4c32f8d14263f,2246,1808,JPEG
IMG_0205_00016.jpg,1330539,IMG_0205.jpg,b8419205930881369fde4272c02ea79b,2246,1808,JPEG
IMG_0205_00017.jpg,1229033,IMG_0205.jpg,b98314325bf6b7297bd8d649db68e75b,2246,1808,JPEG
IMG_0205_00018.jpg,1245261,IMG_0205.jpg,ec0b82b05d7011895cfa086b80260dfa,2246,1808,JPEG
IMG_0205_00019.jpg,1502942,IMG_0205.jpg,6cc401d180c96b98cf663fbb8a96bd7f,2246,1808,JPEG
IMG_0205_00020.jpg,1352870,IMG_0205.jpg,0d6b939e90c9c980723354da069c6074,2246,1808,JPEG
IMG_0206_00001.jpg,1301176,IMG_0206.jpg,e7edb5a4872eaf9cf65f25e5259d8475,2041,2344,JPEG
IMG_0206_00002.jpg,1323405,IMG_0206.jpg,ceaf69cc2190e6b133599408a7a4ffdd,2041,2344,JPEG
IMG_0206_00003.jpg,1478605,IMG_0206.jpg,eb5a1e92f1225fe41e5f51634658c02c,2041,2344,JPEG
IMG_0206_00004.jpg,1396556,IMG_0206.jpg,997a8deb4d9605c41940effb7fc38b9e,2041,2344,JPEG
IMG_0206_00005.jpg,1372677,IMG_0206.jpg,16474f3a4cb2d8f1dc646fe287f955e0,2041,2344,JPEG
IMG_0206_00006.jpg,1322944,IMG_0206.jpg,894654ca576e02a27c3df608df08dfaf,2041,2344,JPEG
IMG_0206_00007.jpg,1412156,IMG_0206.jpg,de5e8efe8c25e1638d161ef8b55117f9,2041,2344,JPEG
IMG_0206_00008.jpg,1297784,IMG_0206.jpg,d803d61010884f46851276a1a2645793,2041,2344,JPEG
IMG_0206_00009.jpg,1511208,IMG_0206.jpg,6d3914d04137787bfb6cdcfbd7102bc2,2041,2344,JPEG
IMG_0206_00010.jpg,1335184,IMG_0206.jpg,fa5906e0ef911f2a081cf2649fb252d6,2041,2344,JPEG
IMG_0206_00011.jpg,1528021,IMG_0206.jpg,06c71a6f9bc962266e8ac9eff5141c77,2041,2344,JPEG
IMG_0206_00012.jpg,1432760,IMG_0206.jpg,c5967816cfa6c70275ebfe22ee57ac15,2041,2344,JPEG
IMG_0206_00013.jpg,1297044,IMG_0206.jpg,617d098da70e404dff2c9e6adf43ac03,2041,2344,JPEG
IMG_0206_00014.jpg,1405993,IMG_0206.jpg,7acd4bf65fa8b1b382f5ca166f0644d9,2041,2344,JPEG
IMG_0206_00015.jpg,1529032,IMG_0206.jpg,5807d87c7bce641a09140cdff53a0e18,2041,2344,JPEG
IMG_0206_00016.jpg,1409498,IMG_0206.jpg,89497b209dc466620def5954e04db73d,2041,2344,JPEG
IMG_0206_00017.jpg,1419207,IMG_0206.jpg,72ca45a1b57a8eed21c91e2e36c138ec,2041,2344,JPEG
IMG_0206_00018.jpg,1310809,IMG_0206.jpg,49281c4d0d43b8dbd62e246da7bea5aa,2041,2344,JPEG
IMG_0206_00019.jpg,1396737,IMG_0206.jpg,6ebdf93a539a97a5d0b441ea680b2014,2041,2344,JPEG
IMG_0206_00020.jpg,1396942,IMG_0206.jpg,ef92e78c37e4da3076e062e9b7556130,2041,2344,JPEG
IMG_0207_00001.jpg,1315169,IMG_0207.jpg,3bbd250262313befd9f57b32ea0384eb,1908,2308,JPEG
IMG_0207_00002.jpg,1238924,IMG_0207.jpg,952ca4b10d949e80a90b6079a52fe444,1908,2308,JPEG
IMG_0207_00003.jpg,1312766,IMG_0207.jpg,eb59d07497f3f7a77222df2b3e72bb6e,1908,2308,JPEG
IMG_0207_00004.jpg,1254912,IMG_0207.jpg,38fa516f71200b13366f1948c4cc3e81,1908,2308,JPEG
IMG_0207_00005.jpg,1285779,IMG_0207.jpg,49cc9f1a1861672a1e19917db7e15393,1908,2308,JPEG
IMG_0207_00006.jpg,1149516,IMG_0207.jpg,d50dc4b75ed890f435257e23c1ec46e6,1908,2308,JPEG
IMG_0207_00007.jpg,1254963,IMG_0207.jpg,bf244e330411fc1262c67a932a75745a,1908,2308,JPEG
IMG_0207_00008.jpg,1240217,IMG_0207.jpg,aa5f738a9688fcc3e7d5a0f2e309b43e,1908,2308,JPEG
IMG_0207_00009.jpg,1191872,IMG_0207.jpg,12d3fe25168f086c01ffc793a9782786,1908,2308,JPEG
IMG_0207_00010.jpg,1228641,IMG_0207.jpg,39525cec2d6aaf827897e1b912b13f19,1908,2308,JPEG
IMG_0207_00011.jpg,1319830,IMG_0207.jpg,69180a7df7e636653aab2a5238144bf9,1908,2308,JPEG
IMG_0207_00012.jpg,1273213,IMG_0207.jpg,7a482f6ff202a9d63832c0b31ae23bb2,1908,2308,JPEG
IMG_0207_00013.jpg,1369496,IMG_0207.jpg,e66380bf665dc27b84db423eaec0cd12,1908,2308,JPEG
IMG_0207_00014.jpg,1280404,IMG_0207.jpg,a3bafbb5523b7e3adbf4587dc41eb2b7,1908,2308,JPEG
IMG_0207_00015.jpg,1319810,IMG_0207.jpg,0e00f598a6ac6cc965bd10e448b73b97,1908,2308,JPEG
IMG_0207_00016.jpg,1408258,IMG_0207.jpg,9537092204363c154fcbb3c100bf70e0,1908,2308,JPEG
IMG_0207_00017.jpg,1312365,IMG_0207.jpg,8c68f52f19bf51c3691663dba2d9ea83,1908,2308,JPEG
IMG_0207_00018.jpg,1400981,IMG_0207.jpg,9e5fb84198dec1fa7c0e69c50efc10e0,1908,2308,JPEG
IMG_0207_00019.jpg,1212048,IMG_0207.jpg,ea29461870a1bcd9745ce0a283640876,1908,2308,JPEG
IMG_0207_00020.jpg,1399686,IMG_0207.jpg,802cc8e85cb3b5efedcd088a0f187836,1908,2308,JPEG
IMG_0208_00001.jpg,2151835,IMG_0208.jpg,7fba5ac1c96b6f44040696c39b06814d,2604,2626,JPEG
IMG_0208_00002.jpg,1982800,IMG_0208.jpg,0599f6323135ed589763e7f750b85b2e,2604,2626,JPEG
IMG_0208_00003.jpg,2042565,IMG_0208.jpg,5009a4fb206d12ecb9fdb4aa5451f539,2604,2626,JPEG
IMG_0208_00004.jpg,2025641,IMG_0208.jpg,3e8d393f84b2fcc29f7303edcfeb7b18,2604,2626,JPEG
IMG_0208_00005.jpg,2115100,IMG_0208.jpg,a73667c0e0b7d916ef40922191b32d36,2604,2626,JPEG
IMG_0208_00006.jpg,1955769,IMG_0208.jpg,e614539b0b7c8cf83aa6d763b158b8b6,2604,2626,JPEG
IMG_0208_00007.jpg,2212878,IMG_0208.jpg,fc2ab82dfb6c7e16a90ccd0be37fc846,2604,2626,JPEG
IMG_0208_00008.jpg,1969148,IMG_0208.jpg,d6ba298014e2c09ab04413d2a6dc5a28,2604,2626,JPEG
IMG_0208_00009.jpg,1980456,IMG_0208.jpg,1ce48d960212accf8bea15aee2b97354,2604,2626,JPEG
IMG_0208_00010.jpg,1991549,IMG_0208.jpg,b759f77b906ab8023a11281d6d3da4f2,2604,2626,JPEG
IMG_0208_00011.jpg,1938496,IMG_0208.jpg,e70073db288561a507d46f59dc088aa7,2604,2626,JPEG
IMG_0208_00012.jpg,2324739,IMG_0208.jpg,8192bebdf5329289eff2939a72371e43,2604,2626,JPEG
IMG_0208_00013.jpg,1972433,IMG_0208.jpg,4a126aa9406e704033e8222581c59a03,2604,2626,JPEG
IMG_0208_00014.jpg,2171969,IMG_0208.jpg,11f1c2c109e3b709cee28ed8cd6655d9,2604,2626,JPEG
IMG_0208_00015.jpg,1979750,IMG_0208.jpg,167073e590d4a3750775c34e4669a10c,2604,2626,JPEG
IMG_0208_00016.jpg,1923179,IMG_0208.jpg,2aa70add434ef58c95cbd61d27da47f3,2604,2626,JPEG
IMG_0208_00017.jpg,2021408,IMG_0208.jpg,ba600935a98e599bf43b71f348905fe3,2604,2626,JPEG
IMG_0208_00018.jpg,1992280,IMG_0208.jpg,f900239cbed77fcb31c3e841c4cee941,2604,2626,JPEG
IMG_0208_00019.jpg,2032652,IMG_0208.jpg,e64d19922ecefb74be78da8b6d620be5,2604,2626,JPEG
IMG_0208_00020.jpg,2173019,IMG_0208.jpg,c91954b503c38908bf7cce9f8f1cb0db,2604,2626,JPEG
IMG_0209_00001.jpg,1554649,IMG_0209.jpg,e6a6f157c9fdc4bdd549a702e9fe8d19,2311,2475,JPEG
IMG_0209_00002.jpg,1587270,IMG_0209.jpg,7f9524913f2883476457aeeaad0a9856,2311,2475,JPEG
IMG_0209_00003.jpg,1672263,IMG_0209.jpg,4a982b3638edf6867793301261f2bf5d,2311,2475,JPEG
IMG_0209_00004.jpg,1632879,IMG_0209.jpg,4869ca376002037e713d24d84a34975b,2311,2475,JPEG
IMG_0209_00005.jpg,1794343,IMG_0209.jpg,fcded523517cc995c3ba64f344d5876d,2311,2475,JPEG
IMG_0209_00006.jpg,1591101,IMG_0209.jpg,86419e02400c2643b50e85f963d414e8,2311,2475,JPEG
IMG_0209_00007.jpg,1552354,IMG_0209.jpg,50e5e912b9ea02913be748508c71c5df,2311,2475,JPEG
IMG_0209_00008.jpg,1600371,IMG_0209.jpg,8dabd7a1b605bcfbb5cb47c2be828b12,2311,2475,JPEG
IMG_0209_00009.jpg,1562916,IMG_0209.jpg,301b6452ca4b716bb2c2bf9a6d5669dd,2311,2475,JPEG
IMG_0209_00010.jpg,1506629,IMG_0209.jpg,d686ee81583e580bbe207829e97580a1,2311,2475,JPEG
IMG_0209_00011.jpg,1568048,IMG_0209.jpg,b7fabbe174ffd699f1047fcd9dfab408,2311,2475,JPEG
IMG_0209_00012.jpg,1693973,IMG_0209.jpg,e11d3d4ef4f3e6eea3832ebf996e0e83,2311,2475,JPEG
IMG_0209_00013.jpg,1594629,IMG_0209.jpg,7471d49c47f018192c5286db6c4ff8df,2311,2475,JPEG
IMG_0209_00014.jpg,1855200,IMG_0209.jpg,abb672f16f49b74d800368c38a00f9fd,2311,2475,JPEG
IMG_0209_00015.jpg,1583995,IMG_0209.jpg,5b0a4e27edd79841834c08e7078048fa,2311,2475,JPEG
IMG_0209_00016.jpg,1561499,IMG_0209.jpg,cd6a93ba77198b1061a4f22483fe2935,2311,2475,JPEG
IMG_0209_00017.jpg,1550885,IMG_0209.jpg,dbb2b349d65b39ffd197585e5e40297a,2311,2475,JPEG
IMG_0209_00018.jpg,1536850,IMG_0209.jpg,25f4101030aa68a521bc6bd54f5f1523,2311,2475,JPEG
IMG_0209_00019.jpg,1643649,IMG_0209.jpg,4241757a73834a8768fa545731caaafd,2311,2475,JPEG
IMG_0209_00020.jpg,1521540,IMG_0209.jpg,e372f5e240077c0b065ab37552cc5451,2311,2475,JPEG
IMG_0210_00001.jpg,1753672,IMG_0210.jpg,575b46f85f105f30c9f5a3844fa1ce1d,2462,2335,JPEG
IMG_0210_00002.jpg,1922744,IMG_0210.jpg,5b363f05d18bb559a6c019a8ea679f88,2462,2335,JPEG
IMG_0210_00003.jpg,1759252,IMG_0210.jpg,5f2d6c9d3f1cd9f081b40e3958094526,2462,2335,JPEG
IMG_0210_00004.jpg,1736777,IMG_0210.jpg,b94ca0f0b72cb0da5538bca9785679d3,2462,2335,JPEG
IMG_0210_00005.jpg,1929314,IMG_0210.jpg,ff59b44aa05a434ed1fbe6d167428714,2462,2335,JPEG
IMG_0210_00006.jpg,1760510,IMG_0210.jpg,971d4dce2f5b647b6127d0e84550b4c8,2462,2335,JPEG
IMG_0210_00007.jpg,1919075,IMG_0210.jpg,b4067d6eb9e969b651fb1d9ff47fc3c2,2462,2335,JPEG
IMG_0210_00008.jpg,1809790,IMG_0210.jpg,d3c41cc5437305274bd8ff5816a30d3b,2462,2335,JPEG
IMG_0210_00009.jpg,1723859,IMG_0210.jpg,26136f7af0d13c61425c4dc2068ba343,2462,2335,JPEG
IMG_0210_00010.jpg,1812683,IMG_0210.jpg,dbf5736f10bb8306d1b6b2b6d9a67ca4,2462,2335,JPEG
IMG_0210_00011.jpg,1702421,IMG_0210.jpg,91857b799f0282fdc6e39d88e8a87900,2462,2335,JPEG
IMG_0210_00012.jpg,1753584,IMG_0210.jpg,e0f7e5f855351420ea56a0679325f328,2462,2335,JPEG
IMG_0210_00013.jpg,1766754,IMG_0210.jpg,8e84f2a0839619d8cba7aaeacfab8ff8,2462,2335,JPEG
IMG_0210_00014.jpg,1788609,IMG_0210.jpg,e03c134349b441a80ee6cb04ff69ba0a,2462,2335,JPEG
IMG_0210_00015.jpg,1766085,IMG_0210.jpg,f1f797cff7cde49ad1194aba61db0af4,2462,2335,JPEG
IMG_0210_00016.jpg,1717171,IMG_0210.jpg,cf0a723d50871d298d201e4db6cfbb2d,2462,2335,JPEG
IMG_0210_00017.jpg,1755117,IMG_0210.jpg,2a21b7cbe732f2db3ba068b8240372d6,2462,2335,JPEG
IMG_0210_00018.jpg,1843518,IMG_0210.jpg,37809488238ca9c8edafd5cc1671c374,2462,2335,JPEG
IMG_0210_00019.jpg,1772642,IMG_0210.jpg,61b6baae16ceb8dfca7cd316787ea6ab,2462,2335,JPEG
IMG_0210_00020.jpg,1717149,IMG_0210.jpg,034f41386429d376355501d6cfe10138,2462,2335,JPEG
IMG_0211_00001.jpg,1796641,IMG_0211.jpg,bd77fce2bc9161f1dbc48d6c993445b9,2093,2916,JPEG
IMG_0211_00002.jpg,1940647,IMG_0211.jpg,804e8149f6500eef3bde87d7f9ce8baa,2093,2916,JPEG
IMG_0211_00003.jpg,2098308,IMG_0211.jpg,eb99f35f26ef55d2f52ce193ccb749e8,2093,2916,JPEG
IMG_0211_00004.jpg,1809663,IMG_0211.jpg,bf2168ee3226960602fc82be15856ce5,2093,2916,JPEG
IMG_0211_00005.jpg,1845244,IMG_0211.jpg,2e845f71838784c1b8dabd6be0093773,2093,2916,JPEG
IMG_0211_00006.jpg,1894955,IMG_0211.jpg,558f08cc81294183b7ccd249fc654090,2093,2916,JPEG
IMG_0211_00007.jpg,1994500,IMG_0211.jpg,90a0a896deb0b68654f2de225931f8b0,2093,2916,JPEG
IMG_0211_00008.jpg,1962483,IMG_0211.jpg,576135e962c1276f99d90d7663c82285,2093,2916,JPEG
IMG_0211_00009.jpg,1881838,IMG_0211.jpg,40332899f324204350b63f5b959468cc,2093,2916,JPEG
IMG_0211_00010.jpg,1944331,IMG_0211.jpg,587ccc666b88e97faff3b83433722cf8,2093,2916,JPEG
IMG_0211_00011.jpg,1825047,IMG_0211.jpg,033b141312fe309ef0b8d2048756be5b,2093,2916,JPEG
IMG_0211_00012.jpg,1912201,IMG_0211.jpg,6aa889f48c2c3f829b5096bd028f2487,2093,2916,JPEG
IMG_0211_00013.jpg,1922735,IMG_0211.jpg,978963141f0ad5eb14ef4c7ad4db352b,2093,2916,JPEG
IMG_0211_00014.jpg,1842274,IMG_0211.jpg,dc598a762cf739aa9ca08749afda1dbe,2093,2916,JPEG
IMG_0211_00015.jpg,1941154,IMG_0211.jpg,377e1555fc4b947acfc8523f9bf90d07,2093,2916,JPEG
IMG_0211_00016.jpg,1855440,IMG_0211.jpg,b94436cace6968e0eca1285a1946a4fe,2093,2916,JPEG
IMG_0211_00017.jpg,2022040,IMG_0211.jpg,356f213c0a1b032ad7b5fd52e93ac910,2093,2916,JPEG
IMG_0211_00018.jpg,1997587,IMG_0211.jpg,655fc90178cd7f1912b6e240ecca83d2,2093,2916,JPEG
IMG_0211_00019.jpg,1784410,IMG_0211.jpg,40933fbe8ec87a5c69d34cdb5d1e5b90,2093,2916,JPEG
IMG_0211_00020.jpg,1963542,IMG_0211.jpg,8d8c57fb2eac3a785ed5d5a37105339f,2093,2916,JPEG
IMG_0212_00001.jpg,1364670,IMG_0212.jpg,419140f0d9564e941fef7a8c4da64c89,1672,2503,JPEG
IMG_0212_00002.jpg,1269905,IMG_0212.jpg,19d62db523f8654379889e047ca7a268,1672,2503,JPEG
IMG_0212_00003.jpg,1334648,IMG_0212.jpg,ea67f3b20846b3fabe5e12ff17012c7b,1672,2503,JPEG
IMG_0212_00004.jpg,1198916,IMG_0212.jpg,c304f4466dbd0d4679c5967c151b2361,1672,2503,JPEG
IMG_0212_00005.jpg,1244584,IMG_0212.jpg,60086090aa5dc379bc86ab4ecc2fb237,1672,2503,JPEG
IMG_0212_00006.jpg,1314956,IMG_0212.jpg,1ba92c011e1d4c5a2a7b31865549920e,1672,2503,JPEG
IMG_0212_00007.jpg,1334871,IMG_0212.jpg,3dd6178375289918b1a7a07047a33a5f,1672,2503,JPEG
IMG_0212_00008.jpg,1205533,IMG_0212.jpg,ae5e33a744f3b1670acec20bd330e021,1672,2503,JPEG
IMG_0212_00009.jpg,1247406,IMG_0212.jpg,66a1f410027f988d74606797a2b31126,1672,2503,JPEG
IMG_0212_00010.jpg,1313361,IMG_0212.jpg,5eb6ac73264d7a8c7af6b78191a46d54,1672,2503,JPEG
IMG_0212_00011.jpg,1449248,IMG_0212.jpg,3b78e8dbd9b90312c84b4207e3575e47,1672,2503,JPEG
IMG_0212_00012.jpg,1361436,IMG_0212.jpg,d3096a2690f8d11478e78c551cd28072,1672,2503,JPEG
IMG_0212_00013.jpg,1354501,IMG_0212.jpg,570605b8111090d299bb4a6445c302c0,1672,2503,JPEG
IMG_0212_00014.jpg,1315058,IMG_0212.jpg,85344ee0cabc65dd41a0d29facef6d6f,1672,2503,JPEG
IMG_0212_00015.jpg,1293655,IMG_0212.jpg,2e127813b58b5499f80e81ff7c78b954,1672,2503,JPEG
IMG_0212_00016.jpg,1403639,IMG_0212.jpg,d4d4480ae4156b4de6c103144cacf3db,1672,2503,JPEG
IMG_0212_00017.jpg,1283459,IMG_0212.jpg,d4e1f933e32ad50f591835aa0a817bd3,1672,2503,JPEG
IMG_0212_00018.jpg,1276627,IMG_0212.jpg,046ddd81a683703c0a5b8b39cfb167e9,1672,2503,JPEG
IMG_0212_00019.jpg,1246769,IMG_0212.jpg,fe00615686e5aa719dfd2bf0d98cb447,1672,2503,JPEG
IMG_0212_00020.jpg,1243393,IMG_0212.jpg,1285feebea4ad960c92cd246ce3f9faf,1672,2503,JPEG
IMG_0213_00001.jpg,2254064,IMG_0213.jpg,4b32be430ae3d580ac7823aec68675a2,2469,2740,JPEG
IMG_0213_00002.jpg,2393918,IMG_0213.jpg,cf40d03db62d12af1b3289ad368f8072,2469,2740,JPEG
IMG_0213_00003.jpg,2426632,IMG_0213.jpg,5334bb8a1ff6ba63da1affdcedeed803,2469,2740,JPEG
IMG_0213_00004.jpg,2211275,IMG_0213.jpg,02b8e9e5b1986aea2b546f9c37cefd8f,2469,2740,JPEG
IMG_0213_00005.jpg,2274338,IMG_0213.jpg,a177072899339aa7c0f1f1e271b847c5,2469,2740,JPEG
IMG_0213_00006.jpg,2287457,IMG_0213.jpg,6709acc9bd38f94c8971f17327c801ca,2469,2740,JPEG
IMG_0213_00007.jpg,2424051,IMG_0213.jpg,eea0ae69efb98e53b3431e39c0d62b5b,2469,2740,JPEG
IMG_0213_00008.jpg,2292464,IMG_0213.jpg,cf39c03d96ce270a6a7209b06a6e64f8,2469,2740,JPEG
IMG_0213_00009.jpg,2257892,IMG_0213.jpg,b091f528c9d4bb6ea5af613890ac00d7,2469,2740,JPEG
IMG_0213_00010.jpg,2336610,IMG_0213.jpg,b50fc6147f66c072d69859cf40b893f9,2469,2740,JPEG
IMG_0213_00011.jpg,2422076,IMG_0213.jpg,e4c2c650558ccf3ac1f99d4e2605cd1e,2469,2740,JPEG
IMG_0213_00012.jpg,2193078,IMG_0213.jpg,38a400683179146c2039b348bf5ef49f,2469,2740,JPEG
IMG_0213_00013.jpg,2255958,IMG_0213.jpg,c30c884d7b2d721e84f5bd445448138e,2469,2740,JPEG
IMG_0213_00014.jpg,2401985,IMG_0213.jpg,6c61d3e32abf7f5374d4b9c71e469a3b,2469,2740,JPEG
IMG_0213_00015.jpg,2335267,IMG_0213.jpg,4907e13a8de3aee8d9a493ea44ed54b3,2469,2740,JPEG
IMG_0213_00016.jpg,2302110,IMG_0213.jpg,868728c94286301bf55caf081efcc420,2469,2740,JPEG
IMG_0213_00017.jpg,2163238,IMG_0213.jpg,e323bd1a656872c8dbb08f5e3318bc47,2469,2740,JPEG
IMG_0213_00018.jpg,2316095,IMG_0213.jpg,a9963dedea3f20f0e3078bf8bde32eb6,2469,2740,JPEG
IMG_0213_00019.jpg,2359083,IMG_0213.jpg,7f96797dfde25d0d0a6e5f41edc6c40f,2469,2740,JPEG
IMG_0213_00020.jpg,2419323,IMG_0213.jpg,75afbf7a82c2e56afe6e5516b4bbebef,2469,2740,JPEG
IMG_0214_00001.jpg,2941835,IMG_0214.jpg,08545bfd126bd91b870d3f8777e713e1,3957,2781,JPEG
IMG_0214_00002.jpg,3052118,IMG_0214.jpg,574e26d9a469e3615856e5153586e58a,3957,2781,JPEG
IMG_0214_00003.jpg,2951037,IMG_0214.jpg,e20e464b99ce800b4968c5258db00072,3957,2781,JPEG
IMG_0214_00004.jpg,2949709,IMG_0214.jpg,582f5490f80310b9b12e9f4f47799e74,3957,2781,JPEG
IMG_0214_00005.jpg,2879651,IMG_0214.jpg,6226da177d97121967baf8b5ff924d74,3957,2781,JPEG
IMG_0214_00006.jpg,2892398,IMG_0214.jpg,3cda51ed6f970a645cb8413b73059ef2,3957,2781,JPEG
IMG_0214_00007.jpg,2904901,IMG_0214.jpg,de935524db5b705cfe584227ffcbaed3,3957,2781,JPEG
IMG_0214_00008.jpg,3270317,IMG_0214.jpg,cacafc9981d928ad5c754a78735b4223,3957,2781,JPEG
IMG_0214_00009.jpg,2991507,IMG_0214.jpg,867f16682123d1fd03d428745c2a5803,3957,2781,JPEG
IMG_0214_00010.jpg,3165321,IMG_0214.jpg,c4ddc82431072c7169ba919a84f41e98,3957,2781,JPEG
IMG_0214_00011.jpg,2971379,IMG_0214.jpg,07b1cc6f568b5d28c924538557e69bab,3957,2781,JPEG
IMG_0214_00012.jpg,3089429,IMG_0214.jpg,2df9dfa8c19826f82a0fa42bfe5bda66,3957,2781,JPEG
IMG_0214_00013.jpg,2907752,IMG_0214.jpg,8658e2b0ce594160502a9367c45d403c,3957,2781,JPEG
IMG_0214_00014.jpg,3124352,IMG_0214.jpg,7f365924b4e32815e7901eefcd085e38,3957,2781,JPEG
IMG_0214_00015.jpg,3064577,IMG_0214.jpg,3d0028cc09b971ecf74c2561540ab750,3957,2781,JPEG
IMG_0214_00016.jpg,3266612,IMG_0214.jpg,cf3743b41801b7647e36b2647ca0c05c,3957,2781,JPEG
IMG_0214_00017.jpg,3073768,IMG_0214.jpg,f106588563b27afd639d7be4760bfc8b,3957,2781,JPEG
IMG_0214_00018.jpg,2923357,IMG_0214.jpg,3835909e740ea4e9bed4d849f1e632e2,3957,2781,JPEG
IMG_0214_00019.jpg,2903434,IMG_0214.jpg,1235c626c02f86a438cd86e3ff7a1e09,3957,2781,JPEG
IMG_0214_00020.jpg,3247447,IMG_0214.jpg,aceb65ffb2fb1faf71456d403c01bcd5,3957,2781,JPEG
IMG_0215_00001.jpg,3223767,IMG_0215.jpg,94ae3a10ef483ac50c41db156c23c7df,4184,2984,JPEG
IMG_0215_00002.jpg,3172233,IMG_0215.jpg,3f643c7c35acc7842cb1afb032854718,4184,2984,JPEG
IMG_0215_00003.jpg,3502410,IMG_0215.jpg,0c15107e16c396d43fd2f26da4f599fa,4184,2984,JPEG
IMG_0215_00004.jpg,3203278,IMG_0215.jpg,355af58ae2a41a6c5d51c4c07c94e261,4184,2984,JPEG
IMG_0215_00005.jpg,3412025,IMG_0215.jpg,e82d02fa67e7d997d032d7d0625ccbfc,4184,2984,JPEG
IMG_0215_00006.jpg,3204416,IMG_0215.jpg,dd1f401506ecfaf05abc8e46fe8a4de2,4184,2984,JPEG
IMG_0215_00007.jpg,3220990,IMG_0215.jpg,33ed9dd183782813eeb574fa83802d42,4184,2984,JPEG
IMG_0215_00008.jpg,3650802,IMG_0215.jpg,2e2c1ab389febca7fd920e48d6c862cf,4184,2984,JPEG
IMG_0215_00009.jpg,3671475,IMG_0215.jpg,b39d4920560a08eff673acd47bf26561,4184,2984,JPEG
IMG_0215_00010.jpg,3253687,IMG_0215.jpg,a949647d4d5e13b1503f6adde4be375f,4184,2984,JPEG
IMG_0215_00011.jpg,3514248,IMG_0215.jpg,e308a115c9fa3814667c38995c55019b,4184,2984,JPEG
IMG_0215_00012.jpg,3201663,IMG_0215.jpg,f86d226a29db8922d17a93ee8f0e154c,4184,2984,JPEG
IMG_0215_00013.jpg,3022531,IMG_0215.jpg,c4ae2896fbc13707e26d1949c3e43265,4184,2984,JPEG
IMG_0215_00014.jpg,3139352,IMG_0215.jpg,08ce08dee879c1189c1dc01dd25d9b4c,4184,2984,JPEG
IMG_0215_00015.jpg,3324262,IMG_0215.jpg,8eb88ce34ac00acee914675eded7eb8e,4184,2984,JPEG
IMG_0215_00016.jpg,3405042,IMG_0215.jpg,b895cb971f712c6475ac0ec597a2f653,4184,2984,JPEG
IMG_0215_00017.jpg,3103856,IMG_0215.jpg,b2eec011c06e9e7b7ca61f3896aad63c,4184,2984,JPEG
IMG_0215_00018.jpg,3104375,IMG_0215.jpg,c536b2e53a42484b8664eaee5ce7eee9,4184,2984,JPEG
IMG_0215_00019.jpg,3190454,IMG_0215.jpg,aa57da5303e8057ede37177bcd566480,4184,2984,JPEG
IMG_0215_00020.jpg,3230462,IMG_0215.jpg,205d2a2b7b093562afde3bb123dc01f3,4184,2984,JPEG
IMG_0216_00001.jpg,5717172,IMG_0216.jpg,00b841871193b11302d66cd5548363e5,4736,6008,JPEG
IMG_0216_00002.jpg,5737048,IMG_0216.jpg,048ffddb6fcfa1d4e2b1050892fa1658,4736,6008,JPEG
IMG_0216_00003.jpg,6088836,IMG_0216.jpg,4055ebbd4cedeb98592e9105648603a6,4736,6008,JPEG
IMG_0216_00004.jpg,5843744,IMG_0216.jpg,e942dd213f5cc589852e9002437dd969,4736,6008,JPEG
IMG_0216_00005.jpg,6048300,IMG_0216.jpg,81646f80aa88a94226a2c3e801cb2df0,4736,6008,JPEG
IMG_0216_00006.jpg,5788518,IMG_0216.jpg,60d024ea87309619f32a2e310027480b,4736,6008,JPEG
IMG_0216_00007.jpg,5854435,IMG_0216.jpg,8f3bad2529be12a1bdbb83357742f1d6,4736,6008,JPEG
IMG_0216_00008.jpg,6120760,IMG_0216.jpg,51165fdf65b690a100073c440b37f72c,4736,6008,JPEG
IMG_0216_00009.jpg,5823969,IMG_0216.jpg,1152fea85a157b09a5e624f19c855f11,4736,6008,JPEG
IMG_0216_00010.jpg,5955847,IMG_0216.jpg,99c7a4d6cd46120cb60b26c0a5e16118,4736,6008,JPEG
IMG_0216_00011.jpg,6060140,IMG_0216.jpg,81ea4a959bc4d7a987be603cbfb35eff,4736,6008,JPEG
IMG_0216_00012.jpg,5697728,IMG_0216.jpg,f699a7b5cdebecc4c8aef850556410ac,4736,6008,JPEG
IMG_0216_00013.jpg,6032149,IMG_0216.jpg,e15cdf7f73b319c6815a904089dcf892,4736,6008,JPEG
IMG_0216_00014.jpg,5706270,IMG_0216.jpg,8df70f9af7cb3d7e948c972e1cefc3dc,4736,6008,JPEG
IMG_0216_00015.jpg,5874431,IMG_0216.jpg,6cc64322d7c8d97636a11dc6dfbc03b5,4736,6008,JPEG
IMG_0216_00016.jpg,6202511,IMG_0216.jpg,11533fd599de1f315c0a0b0508c46812,4736,6008,JPEG
IMG_0216_00017.jpg,5953834,IMG_0216.jpg,1ec7624b1d11ded38fa91e72c7ec271f,4736,6008,JPEG
IMG_0216_00018.jpg,5817520,IMG_0216.jpg,b759bb28ca1f5564377ea7d9b967fa94,4736,6008,JPEG
IMG_0216_00019.jpg,5624550,IMG_0216.jpg,6ad83ff176c1371c5553a163eea8f86c,4736,6008,JPEG
IMG_0216_00020.jpg,5637829,IMG_0216.jpg,ac305c00a6910f2ae9b8e4969afc7a19,4736,6008,JPEG
IMG_0217_00001.jpg,7594812,IMG_0217.jpg,07b4c06460010bc393895ccc7613f494,4856,6280,JPEG
IMG_0217_00002.jpg,7420841,IMG_0217.jpg,bfb9284c87017bd57661b10d8caa7852,4856,6280,JPEG
IMG_0217_00003.jpg,8126954,IMG_0217.jpg,d8c0721989e5d593311fc9453bedd3d4,4856,6280,JPEG
IMG_0217_00004.jpg,7376626,IMG_0217.jpg,6571c41f96c37c57ebb38375e1b0510d,4856,6280,JPEG
IMG_0217_00005.jpg,7714619,IMG_0217.jpg,be5ace93db133994e015abecd5d8e2f0,4856,6280,JPEG
IMG_0217_00006.jpg,7262392,IMG_0217.jpg,9621aaf79ab3a6f70dd7d0ecc98dbdf3,4856,6280,JPEG
IMG_0217_00007.jpg,7391112,IMG_0217.jpg,a7bc8ac79fa1211f9b94a8ef6099128e,4856,6280,JPEG
IMG_0217_00008.jpg,7632923,IMG_0217.jpg,863d67f5d649ba5d1cfba8631b72aea4,4856,6280,JPEG
IMG_0217_00009.jpg,7472468,IMG_0217.jpg,925dd554560c5d89ecfdc10b1d8b1819,4856,6280,JPEG
IMG_0217_00010.jpg,7521119,IMG_0217.jpg,6bf093802e1587c09f4b61423ea7569e,4856,6280,JPEG
IMG_0217_00011.jpg,8131842,IMG_0217.jpg,bbacc8f865ee6ef06d4927df6d34a5be,4856,6280,JPEG
IMG_0217_00012.jpg,7771041,IMG_0217.jpg,88c5c5c844be3df499a44de2f2c01e6b,4856,6280,JPEG
IMG_0217_00013.jpg,7524306,IMG_0217.jpg,bb7a5152e3f6346891e18435f2bd69e7,4856,6280,JPEG
IMG_0217_00014.jpg,7476409,IMG_0217.jpg,90b9e50194c727496847ad4ff1859f8a,4856,6280,JPEG
IMG_0217_00015.jpg,7614665,IMG_0217.jpg,f5ba88c9da52c1d3e41e5edfecc7eebc,4856,6280,JPEG
IMG_0217_00016.jpg,7615982,IMG_0217.jpg,ff2d0672c69699184c3989ce154faa64,4856,6280,JPEG
IMG_0217_00017.jpg,7487644,IMG_0217.jpg,c121402da3eff4a8ad2971893c4e69a4,4856,6280,JPEG
IMG_0217_00018.jpg,8034038,IMG_0217.jpg,d99d174000576115680dac52bf535c14,4856,6280,JPEG
IMG_0217_00019.jpg,7480816,IMG_0217.jpg,522cc70a8f425969bd02fbe99141ba79,4856,6280,JPEG
IMG_0217_00020.jpg,7334630,IMG_0217.jpg,488bf19dd9006a04e4dcca06058c5c2e,4856,6280,JPEG
IMG_0218_00001.jpg,6399607,IMG_0218.jpg,5b36d8a074a686b2eef7c50d92104ca8,2796,6701,JPEG
IMG_0218_00002.jpg,6298046,IMG_0218.jpg,d02f98fdf9599172c31d4d22277e50e8,2796,6701,JPEG
IMG_0218_00003.jpg,6160606,IMG_0218.jpg,1c6df33e274d9ed7bd3cbaf72a8f54ab,2796,6701,JPEG
IMG_0218_00004.jpg,6228339,IMG_0218.jpg,ca5603d0c6eca9936e1b3bc813cd60fb,2796,6701,JPEG
IMG_0218_00005.jpg,6226804,IMG_0218.jpg,9dc7a0a17357cdb3e0d73944f0a83d89,2796,6701,JPEG
IMG_0218_00006.jpg,6196740,IMG_0218.jpg,89e35e2045e6cd639bc1d85717140eb3,2796,6701,JPEG
IMG_0218_00007.jpg,6161433,IMG_0218.jpg,71143340ef1381e8342f65c096f1ae24,2796,6701,JPEG
IMG_0218_00008.jpg,6318103,IMG_0218.jpg,5046c61d165b4b47aa3815ad563b906d,2796,6701,JPEG
IMG_0218_00009.jpg,6191724,IMG_0218.jpg,9cf3046a5b4a83d42f0a04b54ac78504,2796,6701,JPEG
IMG_0218_00010.jpg,6164897,IMG_0218.jpg,ef5af21020555d1290e3c43803354148,2796,6701,JPEG
IMG_0218_00011.jpg,6300278,IMG_0218.jpg,6ed4a9e9bb308e1fef2a4f94cae1658f,2796,6701,JPEG
IMG_0218_00012.jpg,6228612,IMG_0218.jpg,8b07b430a9f8a0b1be174ad0f80f7927,2796,6701,JPEG
IMG_0218_00013.jpg,6189353,IMG_0218.jpg,4eb51b4a497d4716b82bea1fc649ef80,2796,6701,JPEG
IMG_0218_00014.jpg,6324534,IMG_0218.jpg,8201c14ea24757252aff3c48c5a324f0,2796,6701,JPEG
IMG_0218_00015.jpg,6220231,IMG_0218.jpg,75fdcde40604e742d9f1a2416da5b11d,2796,6701,JPEG
IMG_0218_00016.jpg,6255155,IMG_0218.jpg,f49a78428ecf58c74a8391872eb7ade9,2796,6701,JPEG
IMG_0218_00017.jpg,6422521,IMG_0218.jpg,ca708b9e1001ec32d4f23ffbf79743f4,2796,6701,JPEG
IMG_0218_00018.jpg,6305367,IMG_0218.jpg,4b67c77a0036c402627aa8503ce3707b,2796,6701,JPEG
IMG_0218_00019.jpg,6447632,IMG_0218.jpg,dfe4400104a94b19d44fde67e976846a,2796,6701,JPEG
IMG_0218_00020.jpg,6169985,IMG_0218.jpg,0d51dc6691f7172fa5fd52f7a032949d,2796,6701,JPEG
IMG_0219_00001.jpg,5717915,IMG_0219.jpg,d1ddf15a42989a30b894424dd0148115,2821,5762,JPEG
IMG_0219_00002.jpg,5662805,IMG_0219.jpg,d827a93f8a1f6ffd398a6acb618aefd1,2821,5762,JPEG
IMG_0219_00003.jpg,5605212,IMG_0219.jpg,3632da28c24db4b4b8a2b8360db0fc61,2821,5762,JPEG
IMG_0219_00004.jpg,5596785,IMG_0219.jpg,667218bf91309ae34e97e334eb77a158,2821,5762,JPEG
IMG_0219_00005.jpg,5630386,IMG_0219.jpg,30b49aa8ca86f55a8985aaf5adde7e01,2821,5762,JPEG
IMG_0219_00006.jpg,5665291,IMG_0219.jpg,272fad04f511fdffa91ee3cb92a96a23,2821,5762,JPEG
IMG_0219_00007.jpg,5618330,IMG_0219.jpg,fcd9db8e65e23f8e66c3b50ab5d4d3ce,2821,5762,JPEG
IMG_0219_00008.jpg,5838613,IMG_0219.jpg,31c54c1817ec2aa7b37f877d0c61cf16,2821,5762,JPEG
IMG_0219_00009.jpg,5891314,IMG_0219.jpg,a574edda81467f8b5e8f55cc06daaf49,2821,5762,JPEG
IMG_0219_00010.jpg,5644589,IMG_0219.jpg,82668e9995ffb8141e912b1e1f4d9c2a,2821,5762,JPEG
IMG_0219_00011.jpg,5700869,IMG_0219.jpg,db8e160e8c2b16ff24aa9770ba08249f,2821,5762,JPEG
IMG_0219_00012.jpg,5656756,IMG_0219.jpg,12ee630f65abf2b3f9a142e2d208d15d,2821,5762,JPEG
IMG_0219_00013.jpg,5693613,IMG_0219.jpg,9dbd4debeda054f2183e5f3537bb837c,2821,5762,JPEG
IMG_0219_00014.jpg,5759479,IMG_0219.jpg,f5a8c16f66fc5c999c4282287f434e78,2821,5762,JPEG
IMG_0219_00015.jpg,5669636,IMG_0219.jpg,317cc85acc073c900a856faaed3e1f00,2821,5762,JPEG
IMG_0219_00016.jpg,5699376,IMG_0219.jpg,b01fec5317fb101f1abd497293b8a480,2821,5762,JPEG
IMG_0219_00017.jpg,5639136,IMG_0219.jpg,9f2f4ffd314b3b142458c4a2d74d9fea,2821,5762,JPEG
IMG_0219_00018.jpg,5829139,IMG_0219.jpg,93b56a9d9335967cc38fea98c071c080,2821,5762,JPEG
IMG_0219_00019.jpg,5649035,IMG_0219.jpg,442d51e544051b7c312c14452f4d7105,2821,5762,JPEG
IMG_0219_00020.jpg,5883584,IMG_0219.jpg,31c922f972b0c60a7a34aaf2a2e8985d,2821,5762,JPEG
IMG_0220_00001.jpg,6309639,IMG_0220.jpg,427e6915c6849a8d97dc4c70d0e5338d,2992,6808,JPEG
IMG_0220_00002.jpg,6234434,IMG_0220.jpg,77ac3bf05f30061738ef79a800a49781,2992,6808,JPEG
IMG_0220_00003.jpg,6312201,IMG_0220.jpg,b20b5e0167e671375489019b1ab3e155,2992,6808,JPEG
IMG_0220_00004.jpg,6273006,IMG_0220.jpg,0e1f4963d1d248a105611038d6ea6575,2992,6808,JPEG
IMG_0220_00005.jpg,6603357,IMG_0220.jpg,ee050e8d87372da88dc36b9efd653dc2,2992,6808,JPEG
IMG_0220_00006.jpg,6329785,IMG_0220.jpg,fa1e17744aa8516cf6968e47f183530d,2992,6808,JPEG
IMG_0220_00007.jpg,6494814,IMG_0220.jpg,55aeb864ebeb6ecff3ae28f3a8deca39,2992,6808,JPEG
IMG_0220_00008.jpg,6368284,IMG_0220.jpg,4a125f90b197d22b13899ae425c353b4,2992,6808,JPEG
IMG_0220_00009.jpg,6227991,IMG_0220.jpg,9f13f8951dd6ae02b00ee170a4ca4a9c,2992,6808,JPEG
IMG_0220_00010.jpg,6274160,IMG_0220.jpg,7eec7ca1ea9b52a7c19dbbc0edb51418,2992,6808,JPEG
IMG_0220_00011.jpg,6422026,IMG_0220.jpg,631ed20b272010fdab40dc2e9a0cf137,2992,6808,JPEG
IMG_0220_00012.jpg,6305805,IMG_0220.jpg,e2610a9057d9faedcb36bf66ad81ce20,2992,6808,JPEG
IMG_0220_00013.jpg,6374122,IMG_0220.jpg,1a7453447262546fa270a97e725070b4,2992,6808,JPEG
IMG_0220_00014.jpg,6188014,IMG_0220.jpg,86db3b5e53b0a0569b0ca34b569592b4,2992,6808,JPEG
IMG_0220_00015.jpg,6375454,IMG_0220.jpg,e667bba2d48b02339e34480551bef7a6,2992,6808,JPEG
IMG_0220_00016.jpg,6359407,IMG_0220.jpg,dc1017027d8250372d57f84b98182e8a,2992,6808,JPEG
IMG_0220_00017.jpg,6263489,IMG_0220.jpg,07e187fc9a93afc7086d03b0c3e22440,2992,6808,JPEG
IMG_0220_00018.jpg,6184115,IMG_0220.jpg,6cb982ed40e723e414e7c117967ac3df,2992,6808,JPEG
IMG_0220_00019.jpg,6425420,IMG_0220.jpg,18786fbf10087ee184266972b756b9f9,2992,6808,JPEG
IMG_0220_00020.jpg,6299989,IMG_0220.jpg,2fd5ca0b12dc5ff596f434c9783bd421,2992,6808,JPEG
IMG_0221_00001.jpg,3497849,IMG_0221.jpg,41767dbb4d465b9acaa6d12a186794f3,2992,3592,JPEG
IMG_0221_00002.jpg,3442648,IMG_0221.jpg,7259d4fd57af4193f76e6f73f78e7da8,2992,3592,JPEG
IMG_0221_00003.jpg,3371946,IMG_0221.jpg,c78176bbd0acc88ff5c647b5df8fea98,2992,3592,JPEG
IMG_0221_00004.jpg,3431782,IMG_0221.jpg,5635772bd55d5fc3ae4924d104328245,2992,3592,JPEG
IMG_0221_00005.jpg,3524048,IMG_0221.jpg,77d96df7aa911b2986bd574d5430f08c,2992,3592,JPEG
IMG_0221_00006.jpg,3412801,IMG_0221.jpg,bcf596ea65a0a616cad4d5817ec64240,2992,3592,JPEG
IMG_0221_00007.jpg,3333625,IMG_0221.jpg,e3d0b7228f8ab1796bfacc6822c5133d,2992,3592,JPEG
IMG_0221_00008.jpg,3294609,IMG_0221.jpg,5069502fb8f6fe3c386a1bebd3796b90,2992,3592,JPEG
IMG_0221_00009.jpg,3491993,IMG_0221.jpg,a13d08ae045728c0895be7e42d68104a,2992,3592,JPEG
IMG_0221_00010.jpg,3331736,IMG_0221.jpg,3e2f52f71b8c0f0b0418980114f871e3,2992,3592,JPEG
IMG_0221_00011.jpg,3335352,IMG_0221.jpg,557b763225fe8d1938f6df1eac371e18,2992,3592,JPEG
IMG_0221_00012.jpg,3643376,IMG_0221.jpg,0aa43c0da50bace79c0d0b9134ca628a,2992,3592,JPEG
IMG_0221_00013.jpg,3456474,IMG_0221.jpg,eb2c5509483c68108c23ccaa4846e01d,2992,3592,JPEG
IMG_0221_00014.jpg,3505199,IMG_0221.jpg,8985d2d4545b6c59d55713036e7fd28e,2992,3592,JPEG
IMG_0221_00015.jpg,3308037,IMG_0221.jpg,8411cba562a2eb2630b118de33cc66e6,2992,3592,JPEG
IMG_0221_00016.jpg,3298475,IMG_0221.jpg,714ac3554afabfd039ce30651ad2eeb0,2992,3592,JPEG
IMG_0221_00017.jpg,3398485,IMG_0221.jpg,ab86a83377e7fa2a2d177343aa858ed8,2992,3592,JPEG
IMG_0221_00018.jpg,3404558,IMG_0221.jpg,7bbce273ddd7d4244588004ab6326d59,2992,3592,JPEG
IMG_0221_00019.jpg,3419790,IMG_0221.jpg,3618b233395f730ab1a827c3d0820aab,2992,3592,JPEG
IMG_0221_00020.jpg,3390930,IMG_0221.jpg,8c14695ebddf6c727294ec59d328c61e,2992,3592,JPEG
IMG_0222_00001.jpg,6051897,IMG_0222.jpg,9a36c62a26605be8f293c4fe895e7eeb,3288,5112,JPEG
IMG_0222_00002.jpg,5777898,IMG_0222.jpg,53b53a39bea948fa1e57dd07aad8b2ab,3288,5112,JPEG
IMG_0222_00003.jpg,5777459,IMG_0222.jpg,725a6807a766c2e67575fbda1fcbf365,3288,5112,JPEG
IMG_0222_00004.jpg,5939736,IMG_0222.jpg,22f0c34a0f28ab65ff9c40482dd80614,3288,5112,JPEG
IMG_0222_00005.jpg,5810542,IMG_0222.jpg,82a29c0e25a89a7742346ca22c71113a,3288,5112,JPEG
IMG_0222_00006.jpg,5716176,IMG_0222.jpg,cf33e4088cc8daadfb203f79a09a9095,3288,5112,JPEG
IMG_0222_00007.jpg,5777341,IMG_0222.jpg,05df5fe2f56258df03381c3183bdd6e3,3288,5112,JPEG
IMG_0222_00008.jpg,5897306,IMG_0222.jpg,fc4075d334a5d39d29011bb3d0a563d6,3288,5112,JPEG
IMG_0222_00009.jpg,5808291,IMG_0222.jpg,58c4563f51425c4aa63e95ce61147e67,3288,5112,JPEG
IMG_0222_00010.jpg,5824523,IMG_0222.jpg,0857bcc92a84b4f9aa57d2b006633a74,3288,5112,JPEG
IMG_0222_00011.jpg,5741122,IMG_0222.jpg,7ae265f8b0abee21be72051717250441,3288,5112,JPEG
IMG_0222_00012.jpg,5859336,IMG_0222.jpg,c4cf7a612d83bb1e1753cf201624bee1,3288,5112,JPEG
IMG_0222_00013.jpg,6006371,IMG_0222.jpg,315a023fed515abadf762eb1420a37d9,3288,5112,JPEG
IMG_0222_00014.jpg,5836782,IMG_0222.jpg,24a49b0bc3385cd568eaf1d7b6102e20,3288,5112,JPEG
IMG_0222_00015.jpg,5681161,IMG_0222.jpg,165c860f22d9bb6e07b043808c3f3513,3288,5112,JPEG
IMG_0222_00016.jpg,5710266,IMG_0222.jpg,f9387e4a829bcf6e387f6765466478ed,3288,5112,JPEG
IMG_0222_00017.jpg,5822133,IMG_0222.jpg,379a61517cb66dae3b1efbbc97e91504,3288,5112,JPEG
IMG_0222_00018.jpg,5740029,IMG_0222.jpg,b81c8437c91c5153a33a62e5f446a957,3288,5112,JPEG
IMG_0222_00019.jpg,5700400,IMG_0222.jpg,355a17f7e65fc1722f18ebec8a8ef479,3288,5112,JPEG
IMG_0222_00020.jpg,5951493,IMG_0222.jpg,30a9664369893ca26f9cbfe7bd61ec30,3288,5112,JPEG
IMG_0223_00001.jpg,3944189,IMG_0223.jpg,43d79596f5c121ad64177206073c9c94,3344,5416,JPEG
IMG_0223_00002.jpg,4081246,IMG_0223.jpg,1f9661f3baba2561f47126d620f0d217,3344,5416,JPEG
IMG_0223_00003.jpg,3858082,IMG_0223.jpg,aa1a8008718f55e2867f8e1ab491bee5,3344,5416,JPEG
IMG_0223_00004.jpg,3833288,IMG_0223.jpg,d149f43efeacb18ee6377c07ab5129e8,3344,5416,JPEG
IMG_0223_00005.jpg,3729819,IMG_0223.jpg,06b825032bd48c228653e54c2b5fa148,3344,5416,JPEG
IMG_0223_00006.jpg,3816140,IMG_0223.jpg,ee8b2c9e4f8a834dfcf64d2c19b433cd,3344,5416,JPEG
IMG_0223_00007.jpg,3920907,IMG_0223.jpg,59ebc702784657349684abf4300ca907,3344,5416,JPEG
IMG_0223_00008.jpg,4054183,IMG_0223.jpg,904519d457574921b57bf7dcf3a5a014,3344,5416,JPEG
IMG_0223_00009.jpg,3948053,IMG_0223.jpg,c09d4bf46f11b9e9ce328c0329351f75,3344,5416,JPEG
IMG_0223_00010.jpg,4128754,IMG_0223.jpg,6bdb65643bdfd9743cb870c334e82851,3344,5416,JPEG
IMG_0223_00011.jpg,3774131,IMG_0223.jpg,a28c983385c28e4da2e3fd03f76a6d07,3344,5416,JPEG
IMG_0223_00012.jpg,3729692,IMG_0223.jpg,f43d101c3cec93e7141108f7e307454b,3344,5416,JPEG
IMG_0223_00013.jpg,3948210,IMG_0223.jpg,c755af7afbdb1b95b789e1a66d67b3e1,3344,5416,JPEG
IMG_0223_00014.jpg,3704912,IMG_0223.jpg,0d269d8e0e8f0a11623caf8438e95afc,3344,5416,JPEG
IMG_0223_00015.jpg,3834151,IMG_0223.jpg,d656995f39ff295307af72ff708632eb,3344,5416,JPEG
IMG_0223_00016.jpg,3782009,IMG_0223.jpg,609c583465e9fa26d98d31602471eb55,3344,5416,JPEG
IMG_0223_00017.jpg,3824965,IMG_0223.jpg,9c72c01b6fbbe44617da88b85e05cf71,3344,5416,JPEG
IMG_0223_00018.jpg,3830293,IMG_0223.jpg,2e8d4a81abfa2d92a31cfa0cef2061ef,3344,5416,JPEG
IMG_0223_00019.jpg,3896382,IMG_0223.jpg,a59bb024e3593a4b1b7af0473f1dcce8,3344,5416,JPEG
IMG_0224_00001.jpg,4726119,IMG_0224.jpg,d702889d1a38cf30f9f7027ae2c543ea,3204,5457,JPEG
IMG_0224_00002.jpg,4567241,IMG_0224.jpg,f41567275de8a92ac318c5f2f1b2b41f,3204,5457,JPEG
IMG_0224_00003.jpg,4753355,IMG_0224.jpg,57373a902c139239e1febe753e6adfbe,3204,5457,JPEG
IMG_0224_00004.jpg,4635862,IMG_0224.jpg,5f8749ff19990cdb6f2fa93a195c31bc,3204,5457,JPEG
IMG_0224_00005.jpg,4686386,IMG_0224.jpg,47248a126da8184bd57daea06768b8c0,3204,5457,JPEG
IMG_0224_00006.jpg,4669161,IMG_0224.jpg,4f20831d4854550a5d30d52a1be3e362,3204,5457,JPEG
IMG_0224_00007.jpg,4543501,IMG_0224.jpg,64ab6ed8c2851188f390ea97c8c60421,3204,5457,JPEG
IMG_0224_00008.jpg,4601610,IMG_0224.jpg,6ca497366f3f6b83f6f5bba71cb9ed38,3204,5457,JPEG
IMG_0224_00009.jpg,4696979,IMG_0224.jpg,e32d33991c940322f80d5bcabfe4954b,3204,5457,JPEG
IMG_0224_00010.jpg,4953481,IMG_0224.jpg,44c3d4d9eeac6c9663bd5aa31a576d08,3204,5457,JPEG
IMG_0225_00001.jpg,3201042,IMG_0225.jpg,d9ecedcdf8d4e4c123065f66f64d5bab,4792,2712,JPEG
IMG_0225_00002.jpg,2819922,IMG_0225.jpg,9ff93588cd6846a281510620dc0ac9a8,4792,2712,JPEG
IMG_0225_00003.jpg,3044857,IMG_0225.jpg,75707580477b356407f0179814f11259,4792,2712,JPEG
IMG_0225_00004.jpg,2999748,IMG_0225.jpg,fd7779febd5ed82f75816d1914ef5fa0,4792,2712,JPEG
IMG_0225_00005.jpg,3213889,IMG_0225.jpg,b6d6d4e1d88ddb3d89e5a8781b6d3b1b,4792,2712,JPEG
IMG_0225_00006.jpg,2814249,IMG_0225.jpg,0ec5c39d06ebcf27d5b4e00ce0705a30,4792,2712,JPEG
IMG_0225_00007.jpg,3057754,IMG_0225.jpg,ad8c5df62b71c5bacd93ec81fe2c7e8a,4792,2712,JPEG
IMG_0225_00008.jpg,3353824,IMG_0225.jpg,c01c6782dfe4cdffb6c4e73a15cd3700,4792,2712,JPEG
IMG_0225_00009.jpg,3147317,IMG_0225.jpg,e20b508ab2b881e941657183442ff0cb,4792,2712,JPEG
IMG_0225_00010.jpg,2821847,IMG_0225.jpg,1fb6a3fecdda27287cd6e1c7e735e350,4792,2712,JPEG
IMG_0226_00001.jpg,2078054,IMG_0226.jpg,9169ae2fac5df0bfc2bc0ecdd9b609a2,2627,2387,JPEG
IMG_0226_00002.jpg,1961697,IMG_0226.jpg,48eceb6cddfcb627a23a06cfcc683e89,2627,2387,JPEG
IMG_0226_00003.jpg,2023721,IMG_0226.jpg,1ed90c9778e114c4e9c94d08f0023189,2627,2387,JPEG
IMG_0226_00004.jpg,1819572,IMG_0226.jpg,0721a507def2f6f4eab5a29e2026b9ab,2627,2387,JPEG
IMG_0226_00005.jpg,1998136,IMG_0226.jpg,f7bf5d3a5308179743189e4bb47d4d58,2627,2387,JPEG
IMG_0226_00006.jpg,2044166,IMG_0226.jpg,7f453cb66799e4c8aa11768c01e6ab4f,2627,2387,JPEG
IMG_0226_00007.jpg,1819229,IMG_0226.jpg,3f7cd337260727b54603bdfc1794994c,2627,2387,JPEG
IMG_0226_00008.jpg,1969976,IMG_0226.jpg,38f3c912b866f1ceab4e6dd6be32463e,2627,2387,JPEG
IMG_0226_00009.jpg,1922112,IMG_0226.jpg,0b81d20badd36479d414e7c59ef7ea9e,2627,2387,JPEG
IMG_0226_00010.jpg,2029563,IMG_0226.jpg,73a30bf94012e25e686c36f39968a009,2627,2387,JPEG
IMG_0227_00001.jpg,541995,IMG_0227.jpg,8fce7de8ea176f2913c706468fd7b0f1,1829,858,JPEG
IMG_0227_00002.jpg,481701,IMG_0227.jpg,31cd5ea236c470e2208a5e5c031ab310,1829,858,JPEG
IMG_0227_00003.jpg,691060,IMG_0227.jpg,0836d324d6cd524a7e7e06f30c3923eb,1829,858,JPEG
IMG_0227_00004.jpg,501067,IMG_0227.jpg,ccbcb1f99b74b04216a2a1dfa66764c7,1829,858,JPEG
IMG_0227_00005.jpg,528057,IMG_0227.jpg,8d48a978ab29022d59c69141ab7075ed,1829,858,JPEG
IMG_0227_00006.jpg,478426,IMG_0227.jpg,d4239e109e53b91a9847cab9e0503331,1829,858,JPEG
IMG_0227_00007.jpg,570398,IMG_0227.jpg,700a97a0123608d211445bc5f2f83f6e,1829,858,JPEG
IMG_0227_00008.jpg,525027,IMG_0227.jpg,8b571a5ae2e2fbabd393db1d956323a0,1829,858,JPEG
IMG_0227_00009.jpg,568754,IMG_0227.jpg,1c3f4e0956e36ef5c2e1c0713bcb0709,1829,858,JPEG
IMG_0227_00010.jpg,552121,IMG_0227.jpg,a985ea407cbea73d6630b3dc5d65f507,1829,858,JPEG
IMG_0228_00001.jpg,2257824,IMG_0228.jpg,39a65244214d63436442669c8597f27a,2388,3225,JPEG
IMG_0228_00002.jpg,2523285,IMG_0228.jpg,4031311dcf284e632af1006bbe7adbf4,2388,3225,JPEG
IMG_0228_00003.jpg,2228557,IMG_0228.jpg,8bd864e924b782218e2cc77a4c9e3398,2388,3225,JPEG
IMG_0228_00004.jpg,2375067,IMG_0228.jpg,7e61a82f7bd44e94ec1baee0b27a1e3e,2388,3225,JPEG
IMG_0228_00005.jpg,2468260,IMG_0228.jpg,d18bfb6b8276e1c835926f3ce8dc626c,2388,3225,JPEG
IMG_0228_00006.jpg,2265650,IMG_0228.jpg,2f758ee05606d380c1cc7099fd872c28,2388,3225,JPEG
IMG_0228_00007.jpg,2165160,IMG_0228.jpg,7b4b1f05f87021a7d4c3bc30b53fcafd,2388,3225,JPEG
IMG_0228_00008.jpg,2488838,IMG_0228.jpg,9fe23bc95a753a72cdad0e5439c8a883,2388,3225,JPEG
IMG_0228_00009.jpg,2489643,IMG_0228.jpg,2e9dbdb03ffa8725704fedcd68606e60,2388,3225,JPEG
IMG_0228_00010.jpg,2317181,IMG_0228.jpg,82b0514feaaf1ba52c9fc1294d30aae2,2388,3225,JPEG
IMG_0229_00001.jpg,2875430,IMG_0229.jpg,72d2c18e273138db7224dd0012d78f3e,3326,2452,JPEG
IMG_0229_00002.jpg,2891517,IMG_0229.jpg,309b5f2bec9e48512651bf9779fdf5cd,3326,2452,JPEG
IMG_0229_00003.jpg,2513720,IMG_0229.jpg,d13a0742c6a1e352baf195ebf32e16ea,3326,2452,JPEG
IMG_0229_00004.jpg,2835599,IMG_0229.jpg,2d072240b82f4ccd41829434f7ea8881,3326,2452,JPEG
IMG_0229_00005.jpg,2767477,IMG_0229.jpg,eefa926b38f42c538568051fe9f4c118,3326,2452,JPEG
IMG_0229_00006.jpg,2531588,IMG_0229.jpg,19b659066f9a03fd60a9cd1ddeac9553,3326,2452,JPEG
IMG_0229_00007.jpg,2661800,IMG_0229.jpg,0774d2acb8e38c16b60be612269a42f2,3326,2452,JPEG
IMG_0229_00008.jpg,2700091,IMG_0229.jpg,dcb82b1335e521183e8e982b62f2c19e,3326,2452,JPEG
IMG_0229_00009.jpg,2891851,IMG_0229.jpg,4c7fdd8dfaeda5d0f4d845f220d801c2,3326,2452,JPEG
IMG_0229_00010.jpg,2614562,IMG_0229.jpg,5ad0b1a526fdcc56e22f553f614c1dfe,3326,2452,JPEG
IMG_0230_00001.jpg,5757255,IMG_0230.jpg,d3871096a2c8a7d8277b2417fffc71ee,3530,5233,JPEG
IMG_0230_00002.jpg,5701405,IMG_0230.jpg,3dd2a311bc267e64bbaff295d51c5fda,3530,5233,JPEG
IMG_0230_00003.jpg,5352313,IMG_0230.jpg,16946ee267eed006825ee7ee4734dfc6,3530,5233,JPEG
IMG_0230_00004.jpg,5736681,IMG_0230.jpg,d24b66da26d387272144b69d57f6d9d2,3530,5233,JPEG
IMG_0230_00005.jpg,5332204,IMG_0230.jpg,f0be60c50e9c73ef966bd6ebcaccb558,3530,5233,JPEG
IMG_0230_00006.jpg,5397297,IMG_0230.jpg,861fcb3d6a9d74c3fcb62403e8730c0d,3530,5233,JPEG
IMG_0230_00007.jpg,5406168,IMG_0230.jpg,8cb3610a8f10335903c4a91377f1c807,3530,5233,JPEG
IMG_0230_00008.jpg,5460649,IMG_0230.jpg,9cc52b2e4d958d1e64b196bac47a78fa,3530,5233,JPEG
IMG_0230_00009.jpg,5533947,IMG_0230.jpg,91342ecd98c20a8ef34dd0f112083710,3530,5233,JPEG
IMG_0230_00010.jpg,5638632,IMG_0230.jpg,ae4ca9c9bf20085b8e9ba2fa9f66aa71,3530,5233,JPEG
IMG_0231_00001.jpg,2416757,IMG_0231.jpg,ac4e4374fe4c2be88ee96973dab61a4d,3026,2666,JPEG
IMG_0231_00002.jpg,2865195,IMG_0231.jpg,c3f31af4fe89369eef6cc694639077d7,3026,2666,JPEG
IMG_0231_00003.jpg,2690364,IMG_0231.jpg,4a845ce04bef3dff296959ce83d8b6fb,3026,2666,JPEG
IMG_0231_00004.jpg,2628373,IMG_0231.jpg,ec46a09aa99ada0006cb3f70d02710c2,3026,2666,JPEG
IMG_0231_00005.jpg,2476897,IMG_0231.jpg,81c8f0732828a3fe068634af5f3f4b5d,3026,2666,JPEG
IMG_0231_00006.jpg,2448888,IMG_0231.jpg,43d03fb49a37d6614ee1bad992383ef6,3026,2666,JPEG
IMG_0231_00007.jpg,2738449,IMG_0231.jpg,04bfebb13c58e2bbb6bdde441250f1dc,3026,2666,JPEG
IMG_0231_00008.jpg,2629905,IMG_0231.jpg,329ac050299d4ec46b4b66d1685bd14e,3026,2666,JPEG
IMG_0231_00009.jpg,2374897,IMG_0231.jpg,52ce32c68d6b996663b0f0ffd0d440ec,3026,2666,JPEG
IMG_0231_00010.jpg,2530909,IMG_0231.jpg,d861329d3a6ff71e1c6c4e7cd2ddbab6,3026,2666,JPEG
IMG_0232_00001.jpg,2217137,IMG_0232.jpg,d66fb2425f682fe877da377bea11e722,2596,3083,JPEG
IMG_0232_00002.jpg,2323489,IMG_0232.jpg,7b842ad884638ff69def2cdc37973c8f,2596,3083,JPEG
IMG_0232_00003.jpg,2326380,IMG_0232.jpg,8d4abb5681985efcaed9963270fea124,2596,3083,JPEG
IMG_0232_00004.jpg,2244609,IMG_0232.jpg,0de001953197aa229a6047f430637585,2596,3083,JPEG
IMG_0232_00005.jpg,2279132,IMG_0232.jpg,30b0a6a80e9e55efe4a60b343a4e94dc,2596,3083,JPEG
IMG_0232_00006.jpg,2296924,IMG_0232.jpg,d4090937555b53ecb0addf873a08ce78,2596,3083,JPEG
IMG_0232_00007.jpg,2091992,IMG_0232.jpg,d7361236d7b08a543a59e5aeabad4c90,2596,3083,JPEG
IMG_0232_00008.jpg,2172654,IMG_0232.jpg,be9fc99be8544390f0ab2c2a1c78c479,2596,3083,JPEG
IMG_0232_00009.jpg,2219313,IMG_0232.jpg,37a91b4c238aee4e8c09168fc4e4b1a4,2596,3083,JPEG
IMG_0232_00010.jpg,2286933,IMG_0232.jpg,21dd9de437f17725c236fbe282ac6b9c,2596,3083,JPEG
IMG_0233_00001.jpg,1651457,IMG_0233.jpg,92d854ad1b520d17b5fc7cf8e02931fb,1769,3020,JPEG
IMG_0233_00002.jpg,1691542,IMG_0233.jpg,c3d100be2805e7acc3b5cb1cece09295,1769,3020,JPEG
IMG_0233_00003.jpg,1744082,IMG_0233.jpg,894dd9ac94ae45d277afb7616a86dc53,1769,3020,JPEG
IMG_0233_00004.jpg,1650632,IMG_0233.jpg,c9c02c9498e8c96641a395e2182db245,1769,3020,JPEG
IMG_0233_00005.jpg,1794521,IMG_0233.jpg,00a6bf57f429fa5ed178d566cf3f3140,1769,3020,JPEG
IMG_0233_00006.jpg,1662300,IMG_0233.jpg,f1c3f35b171b0ca1357fc13af454d147,1769,3020,JPEG
IMG_0233_00007.jpg,1756335,IMG_0233.jpg,856b6bd63f6f052ab21568eaa802dcdd,1769,3020,JPEG
IMG_0233_00008.jpg,1736283,IMG_0233.jpg,85d75892650f60e578829e8f5ec0c90e,1769,3020,JPEG
IMG_0233_00009.jpg,1648217,IMG_0233.jpg,d450fb598dc95bf783af5ddc0108facb,1769,3020,JPEG
IMG_0233_00010.jpg,1684808,IMG_0233.jpg,d23f132206179a085823ecd81b166514,1769,3020,JPEG
IMG_0234_00001.jpg,2085548,IMG_0234.jpg,03c030619f35902634e534e82ce31506,2306,2963,JPEG
IMG_0234_00002.jpg,1971425,IMG_0234.jpg,10a862ad0605bbb04332fe73ab786366,2306,2963,JPEG
IMG_0234_00003.jpg,2070832,IMG_0234.jpg,fa00450f9f96574b28fa5235d69d705c,2306,2963,JPEG
IMG_0234_00004.jpg,2287874,IMG_0234.jpg,997f07aadbc2e23d60c04c1a41a9622d,2306,2963,JPEG
IMG_0234_00005.jpg,2045021,IMG_0234.jpg,39481b30a479fa92891ab56ee8135bb6,2306,2963,JPEG
IMG_0234_00006.jpg,2184872,IMG_0234.jpg,a679a360866842da72953c86e784092b,2306,2963,JPEG
IMG_0234_00007.jpg,2060052,IMG_0234.jpg,5a4a2b3a1333c06c91b20658e3fcf306,2306,2963,JPEG
IMG_0234_00008.jpg,2099253,IMG_0234.jpg,3c4415e6be00611313897f1315dc6ceb,2306,2963,JPEG
IMG_0234_00009.jpg,2216431,IMG_0234.jpg,4e5a7b287e25b70851fbbc106cfdd7eb,2306,2963,JPEG
IMG_0234_00010.jpg,2114513,IMG_0234.jpg,927737de01218d48b487a3306774117c,2306,2963,JPEG
IMG_0235_00001.jpg,1684920,IMG_0235.jpg,3298f91b9c219bd827b2cef73029312f,2009,2763,JPEG
IMG_0235_00002.jpg,1792487,IMG_0235.jpg,f3fb0e756e4653190cee9c594c2abb08,2009,2763,JPEG
IMG_0235_00003.jpg,1727892,IMG_0235.jpg,8049088319ac10fb956de5f40aee1579,2009,2763,JPEG
IMG_0235_00004.jpg,1816515,IMG_0235.jpg,6688fe5669f908dc5eb2ce62823aea20,2009,2763,JPEG
IMG_0235_00005.jpg,1903345,IMG_0235.jpg,cc3e41915f711fffa661dffcd686a2d7,2009,2763,JPEG
IMG_0235_00006.jpg,1755940,IMG_0235.jpg,ad0a1d6f66a2aed364b2ac8d28ef5f10,2009,2763,JPEG
IMG_0235_00007.jpg,1946630,IMG_0235.jpg,825b6e915aa44fbb5b77f547b7406726,2009,2763,JPEG
IMG_0235_00008.jpg,1812537,IMG_0235.jpg,cc20a9a85922d9e6f6f99dd2abda8b28,2009,2763,JPEG
IMG_0235_00009.jpg,1712267,IMG_0235.jpg,9272806ca20e8ab2836c450d1ad121a3,2009,2763,JPEG
IMG_0235_00010.jpg,1702858,IMG_0235.jpg,19b274963f57607df9ffa7a8c8a5cf22,2009,2763,JPEG
IMG_0236_00001.jpg,3672351,IMG_0236.jpg,eca7bb2bb96ce5c414306d56f4d4f076,4752,2976,JPEG
IMG_0236_00002.jpg,3385791,IMG_0236.jpg,ae89c7f3c331ad04925456ca3db198e1,4752,2976,JPEG
IMG_0236_00003.jpg,3789707,IMG_0236.jpg,8492e48df62a8a457a56e8e630c7738f,4752,2976,JPEG
IMG_0236_00004.jpg,3285123,IMG_0236.jpg,88cb6846584413ec7ccf4897fd666ed8,4752,2976,JPEG
IMG_0236_00005.jpg,3424455,IMG_0236.jpg,a87522142075afd15a681e85c24d76f5,4752,2976,JPEG
IMG_0236_00006.jpg,3285866,IMG_0236.jpg,8e165c7151ecff66f8f8c70f1d4f390e,4752,2976,JPEG
IMG_0236_00007.jpg,3521844,IMG_0236.jpg,39ad5820a4b3011bad2e305b893d779f,4752,2976,JPEG
IMG_0236_00008.jpg,3673564,IMG_0236.jpg,ef0cf31886c09e9e37f76751b50ab989,4752,2976,JPEG
IMG_0236_00009.jpg,4101429,IMG_0236.jpg,439cea1413b54262f383fc77971edc42,4752,2976,JPEG
IMG_0236_00010.jpg,3467831,IMG_0236.jpg,189e088e3750e70852f0363676d02af0,4752,2976,JPEG
IMG_0237_00001.jpg,1850647,IMG_0237.jpg,0f3399c88123d7d9aa022ecf25998c70,2116,2725,JPEG
IMG_0237_00002.jpg,1715180,IMG_0237.jpg,7ca0ac4eefcef03be0c1c2b676ef4da2,2116,2725,JPEG
IMG_0237_00003.jpg,1626681,IMG_0237.jpg,ee01755fa450a220534d4b5ac7b11966,2116,2725,JPEG
IMG_0237_00004.jpg,1716091,IMG_0237.jpg,07416064416a1ed300a4e7a7b30fa162,2116,2725,JPEG
IMG_0237_00005.jpg,1741528,IMG_0237.jpg,8ac175ec411779b5c1ad3d631e735688,2116,2725,JPEG
IMG_0237_00006.jpg,1602299,IMG_0237.jpg,89039b55c816a02fcf59d9021285936b,2116,2725,JPEG
IMG_0237_00007.jpg,1602948,IMG_0237.jpg,d472212c6f0baaa9852e36eb3bf1f04d,2116,2725,JPEG
IMG_0237_00008.jpg,1586877,IMG_0237.jpg,d0e90861e91cd897d0691a6ee0f96cc1,2116,2725,JPEG
IMG_0237_00009.jpg,1766917,IMG_0237.jpg,5f27ad7c243aaaa049e53e97565fe9e7,2116,2725,JPEG
IMG_0237_00010.jpg,1560437,IMG_0237.jpg,ccbdc04210156496dedfbbf092299065,2116,2725,JPEG
IMG_0238_00001.jpg,2475694,IMG_0238.jpg,f704d38d8e8d16cdcace3f6ac5d2523e,2228,3845,JPEG
IMG_0238_00002.jpg,2306598,IMG_0238.jpg,4b2941a560bd056a349eb3ab9e8ce0b1,2228,3845,JPEG
IMG_0238_00003.jpg,2378654,IMG_0238.jpg,60446433dd190d2e48fa0c82cdc3fc75,2228,3845,JPEG
IMG_0238_00004.jpg,2369723,IMG_0238.jpg,6fa4a424066ee82ba126dbc6d0ab2161,2228,3845,JPEG
IMG_0238_00005.jpg,2393810,IMG_0238.jpg,a34955fb8da3b1bd83d1df3641b06bee,2228,3845,JPEG
IMG_0238_00006.jpg,2537434,IMG_0238.jpg,16b4ce98da3801915f1af30cdf863626,2228,3845,JPEG
IMG_0238_00007.jpg,2262533,IMG_0238.jpg,e98a4ffbca71d132929cc90225ff612f,2228,3845,JPEG
IMG_0238_00008.jpg,2332719,IMG_0238.jpg,5b53d70e35bf4a2e080f08fc45f6d7e3,2228,3845,JPEG
IMG_0238_00009.jpg,2414734,IMG_0238.jpg,ac954699f3ad36d0319707020084935a,2228,3845,JPEG
IMG_0238_00010.jpg,2334591,IMG_0238.jpg,9ff81cce58fa09825da678dfcceb7943,2228,3845,JPEG
IMG_0239_00001.jpg,3026597,IMG_0239.jpg,5736d11fc980c097589e59b5f22b4c60,4176,2992,JPEG
IMG_0239_00002.jpg,2915878,IMG_0239.jpg,790cea4fe75aaae7172018457ae67b41,4176,2992,JPEG
IMG_0239_00003.jpg,2899726,IMG_0239.jpg,4bf8f71e85d9d50e61ec01ec0beec349,4176,2992,JPEG
IMG_0239_00004.jpg,3029153,IMG_0239.jpg,ce029bd276cea261a3577d737f4b231a,4176,2992,JPEG
IMG_0239_00005.jpg,2912417,IMG_0239.jpg,3a36d538a95d0f51c463b61e6f10411c,4176,2992,JPEG
IMG_0239_00006.jpg,2977485,IMG_0239.jpg,6ec95760f1be904942cf8d459cec0926,4176,2992,JPEG
IMG_0239_00007.jpg,3056473,IMG_0239.jpg,c020ecbd1a1ea1da29f36ee56f8a87c7,4176,2992,JPEG
IMG_0239_00008.jpg,2659629,IMG_0239.jpg,f36158341916f2d7926887f467e09339,4176,2992,JPEG
IMG_0239_00009.jpg,3085927,IMG_0239.jpg,f01faf369cd66d8686b0bd1f2803ac8b,4176,2992,JPEG
IMG_0239_00010.jpg,3366798,IMG_0239.jpg,2696397cc683a1c2c9aeb589fd8a0ac8,4176,2992,JPEG
IMG_0240_00001.jpg,1744632,IMG_0240.jpg,ff85289f7072a9728b3409a843e8f8c3,2057,2500,JPEG
IMG_0240_00002.jpg,1662911,IMG_0240.jpg,a888a302b9020739c179b5b71d4304ec,2057,2500,JPEG
IMG_0240_00003.jpg,1722690,IMG_0240.jpg,800c0eb6a3993f06822bdc1354966260,2057,2500,JPEG
IMG_0240_00004.jpg,1688744,IMG_0240.jpg,0473dee1257bfb879489add3373f203d,2057,2500,JPEG
IMG_0240_00005.jpg,1790506,IMG_0240.jpg,e59fad5aa90e0ab164a1108068dd162c,2057,2500,JPEG
IMG_0240_00006.jpg,1736138,IMG_0240.jpg,a7caa0fbf9bf07215a450784c6915bf8,2057,2500,JPEG
IMG_0240_00007.jpg,1773521,IMG_0240.jpg,37d2abfd9c2507e31e9cb31a35add359,2057,2500,JPEG
IMG_0240_00008.jpg,1762667,IMG_0240.jpg,002c50214df94cdfaf76d5e270070673,2057,2500,JPEG
IMG_0240_00009.jpg,1922559,IMG_0240.jpg,0246835eb5b91c5741eb8eb4e66218dd,2057,2500,JPEG
IMG_0240_00010.jpg,1701119,IMG_0240.jpg,c2d18955b3f3b4486baf264c04b4e32c,2057,2500,JPEG
IMG_0241_00001.jpg,2118107,IMG_0241.jpg,345be363c41d1a8f744425ff782bbebd,2200,2643,JPEG
IMG_0241_00002.jpg,2191563,IMG_0241.jpg,5bece444c00d1de16712cf4af5fc96db,2200,2643,JPEG
IMG_0241_00003.jpg,2150636,IMG_0241.jpg,0473097423875b07291303b5561c0d2f,2200,2643,JPEG
IMG_0241_00004.jpg,2202953,IMG_0241.jpg,e8bca41db775febcdd61e54e0a02ec89,2200,2643,JPEG
IMG_0241_00005.jpg,2092863,IMG_0241.jpg,1cfed039485ab954ccf9abb24f47b043,2200,2643,JPEG
IMG_0241_00006.jpg,2223214,IMG_0241.jpg,2ee32f01a7d8410e96ecd627e9061779,2200,2643,JPEG
IMG_0241_00007.jpg,2178728,IMG_0241.jpg,c3c96408ce5aa69bbeae9e282bc1eb27,2200,2643,JPEG
IMG_0241_00008.jpg,2133227,IMG_0241.jpg,a55df1af3f517e00ba94c648adb3dc52,2200,2643,JPEG
IMG_0241_00009.jpg,2099521,IMG_0241.jpg,ef9a9245105b0d6c9d61021fecd03687,2200,2643,JPEG
IMG_0241_00010.jpg,2246614,IMG_0241.jpg,cde4814d8af59318b23fd673e72ddacf,2200,2643,JPEG
IMG_0242_00001.jpg,1425932,IMG_0242.jpg,864a0f68eb2ccdc9f04c49aa0d1fa456,1882,2626,JPEG
IMG_0242_00002.jpg,1321338,IMG_0242.jpg,15356cef60d8bace81394e3c186f961a,1882,2626,JPEG
IMG_0242_00003.jpg,1514771,IMG_0242.jpg,816980e23dd79cb961ca4fd98dbd7561,1882,2626,JPEG
IMG_0242_00004.jpg,1399600,IMG_0242.jpg,be294365fd5c5da908821efbe665f781,1882,2626,JPEG
IMG_0242_00005.jpg,1527973,IMG_0242.jpg,6f36612059a758116f987ae3460a720d,1882,2626,JPEG
IMG_0242_00006.jpg,1533296,IMG_0242.jpg,2cd7eae481cd35dedb270453dc6e5146,1882,2626,JPEG
IMG_0242_00007.jpg,1628634,IMG_0242.jpg,15f29c4b841f79df4a1486ffff062f00,1882,2626,JPEG
IMG_0242_00008.jpg,1352877,IMG_0242.jpg,d5664bdea529df46a5f730153122297a,1882,2626,JPEG
IMG_0242_00009.jpg,1491952,IMG_0242.jpg,b14c9fa0cdd4c8258189ad13802d13f6,1882,2626,JPEG
IMG_0242_00010.jpg,1367259,IMG_0242.jpg,c1d5f73e22f4bddf089e8825948d41f7,1882,2626,JPEG
IMG_0243_00001.jpg,3353937,IMG_0243.jpg,f29dd432879a92e886070560d3dd67ef,2936,3136,JPEG
IMG_0243_00002.jpg,3336677,IMG_0243.jpg,d8790aa887aac5dad0bf8cf636ef7b4b,2936,3136,JPEG
IMG_0243_00003.jpg,3419916,IMG_0243.jpg,8e8a01afd5d3743db75e8c86f1d4d3f0,2936,3136,JPEG
IMG_0243_00004.jpg,3362351,IMG_0243.jpg,f23f246f4f46fa2026ab5e48c041d055,2936,3136,JPEG
IMG_0243_00005.jpg,3337397,IMG_0243.jpg,013161c2a5476ca4b55790d6e1f74389,2936,3136,JPEG
IMG_0243_00006.jpg,3405516,IMG_0243.jpg,fa30978e8771bb7524128934bc519242,2936,3136,JPEG
IMG_0243_00007.jpg,3302391,IMG_0243.jpg,c7de8e34cf5fbd92bc9c5f8761622988,2936,3136,JPEG
IMG_0243_00008.jpg,3518543,IMG_0243.jpg,2d8a2db477be325489b0c38dbe4d1019,2936,3136,JPEG
IMG_0243_00009.jpg,3275698,IMG_0243.jpg,1715ca93d5f720295beb8ae58366dd99,2936,3136,JPEG
IMG_0243_00010.jpg,3377655,IMG_0243.jpg,4eb12a1f198165287b55cc70960c63b2,2936,3136,JPEG
IMG_0246_00001.jpg,4906568,IMG_0246.jpg,2a79f7b90dc953b561cf449fd8edae3e,3664,4469,JPEG
IMG_0246_00002.jpg,4769379,IMG_0246.jpg,c8eae615c35580814de038a2f3348656,3664,4469,JPEG
IMG_0246_00003.jpg,5191792,IMG_0246.jpg,d2a75c08157f71073a3803ba84143f74,3664,4469,JPEG
IMG_0246_00004.jpg,5014884,IMG_0246.jpg,2d2bf18cf64ee902eee6a9d5fa5feae3,3664,4469,JPEG
IMG_0246_00005.jpg,5146416,IMG_0246.jpg,930f95d09c6b4836549569207b516253,3664,4469,JPEG
IMG_0246_00006.jpg,5221619,IMG_0246.jpg,205399cb83ef4e79da0e0a52683001ad,3664,4469,JPEG
IMG_0246_00007.jpg,5076604,IMG_0246.jpg,9dde9b4f97e901ecb0390c9b9735197a,3664,4469,JPEG
IMG_0246_00008.jpg,4822374,IMG_0246.jpg,8ac74d718e661fda26c5a828a6395c7e,3664,4469,JPEG
IMG_0246_00009.jpg,4943917,IMG_0246.jpg,15dfbd533ea98af9fad00235bfcb0cc3,3664,4469,JPEG
IMG_0246_00010.jpg,4959352,IMG_0246.jpg,c95d17c9ea7c8c870f0c839217625fe4,3664,4469,JPEG
IMG_0248_00001.jpg,3318919,IMG_0248.jpg,26575df0806ea252447b8cc53d5c4f96,3709,2880,JPEG
IMG_0248_00002.jpg,3326416,IMG_0248.jpg,fc19a3b35b4bf6060edb93182e171c8c,3709,2880,JPEG
IMG_0248_00003.jpg,3598487,IMG_0248.jpg,15c85aa8a1dd335060530d1474a7f31a,3709,2880,JPEG
IMG_0248_00004.jpg,3354429,IMG_0248.jpg,d8ca53de8159d686429c164965ba319e,3709,2880,JPEG
IMG_0248_00005.jpg,3542603,IMG_0248.jpg,9c4e6f227c1e8e47230d33d4b06dcb45,3709,2880,JPEG
IMG_0248_00006.jpg,3360534,IMG_0248.jpg,ec01e25f3299c17258f13ac44eb41c37,3709,2880,JPEG
IMG_0248_00007.jpg,3490815,IMG_0248.jpg,a0cf4d71793ae6c121ac302e3d9bf5c7,3709,2880,JPEG
IMG_0248_00008.jpg,3675041,IMG_0248.jpg,def08c87791b7103f021bc2aff017072,3709,2880,JPEG
IMG_0248_00009.jpg,3288641,IMG_0248.jpg,b16a309b0d1d1cbf629cbe827dfcf572,3709,2880,JPEG
IMG_0248_00010.jpg,3386177,IMG_0248.jpg,5db47058994b2711d245d977ce9186c6,3709,2880,JPEG
IMG_0249_00001.jpg,3824169,IMG_0249.jpg,fb10e138eb136f092ba26e0f14418984,4968,2984,JPEG
IMG_0249_00002.jpg,3898352,IMG_0249.jpg,2cc5071f867d0efc0760108a4af1ccd8,4968,2984,JPEG
IMG_0249_00003.jpg,3754099,IMG_0249.jpg,d2b5ee4650efbbe3f5d5f821e67d2657,4968,2984,JPEG
IMG_0249_00004.jpg,3720907,IMG_0249.jpg,5576499a148d475b041b986ee307bb95,4968,2984,JPEG
IMG_0249_00005.jpg,3717583,IMG_0249.jpg,b70669870dd17211f2358c450c5b094b,4968,2984,JPEG
IMG_0249_00006.jpg,3757558,IMG_0249.jpg,2654905999c5a480ae546dbfbe695659,4968,2984,JPEG
IMG_0249_00007.jpg,3972802,IMG_0249.jpg,9de703138f889a5d4a740995a21c380f,4968,2984,JPEG
IMG_0249_00008.jpg,3585992,IMG_0249.jpg,ce677d7cba991e3eed2657c9bb538516,4968,2984,JPEG
IMG_0249_00009.jpg,4138966,IMG_0249.jpg,729e1988c1cf691a04b45e78fb8751c7,4968,2984,JPEG
IMG_0249_00010.jpg,4191940,IMG_0249.jpg,204ab993b5176ad093f5e8f50e88b53b,4968,2984,JPEG
IMG_0250_00001.jpg,1432127,IMG_0250.jpg,0925527e9b5aec3e70e8662b2137ff9e,2216,2110,JPEG
IMG_0250_00002.jpg,1618336,IMG_0250.jpg,52ac8263f0d70d8271dbe7bfc18f5716,2216,2110,JPEG
IMG_0250_00003.jpg,1564018,IMG_0250.jpg,fdb47974bd13ac35d006c38006eb10c5,2216,2110,JPEG
IMG_0250_00004.jpg,1537352,IMG_0250.jpg,5a30f9769553833fa680bfd64435a363,2216,2110,JPEG
IMG_0250_00005.jpg,1583772,IMG_0250.jpg,b0e703c03fa75b4bdbe0e35fbc555f1e,2216,2110,JPEG
IMG_0250_00006.jpg,1554699,IMG_0250.jpg,2d7cdb3386b1e2c4092e4d3048f2b09f,2216,2110,JPEG
IMG_0250_00007.jpg,1550468,IMG_0250.jpg,82de11c96c3d5289b2b835b28d8e26c3,2216,2110,JPEG
IMG_0250_00008.jpg,1582650,IMG_0250.jpg,6b6c5fcee39bdfa000601921ae76e955,2216,2110,JPEG
IMG_0250_00009.jpg,1530465,IMG_0250.jpg,b8494ea3c2678761d85bef2e2d1dc17f,2216,2110,JPEG
IMG_0250_00010.jpg,1515769,IMG_0250.jpg,a133a814108e53653058064e5a631f02,2216,2110,JPEG
IMG_0251_00001.jpg,4263324,IMG_0251.jpg,ca2a73a3b44d68f3542a52ba649d44e9,4280,3000,JPEG
IMG_0251_00002.jpg,4022174,IMG_0251.jpg,a764973d9a37166075a7bf66c73f1039,4280,3000,JPEG
IMG_0251_00003.jpg,4265586,IMG_0251.jpg,a134ae5267d15a96e50e19d03a5a0da2,4280,3000,JPEG
IMG_0251_00004.jpg,4215148,IMG_0251.jpg,69b443b7307a7e62f7e5c774275d6b0a,4280,3000,JPEG
IMG_0251_00005.jpg,4097553,IMG_0251.jpg,3d92c8416b83e297cb5c24a035d309c5,4280,3000,JPEG
IMG_0251_00006.jpg,4124809,IMG_0251.jpg,1de644a30d0663975ab282da7e4633ac,4280,3000,JPEG
IMG_0251_00007.jpg,4120893,IMG_0251.jpg,69483df8594a70fbd916dbe070ad8a1b,4280,3000,JPEG
IMG_0251_00008.jpg,4153219,IMG_0251.jpg,ba26d30cd845763496e10f3264b8a0c5,4280,3000,JPEG
IMG_0251_00009.jpg,4050024,IMG_0251.jpg,e70790ada2ec4731cef972ed1167e357,4280,3000,JPEG
IMG_0251_00010.jpg,4149016,IMG_0251.jpg,ed2cd37857974d27e7320e51e81bb565,4280,3000,JPEG
IMG_0253_00001.jpg,2260566,IMG_0253.jpg,d6f3d19d01411bf7a5890727d4ee67f7,2448,2960,JPEG
IMG_0253_00002.jpg,2362859,IMG_0253.jpg,e98519f900cdd3b7f4ab37f9bc919324,2448,2960,JPEG
IMG_0253_00003.jpg,2314508,IMG_0253.jpg,a4ab59d7c0c38484bd0a386cff845832,2448,2960,JPEG
IMG_0253_00004.jpg,2222190,IMG_0253.jpg,4d2d3129d9e7480d6dc164d837c17c40,2448,2960,JPEG
IMG_0253_00005.jpg,2343800,IMG_0253.jpg,0524f5a77eeeb89589dc787e4e66c340,2448,2960,JPEG
IMG_0253_00006.jpg,2398486,IMG_0253.jpg,eec8395a9093faae95305b8a5bb37df9,2448,2960,JPEG
IMG_0253_00007.jpg,2279474,IMG_0253.jpg,fcaf6c30eff3aa4c03bfacc1d8c3985f,2448,2960,JPEG
IMG_0253_00008.jpg,2291689,IMG_0253.jpg,b2cbe92567e9d5ae7dffb050eb778acd,2448,2960,JPEG
IMG_0253_00009.jpg,2406486,IMG_0253.jpg,53f1d2c79d67dbc559aeda4cc937ba87,2448,2960,JPEG
IMG_0253_00010.jpg,2292366,IMG_0253.jpg,4e11a71e901b737527e8e167a3d972f0,2448,2960,JPEG
IMG_0254_00001.jpg,4507630,IMG_0254.jpg,aab533a4dcf065c387550535423f923a,4776,2992,JPEG
IMG_0254_00002.jpg,4421839,IMG_0254.jpg,b0f7f3d2fe694c0772af6809c08bd0f0,4776,2992,JPEG
IMG_0254_00003.jpg,4352162,IMG_0254.jpg,a582ec2441357b9b5143f7bc1d7f85c2,4776,2992,JPEG
IMG_0254_00004.jpg,4293119,IMG_0254.jpg,822bc82b533dbbee62471875815ce422,4776,2992,JPEG
IMG_0254_00005.jpg,4413597,IMG_0254.jpg,9972427dbd69fb509659525cb0328ee2,4776,2992,JPEG
IMG_0254_00006.jpg,4469939,IMG_0254.jpg,8c38d3c04b86944a26f50f052b6395b9,4776,2992,JPEG
IMG_0254_00007.jpg,4285420,IMG_0254.jpg,0e8e25203c44759ea8286fd2f86f2fc8,4776,2992,JPEG
IMG_0254_00008.jpg,4354052,IMG_0254.jpg,266c377573bb289111fa3d9cfbad8954,4776,2992,JPEG
IMG_0254_00009.jpg,4546417,IMG_0254.jpg,468efa0325e1fc84034bc1e43e9f3fbe,4776,2992,JPEG
IMG_0254_00010.jpg,4577505,IMG_0254.jpg,362f2adfeeb171c1b2b636645cdf55f2,4776,2992,JPEG
IMG_0255_00001.jpg,2989935,IMG_0255.jpg,ef2f60263810e66bdd5121dfd8628e84,3648,2823,JPEG
IMG_0255_00002.jpg,3300537,IMG_0255.jpg,3559e1e7d8fbc6ba4e4775cf7ac15fdc,3648,2823,JPEG
IMG_0255_00003.jpg,2978001,IMG_0255.jpg,49e607c980cd9c1cb28cb740d418b387,3648,2823,JPEG
IMG_0255_00004.jpg,3252705,IMG_0255.jpg,55ad09439a96a6f81eaf0c23cd7c7aa9,3648,2823,JPEG
IMG_0255_00005.jpg,3199290,IMG_0255.jpg,241c2b5c6cc4dc24cca1ce55277620af,3648,2823,JPEG
IMG_0255_00006.jpg,3537461,IMG_0255.jpg,6044cde7b19b29b73da5ab7a64986078,3648,2823,JPEG
IMG_0255_00007.jpg,2952155,IMG_0255.jpg,8381f842fc539625bc057a40bacf1256,3648,2823,JPEG
IMG_0255_00008.jpg,2935983,IMG_0255.jpg,4155c067e12260da829a6d6c836cd316,3648,2823,JPEG
IMG_0255_00009.jpg,3200910,IMG_0255.jpg,cfc107e888802a8a679f325ec84090ea,3648,2823,JPEG
IMG_0255_00010.jpg,2942505,IMG_0255.jpg,9153005363a515892bc10699c591b3a3,3648,2823,JPEG
IMG_0256_00001.jpg,5173770,IMG_0256.jpg,7716db46ecf9400dfaf40cb66b3d4b98,3795,4050,JPEG
IMG_0256_00002.jpg,4889050,IMG_0256.jpg,fc763d37eb264293abfb4117f721a0e2,3795,4050,JPEG
IMG_0256_00003.jpg,5086751,IMG_0256.jpg,598a3c80c4296c4e094cc896eb83986a,3795,4050,JPEG
IMG_0256_00004.jpg,5059481,IMG_0256.jpg,b0e95f9dabfa732531e84a699ea82a3c,3795,4050,JPEG
IMG_0256_00005.jpg,5199480,IMG_0256.jpg,775ba3533c355dbc84fadd6f3d6a2459,3795,4050,JPEG
IMG_0256_00006.jpg,5206201,IMG_0256.jpg,cecdd864e3e678013fd406ca0b24f4ec,3795,4050,JPEG
IMG_0256_00007.jpg,5047421,IMG_0256.jpg,62dfb56ac6ffd4671f81df72b6f80cdd,3795,4050,JPEG
IMG_0256_00008.jpg,5077486,IMG_0256.jpg,320c88e90ea79af36a4d6490beea0de1,3795,4050,JPEG
IMG_0256_00009.jpg,5135018,IMG_0256.jpg,7eb8de441e938accac25231556fc43ae,3795,4050,JPEG
IMG_0256_00010.jpg,4940611,IMG_0256.jpg,03b5e3edb25188c1c384ba90bdc8c0cc,3795,4050,JPEG
IMG_0257_00001.jpg,2785893,IMG_0257.jpg,d845b1b1b645625023466d46490a3c91,2124,4576,JPEG
IMG_0257_00002.jpg,2843325,IMG_0257.jpg,b79feeaeea9d1b1ad33fbadfe7173760,2124,4576,JPEG
IMG_0257_00003.jpg,2842317,IMG_0257.jpg,fb5e12767a5abccfc642b23210415502,2124,4576,JPEG
IMG_0257_00004.jpg,2879682,IMG_0257.jpg,5b0d9cc8a880c07f058d2beea48fbd1c,2124,4576,JPEG
IMG_0257_00005.jpg,2927709,IMG_0257.jpg,30721435e98776754044c2934a8f9a6d,2124,4576,JPEG
IMG_0257_00006.jpg,2837755,IMG_0257.jpg,1da0ec4538e17129920899bbfb40455c,2124,4576,JPEG
IMG_0257_00007.jpg,2854599,IMG_0257.jpg,36f7d4a45d61cc9424ec9978f90d2f57,2124,4576,JPEG
IMG_0257_00008.jpg,2851236,IMG_0257.jpg,036ffde79b3cfd762dcdcf97b7f2e758,2124,4576,JPEG
IMG_0257_00009.jpg,2857914,IMG_0257.jpg,1545eead1c3e322a3f10de43e3ca9f43,2124,4576,JPEG
IMG_0257_00010.jpg,3003895,IMG_0257.jpg,1167ba49d354f156a3ee69643ebf958b,2124,4576,JPEG
IMG_0258_00001.jpg,7085789,IMG_0258.jpg,f0d9beae3bb48ff9d656a3544b565f12,5096,5680,JPEG
IMG_0258_00002.jpg,6852692,IMG_0258.jpg,8c08bf744448ec2fee279e73c6e09455,5096,5680,JPEG
IMG_0258_00003.jpg,6787615,IMG_0258.jpg,3c791ea761fd9f11b0f1615b3a605824,5096,5680,JPEG
IMG_0258_00004.jpg,6858913,IMG_0258.jpg,edcf8d851c06b8d6095f76663e38e5d4,5096,5680,JPEG
IMG_0258_00005.jpg,6762629,IMG_0258.jpg,3c6570a0829c22c20351640ac06a4c87,5096,5680,JPEG
IMG_0258_00006.jpg,7540174,IMG_0258.jpg,0c7eff7c278a6dc4ec7bf1d7a6a406a5,5096,5680,JPEG
IMG_0258_00007.jpg,7241527,IMG_0258.jpg,d012f9cf861273ba68c225902dbcf363,5096,5680,JPEG
IMG_0258_00008.jpg,7235967,IMG_0258.jpg,5ab158606aa2d49caa1d98672ba4f5db,5096,5680,JPEG
IMG_0258_00009.jpg,7201256,IMG_0258.jpg,69a90fcebf36f3766396b6144946f78e,5096,5680,JPEG
IMG_0258_00010.jpg,7160587,IMG_0258.jpg,4b43f25878396c5dfee2eb4a4afa09f2,5096,5680,JPEG
IMG_0259_00001.jpg,2599787,IMG_0259.jpg,cb325d60fef1169fce4e445824886855,4090,2035,JPEG
IMG_0259_00002.jpg,2651893,IMG_0259.jpg,dcd61e58ab23ffe933f0c36ff48af91b,4090,2035,JPEG
IMG_0259_00003.jpg,2709808,IMG_0259.jpg,0288c883fd65fa24dea0101f8bd76a45,4090,2035,JPEG
IMG_0259_00004.jpg,2663531,IMG_0259.jpg,19a71b60567947b6136e0bcf60dae3fb,4090,2035,JPEG
IMG_0259_00005.jpg,2509457,IMG_0259.jpg,da9618ff5f7b1268a6cca72ee3e4b720,4090,2035,JPEG
IMG_0259_00006.jpg,2506024,IMG_0259.jpg,b3a50fda3ae53ec20e26e9e72e7e574a,4090,2035,JPEG
IMG_0259_00007.jpg,2510347,IMG_0259.jpg,f2cdbbf1090955df259045fc934cdbb9,4090,2035,JPEG
IMG_0259_00008.jpg,2699456,IMG_0259.jpg,212a30a8f5defae49920f3841f690fe8,4090,2035,JPEG
IMG_0259_00009.jpg,2805086,IMG_0259.jpg,d8fae60824dc3b51e8f982192e4146e2,4090,2035,JPEG
IMG_0259_00010.jpg,2887531,IMG_0259.jpg,9f4772d869e97fa872b0147deed1df54,4090,2035,JPEG
IMG_0260_00001.jpg,2632305,IMG_0260.jpg,1a015112bcce14e7e4b6747cf576215b,2340,3698,JPEG
IMG_0260_00002.jpg,2555009,IMG_0260.jpg,072b3f792e5b09f9d225f430858aa967,2340,3698,JPEG
IMG_0260_00003.jpg,2665949,IMG_0260.jpg,e9eaf97a804bd7c85e27f388b7ba2c02,2340,3698,JPEG
IMG_0260_00004.jpg,2719495,IMG_0260.jpg,c03f550922db9c8c6fe0a40cb5c82999,2340,3698,JPEG
IMG_0260_00005.jpg,2833886,IMG_0260.jpg,42a6af8882e727ff6362a74c0c508cb5,2340,3698,JPEG
IMG_0260_00006.jpg,2603894,IMG_0260.jpg,2696e141e93387e6ca73f48a47106897,2340,3698,JPEG
IMG_0260_00007.jpg,2651944,IMG_0260.jpg,6559914eada23371d57b2932697ad73b,2340,3698,JPEG
IMG_0260_00008.jpg,2577502,IMG_0260.jpg,d9497937fef2e907a0de3f7b439363a0,2340,3698,JPEG
IMG_0260_00009.jpg,2525761,IMG_0260.jpg,4a1ce863c6470ee8c50f6f95ff7957c4,2340,3698,JPEG
IMG_0260_00010.jpg,2731716,IMG_0260.jpg,c486eae18ca7b059e8f17b9b241942e2,2340,3698,JPEG
IMG_0261_00001.jpg,3900389,IMG_0261.jpg,852aaa74a0d81ecdca225528eabe69d0,3690,3432,JPEG
IMG_0261_00002.jpg,3867159,IMG_0261.jpg,76193638b4b3c8a4ca530c8e2efddae8,3690,3432,JPEG
IMG_0261_00003.jpg,4075945,IMG_0261.jpg,ac1b86ff4f26cfdee34f51228e1ad217,3690,3432,JPEG
IMG_0261_00004.jpg,3774684,IMG_0261.jpg,883b35a55aad86ddeff8eb6849e4f670,3690,3432,JPEG
IMG_0261_00005.jpg,3858167,IMG_0261.jpg,bd7d89122fbfcc04c13dbc9386971a86,3690,3432,JPEG
IMG_0261_00006.jpg,3703414,IMG_0261.jpg,5d96d9d4a83c8124803145fe0e6eac2d,3690,3432,JPEG
IMG_0261_00007.jpg,3848382,IMG_0261.jpg,e987187fc783eacd6bd19d7461433bcc,3690,3432,JPEG
IMG_0261_00008.jpg,3780997,IMG_0261.jpg,d9abc5f6018a7df13b6e77aff10ae633,3690,3432,JPEG
IMG_0261_00009.jpg,3859751,IMG_0261.jpg,47a3ae7d05b414d8168c3d84ca58ec32,3690,3432,JPEG
IMG_0261_00010.jpg,3921163,IMG_0261.jpg,34791e503c275b6084e86d0e5da4b2b0,3690,3432,JPEG
IMG_0262_00001.jpg,2350434,IMG_0262.jpg,3c42e9b8de0539a121ec1886e42222ec,2438,3334,JPEG
IMG_0262_00002.jpg,2435408,IMG_0262.jpg,3a4708a0a971246ab9818bd8f6a53eed,2438,3334,JPEG
IMG_0262_00003.jpg,2375574,IMG_0262.jpg,894524cd9a342a7db68fb8eb320dcec2,2438,3334,JPEG
IMG_0262_00004.jpg,2545149,IMG_0262.jpg,53e10a073e8823632f426c674a9f7117,2438,3334,JPEG
IMG_0262_00005.jpg,2765499,IMG_0262.jpg,dd44348709938edd40361e2284058748,2438,3334,JPEG
IMG_0262_00006.jpg,2439399,IMG_0262.jpg,2a75a64f7b1d68d9e8bc76843789f14c,2438,3334,JPEG
IMG_0262_00007.jpg,2472325,IMG_0262.jpg,7f2f9ee83621eca29a54745a7fd643c8,2438,3334,JPEG
IMG_0262_00008.jpg,2395081,IMG_0262.jpg,22bb0eb1650aac7d804dfc84338df6b3,2438,3334,JPEG
IMG_0262_00009.jpg,2363260,IMG_0262.jpg,46eed3f816428e7f31f3296523e73798,2438,3334,JPEG
IMG_0262_00010.jpg,2414499,IMG_0262.jpg,e9f08582c3106f01d58d89f44080b0b8,2438,3334,JPEG
IMG_0263_00001.jpg,2007536,IMG_0263.jpg,6f481f9c403deda8518a66b901deb831,4064,1673,JPEG
IMG_0263_00002.jpg,2087006,IMG_0263.jpg,8fe4cb8d8a65e29bd167e75161e0c5d1,4064,1673,JPEG
IMG_0263_00003.jpg,1895757,IMG_0263.jpg,7c837a8450d0c451f0550d619e81d246,4064,1673,JPEG
IMG_0263_00004.jpg,1944895,IMG_0263.jpg,db87b8dbaff1c81ff717cd978e45417a,4064,1673,JPEG
IMG_0263_00005.jpg,2053786,IMG_0263.jpg,8eaa25272ac050a3646469d0129c822e,4064,1673,JPEG
IMG_0263_00006.jpg,1868196,IMG_0263.jpg,bb57bd5ec6bd163c77fd34f8753f4975,4064,1673,JPEG
IMG_0263_00007.jpg,1994034,IMG_0263.jpg,2134e8b43e3929dee35411156ecc59a5,4064,1673,JPEG
IMG_0263_00008.jpg,1860025,IMG_0263.jpg,1e03a5910e39231b4f1aee0fd455c6c8,4064,1673,JPEG
IMG_0263_00009.jpg,1760464,IMG_0263.jpg,683021d7cff0d3f6d655d16b960f0258,4064,1673,JPEG
IMG_0263_00010.jpg,2174741,IMG_0263.jpg,c2bcc9288d6b330bee5415ef9ca7d2e8,4064,1673,JPEG
IMG_0264_00001.jpg,7862932,IMG_0264.jpg,5dc57ccbc9a4c1cc0621dbad158d98f8,5096,4031,JPEG
IMG_0264_00002.jpg,7607234,IMG_0264.jpg,70d174593003638895cc98f281002e74,5096,4031,JPEG
IMG_0264_00003.jpg,7574335,IMG_0264.jpg,3bda89b6c60ebf25adda857c6c00d5f1,5096,4031,JPEG
IMG_0264_00004.jpg,7233138,IMG_0264.jpg,2d548a096ec70e0accad0a8fb04b4e50,5096,4031,JPEG
IMG_0264_00005.jpg,7599641,IMG_0264.jpg,81d385ed63f05a6672f8bd4841d9bda7,5096,4031,JPEG
IMG_0264_00006.jpg,7663936,IMG_0264.jpg,88d396baaeba9fc368aef6239ab613c8,5096,4031,JPEG
IMG_0264_00007.jpg,7366780,IMG_0264.jpg,3063064889b7d1b2ff5f3c8ad82a605a,5096,4031,JPEG
IMG_0264_00008.jpg,7357133,IMG_0264.jpg,3871c7e001708d2dc53e43d8b992f52d,5096,4031,JPEG
IMG_0264_00009.jpg,7496793,IMG_0264.jpg,8ed10ef9b7b456a67b4092ec2dc98d7c,5096,4031,JPEG
IMG_0264_00010.jpg,7675541,IMG_0264.jpg,54577ebdec89fc4398d382c28d478143,5096,4031,JPEG
IMG_0265_00001.jpg,6407728,IMG_0265.jpg,c15791b862bb08c1a609551fbe868a2f,4384,4507,JPEG
IMG_0265_00002.jpg,6528105,IMG_0265.jpg,1be8fe6cc6f0454d7b66b6204b5a6c52,4384,4507,JPEG
IMG_0265_00003.jpg,6489699,IMG_0265.jpg,ffff57dffdb2d5f7ac28058412e08105,4384,4507,JPEG
IMG_0265_00004.jpg,6304298,IMG_0265.jpg,473910262205c3a37ff0c2dae44ef1f1,4384,4507,JPEG
IMG_0265_00005.jpg,6453250,IMG_0265.jpg,13532efab01b4c5bad8125585e0b5dc6,4384,4507,JPEG
IMG_0265_00006.jpg,6533296,IMG_0265.jpg,1b75c779d1a3327a3f6a3a1e3bfedcfa,4384,4507,JPEG
IMG_0265_00007.jpg,6398139,IMG_0265.jpg,65ad1b9f5802473d17fa79558d9023ac,4384,4507,JPEG
IMG_0265_00008.jpg,6501988,IMG_0265.jpg,06a8988686f47086f44736d07dfe4f4d,4384,4507,JPEG
IMG_0265_00009.jpg,6853009,IMG_0265.jpg,54d538e267d4f1347eaecbacf49a0abd,4384,4507,JPEG
IMG_0265_00010.jpg,6483709,IMG_0265.jpg,0e808b9cc9dcdc661ecd5366cb433c6a,4384,4507,JPEG
IMG_0266_00001.jpg,4175986,IMG_0266.jpg,4e3a03b5b2fe5ce78733b1d1013bbf06,4546,3360,JPEG
IMG_0266_00002.jpg,4722327,IMG_0266.jpg,8edfe7b18bec2e3b40d6a5e4382b1aac,4546,3360,JPEG
IMG_0266_00003.jpg,4404927,IMG_0266.jpg,3fe2e1fb2cd4fec0a60e32397cc4c137,4546,3360,JPEG
IMG_0266_00004.jpg,4293772,IMG_0266.jpg,898c140cc2b23c06f03f19205d537d62,4546,3360,JPEG
IMG_0266_00005.jpg,4428527,IMG_0266.jpg,1998f65739847a67497c298dd81e856f,4546,3360,JPEG
IMG_0266_00006.jpg,4721006,IMG_0266.jpg,f83638c3bddbc7d803fda905efd9a39e,4546,3360,JPEG
IMG_0266_00007.jpg,4230580,IMG_0266.jpg,0ca816aaf78a8bdfe564ef1bfe15e7e5,4546,3360,JPEG
IMG_0266_00008.jpg,4474167,IMG_0266.jpg,4821569b5ece29a65ad1f18afcb32392,4546,3360,JPEG
IMG_0266_00009.jpg,4351263,IMG_0266.jpg,217dfc84c54b7a5653d39f05029cd730,4546,3360,JPEG
IMG_0266_00010.jpg,4360525,IMG_0266.jpg,4b16e33c0188ad3095401fc1d11d7de0,4546,3360,JPEG
IMG_0268_00001.jpg,2819107,IMG_0268.jpg,7ccace068f8021f3dda436f4a98a025e,2536,4230,JPEG
IMG_0268_00002.jpg,2743433,IMG_0268.jpg,c2f46d37fa15f899103f9a5d4f2fe475,2536,4230,JPEG
IMG_0268_00003.jpg,2904394,IMG_0268.jpg,ca524c9b00cfe17b47e96e2fa052c3e1,2536,4230,JPEG
IMG_0268_00004.jpg,2802961,IMG_0268.jpg,83330b150cae2b4955bc621f4f984292,2536,4230,JPEG
IMG_0268_00005.jpg,2813313,IMG_0268.jpg,f2157abad18dae4dc45aaf25de5a3f51,2536,4230,JPEG
IMG_0268_00006.jpg,2751017,IMG_0268.jpg,3ae3770587d42c869675f505cd22c10b,2536,4230,JPEG
IMG_0268_00007.jpg,2728459,IMG_0268.jpg,72d074fead26ed7c27c070b8f8ae2998,2536,4230,JPEG
IMG_0268_00008.jpg,2829022,IMG_0268.jpg,f43aea4e25e5da851407910f5aaeb39e,2536,4230,JPEG
IMG_0268_00009.jpg,2814242,IMG_0268.jpg,0d805d9675c54a7a96aae99005e2e417,2536,4230,JPEG
IMG_0268_00010.jpg,2909019,IMG_0268.jpg,9faf503a0b5c2e96b4016c425a9b3442,2536,4230,JPEG
IMG_0269_00001.jpg,2161607,IMG_0269.jpg,c47805c0eb4a12f4b35dc857697d7e3e,2288,3055,JPEG
IMG_0269_00002.jpg,2173468,IMG_0269.jpg,a0881507a4f02abd739e1550cec79900,2288,3055,JPEG
IMG_0269_00003.jpg,2098797,IMG_0269.jpg,498e65639ce060741479372bee503085,2288,3055,JPEG
IMG_0269_00004.jpg,2134302,IMG_0269.jpg,16d9a9d44992b9c9bd6943c48f762399,2288,3055,JPEG
IMG_0269_00005.jpg,2097125,IMG_0269.jpg,a311a548653ab06f06bc5630c68cadcb,2288,3055,JPEG
IMG_0269_00006.jpg,2207968,IMG_0269.jpg,46bce7072850923c60343f62c17688b0,2288,3055,JPEG
IMG_0269_00007.jpg,2035336,IMG_0269.jpg,84384a97b25c39227698b228a6b23df0,2288,3055,JPEG
IMG_0269_00008.jpg,2196026,IMG_0269.jpg,bbcf87f2a4ba7711dbdf3f6f0042b875,2288,3055,JPEG
IMG_0269_00009.jpg,2176923,IMG_0269.jpg,505104c2d744adf4474c38276133f703,2288,3055,JPEG
IMG_0269_00010.jpg,2074764,IMG_0269.jpg,e8c60fbd4109550032658ed7d26841dd,2288,3055,JPEG
IMG_0270_00001.jpg,5139062,IMG_0270.jpg,08b70806616b6905d0238b459055f3d5,3806,5238,JPEG
IMG_0270_00002.jpg,5420104,IMG_0270.jpg,c05785778000b50cf4a72dac92a86866,3806,5238,JPEG
IMG_0270_00003.jpg,5463256,IMG_0270.jpg,5b55aa416d811b5d13c3f5d983bbb35e,3806,5238,JPEG
IMG_0270_00004.jpg,5352964,IMG_0270.jpg,8a636b844573098ef9106f6aeefbb740,3806,5238,JPEG
IMG_0270_00005.jpg,5187367,IMG_0270.jpg,cbfc55bb37125c985ed7f67aa77ff7e3,3806,5238,JPEG
IMG_0270_00006.jpg,5206286,IMG_0270.jpg,6205e41f7b5295b7f18021e91898f263,3806,5238,JPEG
IMG_0270_00007.jpg,5202447,IMG_0270.jpg,c591cee3e10dc60e7bd053eabc4533e2,3806,5238,JPEG
IMG_0270_00008.jpg,5180390,IMG_0270.jpg,082d43de7af3ac335e9d09db33f9e44a,3806,5238,JPEG
IMG_0270_00009.jpg,5320576,IMG_0270.jpg,73a8cf1a0b690c80a6faf93bbfb92bca,3806,5238,JPEG
IMG_0270_00010.jpg,5523004,IMG_0270.jpg,740720fad8f175630a33d5f66ee11cee,3806,5238,JPEG
IMG_0271_00001.jpg,3700581,IMG_0271.jpg,318444818ab8ad74efde21e10502c8d6,3393,3791,JPEG
IMG_0271_00002.jpg,3498723,IMG_0271.jpg,33922b6e0601305a2bb76b6410960f99,3393,3791,JPEG
IMG_0271_00003.jpg,3595847,IMG_0271.jpg,66926d3dd1f33056227f5f12eba678c0,3393,3791,JPEG
IMG_0271_00004.jpg,3658287,IMG_0271.jpg,575821f619651855ff2691ddc39a2a72,3393,3791,JPEG
IMG_0271_00005.jpg,3492558,IMG_0271.jpg,b09f8c11f47bf221a7032c3c275407ec,3393,3791,JPEG
IMG_0271_00006.jpg,3542647,IMG_0271.jpg,e57ee49ba6e3c7b38f8bf4b3a53d22c4,3393,3791,JPEG
IMG_0271_00007.jpg,3758298,IMG_0271.jpg,91aaf016681d24aef11d1e45e614c5c3,3393,3791,JPEG
IMG_0271_00008.jpg,3643621,IMG_0271.jpg,280ebbf92b703addae427015a4aeeaff,3393,3791,JPEG
IMG_0271_00009.jpg,3605260,IMG_0271.jpg,c4b7fc40dc6cf0b2fac4940fc00416d6,3393,3791,JPEG
IMG_0271_00010.jpg,3530819,IMG_0271.jpg,e4f5e051faee140b68ef97c153387292,3393,3791,JPEG
IMG_0272_00001.jpg,5368602,IMG_0272.jpg,c822a3fee5d8d2d1592daf3ace135408,4055,4681,JPEG
IMG_0272_00002.jpg,5521021,IMG_0272.jpg,518ca648381882f0a82c830abe85ccb1,4055,4681,JPEG
IMG_0272_00003.jpg,5544846,IMG_0272.jpg,3c256dea945fa0a68bdeb1c37ab791e7,4055,4681,JPEG
IMG_0272_00004.jpg,5337607,IMG_0272.jpg,eb94d016a2c21936cfe73a0118f1a7f5,4055,4681,JPEG
IMG_0272_00005.jpg,5318390,IMG_0272.jpg,adfb62b4688fe9175eca9bf8d36e5e9f,4055,4681,JPEG
IMG_0272_00006.jpg,5227299,IMG_0272.jpg,98ec4623f963bf904437be3cae1d8da4,4055,4681,JPEG
IMG_0272_00007.jpg,5401789,IMG_0272.jpg,d27af2ca473bea82f5357ab168f1c516,4055,4681,JPEG
IMG_0272_00008.jpg,5459150,IMG_0272.jpg,ff4bbf78a9e2fea42a9aea705d3cf8c5,4055,4681,JPEG
IMG_0272_00009.jpg,5374956,IMG_0272.jpg,fd8afb59b46397b0c55e67d03753036d,4055,4681,JPEG
IMG_0272_00010.jpg,5347712,IMG_0272.jpg,edfecbf0bca7804e9ec3ed8229f1d2c2,4055,4681,JPEG
IMG_0273_00001.jpg,3183369,IMG_0273.jpg,0cdf9bebf490b6fc028bde2d9900ae8e,3282,3341,JPEG
IMG_0273_00002.jpg,3347261,IMG_0273.jpg,fa55f30fce158ace1584d5bd85ca6aa4,3282,3341,JPEG
IMG_0273_00003.jpg,3208313,IMG_0273.jpg,9e080b3942743ffd0e8882cef8504180,3282,3341,JPEG
IMG_0273_00004.jpg,3110584,IMG_0273.jpg,e6918cd2fcb83a181992b89f72d138ba,3282,3341,JPEG
IMG_0273_00005.jpg,3193602,IMG_0273.jpg,7ffd015be4c7adb649cf76d53f76ece1,3282,3341,JPEG
IMG_0273_00006.jpg,3250289,IMG_0273.jpg,d4ce5d86b91d64a60fce7eecab964da0,3282,3341,JPEG
IMG_0273_00007.jpg,3084110,IMG_0273.jpg,cfa0bbd28f491dfba644012d21b73e88,3282,3341,JPEG
IMG_0273_00008.jpg,3138096,IMG_0273.jpg,8e7b838db0b9690df246fcab53fb1875,3282,3341,JPEG
IMG_0273_00009.jpg,3089960,IMG_0273.jpg,d3fcec62f1d74840d393f37383c63e78,3282,3341,JPEG
IMG_0273_00010.jpg,2989159,IMG_0273.jpg,a0670ae47dbf383ab75866493354f03c,3282,3341,JPEG
IMG_0281_00001.jpg,5003738,IMG_0281.jpg,97d43f4d647635dc49ae5ee464bc762f,3253,5190,JPEG
IMG_0281_00002.jpg,4836944,IMG_0281.jpg,f24ed55ef067abd18772a4a091ae83aa,3253,5190,JPEG
IMG_0281_00003.jpg,4896950,IMG_0281.jpg,6d8600b57bc9a2ef8bd028f7f7709cac,3253,5190,JPEG
IMG_0281_00004.jpg,4983197,IMG_0281.jpg,1cedcef0b3d88e69d42bc7d86c1813ae,3253,5190,JPEG
IMG_0281_00005.jpg,4976593,IMG_0281.jpg,6b45c5f427968fea0cd4f68d214c82f3,3253,5190,JPEG
IMG_0281_00006.jpg,4912014,IMG_0281.jpg,5d8c3b85a1b8debfafa5ef65ff66d78e,3253,5190,JPEG
IMG_0281_00007.jpg,5059546,IMG_0281.jpg,cf54646074c130ed689b70a2c5e907e4,3253,5190,JPEG
IMG_0281_00008.jpg,4939117,IMG_0281.jpg,664bf1ec892eca590544d12cd69fdf94,3253,5190,JPEG
IMG_0281_00009.jpg,5019782,IMG_0281.jpg,cd73491852f403777b17ee60abaa58bb,3253,5190,JPEG
IMG_0281_00010.jpg,5035930,IMG_0281.jpg,b2d08c80ef59eadba2a6eda0385ad6fd,3253,5190,JPEG
IMG_0282_00001.jpg,4776294,IMG_0282.jpg,4bf9bbe33661749af4ffae92992b3c62,2205,7008,JPEG
IMG_0282_00002.jpg,4814565,IMG_0282.jpg,806749ed54302385ad643e7c95f7cb77,2205,7008,JPEG
IMG_0282_00003.jpg,4854570,IMG_0282.jpg,91c6a5530df2ab0fa418a28d0d86dc8a,2205,7008,JPEG
IMG_0282_00004.jpg,4829474,IMG_0282.jpg,1bbcf7cd679fdab932932d8c73a24344,2205,7008,JPEG
IMG_0282_00005.jpg,4777772,IMG_0282.jpg,5b3bb8f6b146d4041f7e98a479e80d3e,2205,7008,JPEG
IMG_0282_00006.jpg,4827762,IMG_0282.jpg,a1180d2b88886856149565c5b8f4f938,2205,7008,JPEG
IMG_0282_00007.jpg,4807632,IMG_0282.jpg,ab3ef1d36af44eff403b0547472ebb3d,2205,7008,JPEG
IMG_0282_00008.jpg,4812870,IMG_0282.jpg,7a6bef8e463dc95cd94d56eb36f7e422,2205,7008,JPEG
IMG_0282_00009.jpg,4713939,IMG_0282.jpg,b4fa3b7f9f2ea7a4dbe1eec41439dc77,2205,7008,JPEG
IMG_0282_00010.jpg,4886834,IMG_0282.jpg,4f45b9e39da6261fb6ac76a4255479c2,2205,7008,JPEG
IMG_0283_00001.jpg,5019365,IMG_0283.jpg,cda878e4eeb6cfe381265e96dfe4d482,3333,4778,JPEG
IMG_0283_00002.jpg,4688971,IMG_0283.jpg,d4b5d1f0a06e2027f22abfc76ca20ffd,3333,4778,JPEG
IMG_0283_00003.jpg,4713743,IMG_0283.jpg,069e5f2143a2d3f300bfb3868e3c2fe0,3333,4778,JPEG
IMG_0283_00004.jpg,4746157,IMG_0283.jpg,acdac3c6febad920724db3245e05871d,3333,4778,JPEG
IMG_0283_00005.jpg,4723395,IMG_0283.jpg,99e37d92506c8f7ab450d46a94f6d1d6,3333,4778,JPEG
IMG_0283_00006.jpg,4766283,IMG_0283.jpg,efc992e4abe37124e212c7e26a037d7b,3333,4778,JPEG
IMG_0283_00007.jpg,4729748,IMG_0283.jpg,abfde10819ee8cddb65e49bd5542bc64,3333,4778,JPEG
IMG_0283_00008.jpg,4818269,IMG_0283.jpg,9953a5c7c451470d74b4f709a137dbdd,3333,4778,JPEG
IMG_0283_00009.jpg,5152664,IMG_0283.jpg,cc016e9c9e46458497879ba43f1e0538,3333,4778,JPEG
IMG_0283_00010.jpg,4890416,IMG_0283.jpg,829a1c94585f45de293fecd4ca9409a4,3333,4778,JPEG
IMG_0284_00001.jpg,5452205,IMG_0284.jpg,e238da977b10608ebe658b88d9d3b10f,3406,5335,JPEG
IMG_0284_00002.jpg,5515806,IMG_0284.jpg,1668376dc5e4aab666ad11ccc3a5d57f,3406,5335,JPEG
IMG_0284_00003.jpg,5597918,IMG_0284.jpg,4c022d3f5cfc513137d1b3f751b90518,3406,5335,JPEG
IMG_0284_00004.jpg,5265222,IMG_0284.jpg,c35bb3eab700baf29d2cdb6cfe8ff771,3406,5335,JPEG
IMG_0284_00005.jpg,5356364,IMG_0284.jpg,ba41b25ad453c56dc755e7a17346b606,3406,5335,JPEG
IMG_0284_00006.jpg,5382500,IMG_0284.jpg,68c9ba2e22522c88f6335a11294e532a,3406,5335,JPEG
IMG_0284_00007.jpg,5355425,IMG_0284.jpg,7e406c46206ff689a67841779fefde99,3406,5335,JPEG
IMG_0284_00008.jpg,5315497,IMG_0284.jpg,77eefa555eed5b5a8c91f05b3a96b49d,3406,5335,JPEG
IMG_0284_00009.jpg,5207566,IMG_0284.jpg,47837abf8e9507fe58fa7889552d3c20,3406,5335,JPEG
IMG_0284_00010.jpg,5378205,IMG_0284.jpg,7f0478eb2cb459e7f8008fb3181e36a4,3406,5335,JPEG
IMG_0285_00001.jpg,3545004,IMG_0285.jpg,a1f42c8298b343649b1caa037f2fad00,3496,2408,JPEG
IMG_0285_00002.jpg,3584201,IMG_0285.jpg,74afdce297a930b7e965b30b67d68767,3496,2408,JPEG
IMG_0285_00003.jpg,3466461,IMG_0285.jpg,9c60c77b31650366d5fbcb2d1a5075b0,3496,2408,JPEG
IMG_0285_00004.jpg,3548943,IMG_0285.jpg,2bc2f7fc6d145597a4bc96a7558e755e,3496,2408,JPEG
IMG_0285_00005.jpg,3709961,IMG_0285.jpg,07ec8c3bf872225ffc429667584f3d78,3496,2408,JPEG
IMG_0285_00006.jpg,3510351,IMG_0285.jpg,a2b5e98b7f07f90093946ba7344b0c00,3496,2408,JPEG
IMG_0285_00007.jpg,3590440,IMG_0285.jpg,5359c5c4fd7a1f91dfb44312ec9297b7,3496,2408,JPEG
IMG_0285_00008.jpg,3559276,IMG_0285.jpg,6457615d495b6d84dc465dbb63c25eba,3496,2408,JPEG
IMG_0285_00009.jpg,3590164,IMG_0285.jpg,186c83412f37691cfd6d9d7b59e4a9d1,3496,2408,JPEG
IMG_0285_00010.jpg,3788658,IMG_0285.jpg,8c43771f9ad9422c77338ad0d8f0f39f,3496,2408,JPEG
IMG_0286_00001.jpg,1804719,IMG_0286.jpg,92ec645ae3d9d90d63a23df4fb44e833,2478,2137,JPEG
IMG_0286_00002.jpg,1772461,IMG_0286.jpg,9c185f34f2d9c330bd5043be10fab13b,2478,2137,JPEG
IMG_0286_00003.jpg,1841518,IMG_0286.jpg,a621f1f1954c5e971147e39e71a443fd,2478,2137,JPEG
IMG_0286_00004.jpg,1776123,IMG_0286.jpg,a2a175556056849c40e843f524dc4146,2478,2137,JPEG
IMG_0286_00005.jpg,1761670,IMG_0286.jpg,d7a3b99d8eb7b5e5bf0a060d13e21b97,2478,2137,JPEG
IMG_0286_00006.jpg,1787449,IMG_0286.jpg,61335aa0b93a3b17d9d57a20b6195804,2478,2137,JPEG
IMG_0286_00007.jpg,1861052,IMG_0286.jpg,3ef25629f0af47e67703e1ba1c48b086,2478,2137,JPEG
IMG_0286_00008.jpg,1897320,IMG_0286.jpg,99d4348d281369b4f264decc136347d0,2478,2137,JPEG
IMG_0286_00009.jpg,1815799,IMG_0286.jpg,eeb488643d2e7b3a69c4cff99d3ce298,2478,2137,JPEG
IMG_0286_00010.jpg,1764831,IMG_0286.jpg,465a14bc5d2ec49a4096ad7677edc1ae,2478,2137,JPEG
IMG_0287_00001.jpg,748021,IMG_0287.jpg,9266523811da5240d56fd09e54556ce6,2666,730,JPEG
IMG_0287_00002.jpg,939254,IMG_0287.jpg,41326d35c256e155edb36f7ba29d7280,2666,730,JPEG
IMG_0287_00003.jpg,780993,IMG_0287.jpg,05476583ca1648387e0358de8e7f70ba,2666,730,JPEG
IMG_0287_00004.jpg,875542,IMG_0287.jpg,ca505b3c6b4578732bf17678e1f85954,2666,730,JPEG
IMG_0287_00005.jpg,852297,IMG_0287.jpg,a921c61573970d205bc202504be4c019,2666,730,JPEG
IMG_0287_00006.jpg,766047,IMG_0287.jpg,3ff9733cbfda9768bb22d83dc2ac6dc0,2666,730,JPEG
IMG_0287_00007.jpg,904380,IMG_0287.jpg,975ba4a02cda39737b2bd5662edbfdab,2666,730,JPEG
IMG_0287_00008.jpg,782032,IMG_0287.jpg,f13f8fa6cbeb1ebbddf55f89a4847b37,2666,730,JPEG
IMG_0287_00009.jpg,655628,IMG_0287.jpg,79323361cb1dccfeeb9adc7cd6c8b6ef,2666,730,JPEG
IMG_0287_00010.jpg,795637,IMG_0287.jpg,ed4ee84b4eae04057cfaa6b79a69bb19,2666,730,JPEG
IMG_0288_00001.jpg,3104494,IMG_0288.jpg,784f7bf2fa95d8a0ab449daf62a0db25,4728,1757,JPEG
IMG_0288_00002.jpg,3103206,IMG_0288.jpg,cb7915a8af26702b19abc006f934481d,4728,1757,JPEG
IMG_0288_00003.jpg,3077815,IMG_0288.jpg,80906b05a91da9211d85fdccd8645feb,4728,1757,JPEG
IMG_0288_00004.jpg,3263736,IMG_0288.jpg,47a6920dfde7db6088a98acb80990a2f,4728,1757,JPEG
IMG_0288_00005.jpg,3361402,IMG_0288.jpg,21d00e179f8fb5dd087617c4b53d3f3f,4728,1757,JPEG
IMG_0288_00006.jpg,3162256,IMG_0288.jpg,1a585406cb218d4539aaecd53cd54d12,4728,1757,JPEG
IMG_0288_00007.jpg,3084497,IMG_0288.jpg,ca2e12ab10e1fbd22c633236412f8c62,4728,1757,JPEG
IMG_0288_00008.jpg,3025083,IMG_0288.jpg,127b96a42493b4cb22c74739d447a972,4728,1757,JPEG
IMG_0288_00009.jpg,2955399,IMG_0288.jpg,5294a4005b86c990dada18f4c35246c2,4728,1757,JPEG
IMG_0288_00010.jpg,2994596,IMG_0288.jpg,70760e2a946e42dcbba4af94353a5475,4728,1757,JPEG
IMG_0289_00001.jpg,3219835,IMG_0289.jpg,879a83e6843ae2f6785627cbf48e27db,4033,2320,JPEG
IMG_0289_00002.jpg,3070820,IMG_0289.jpg,1594132fe54098cbfe171140645907f4,4033,2320,JPEG
IMG_0289_00003.jpg,3025545,IMG_0289.jpg,237274361afae102418967eda02148dd,4033,2320,JPEG
IMG_0289_00004.jpg,3022671,IMG_0289.jpg,756ffefdb48ce72ac05dfd81b5107003,4033,2320,JPEG
IMG_0289_00005.jpg,3004495,IMG_0289.jpg,faffb56b5db29a6a4510746b13ac9b16,4033,2320,JPEG
IMG_0289_00006.jpg,3214682,IMG_0289.jpg,3fa8b80ed03d216c9fcf6e9260ef55dc,4033,2320,JPEG
IMG_0289_00007.jpg,3138314,IMG_0289.jpg,61f663d0c324b3266c2e44f115ab8920,4033,2320,JPEG
IMG_0289_00008.jpg,3059965,IMG_0289.jpg,429fc26649f822a7164f9e8d8a9cc557,4033,2320,JPEG
IMG_0289_00009.jpg,3212843,IMG_0289.jpg,102f288d66582cc7ee7feb125958bf33,4033,2320,JPEG
IMG_0289_00010.jpg,3411706,IMG_0289.jpg,0fa63be12daa3fe2d2149e747b64e150,4033,2320,JPEG
IMG_0290_00001.jpg,1835508,IMG_0290.jpg,9b73e0f1f250b8b9ac5c4e5f579fded2,2263,2367,JPEG
IMG_0290_00002.jpg,1731044,IMG_0290.jpg,c7b247b2f54f81e38958b8c07b59e3d8,2263,2367,JPEG
IMG_0290_00003.jpg,1865368,IMG_0290.jpg,74975b0ce5c9edd0da5a370ecb7f0035,2263,2367,JPEG
IMG_0290_00004.jpg,1714450,IMG_0290.jpg,c3f675051d88c80cb03fff311cce4761,2263,2367,JPEG
IMG_0290_00005.jpg,1695304,IMG_0290.jpg,c7d486b91630af143bb1bec2375ce6c0,2263,2367,JPEG
IMG_0290_00006.jpg,1723159,IMG_0290.jpg,3c85cb2ee1ef29c88a42c63a1ea2f7db,2263,2367,JPEG
IMG_0290_00007.jpg,1777050,IMG_0290.jpg,4fdb74d18ecf3a7ecc11d8b1a1c0a8db,2263,2367,JPEG
IMG_0290_00008.jpg,1658338,IMG_0290.jpg,5e6fb7b80aca61154f6bf1f86d26b4e5,2263,2367,JPEG
IMG_0290_00009.jpg,1805194,IMG_0290.jpg,13ec9208c0339b0bd7fbf1011ab35f78,2263,2367,JPEG
IMG_0290_00010.jpg,1700512,IMG_0290.jpg,3edfb25675f0ee0e09ec24fad3e3cc4d,2263,2367,JPEG
IMG_0291_00001.jpg,2784419,IMG_0291.jpg,63f28dd4273ca77b18629449d42273fc,3289,2395,JPEG
IMG_0291_00002.jpg,2571504,IMG_0291.jpg,9dbf29a7b9b35aa73589ed4d18d94049,3289,2395,JPEG
IMG_0291_00003.jpg,2887330,IMG_0291.jpg,dfb4f6817b765e416fc7a524d7f5ae3c,3289,2395,JPEG
IMG_0291_00004.jpg,2640256,IMG_0291.jpg,ace424de388265ca41169952b7fffae9,3289,2395,JPEG
IMG_0291_00005.jpg,2583042,IMG_0291.jpg,a9ba1422d6103f7d5f33caa26ed81f2f,3289,2395,JPEG
IMG_0291_00006.jpg,2920189,IMG_0291.jpg,55759c5eebcbb1e555d66e248c1a9f4c,3289,2395,JPEG
IMG_0291_00007.jpg,2816984,IMG_0291.jpg,16a41c00a6397ea4f22d20bd89db66e1,3289,2395,JPEG
IMG_0291_00008.jpg,2635545,IMG_0291.jpg,67fcf6f874c4e2ec045315574769b243,3289,2395,JPEG
IMG_0291_00009.jpg,2660938,IMG_0291.jpg,28bae9327bdd60d6ed7f33157b88ac4f,3289,2395,JPEG
IMG_0291_00010.jpg,2670504,IMG_0291.jpg,16585a236c91538c9f7ec391a3f9c714,3289,2395,JPEG
IMG_0292_00001.jpg,1896891,IMG_0292.jpg,62e86130cacd54fd6014f50ad22ad676,4776,1178,JPEG
IMG_0292_00002.jpg,2496181,IMG_0292.jpg,048b4889f4b13bd6f02af1e0d2421ee6,4776,1178,JPEG
IMG_0292_00003.jpg,2151467,IMG_0292.jpg,52a573415ee25b82a21a3f3769d28511,4776,1178,JPEG
IMG_0292_00004.jpg,2193353,IMG_0292.jpg,3763b5b12b25f39dbee32d18ad89e476,4776,1178,JPEG
IMG_0292_00005.jpg,2302475,IMG_0292.jpg,0710425469a9dd92e33e29efeba14ef5,4776,1178,JPEG
IMG_0292_00006.jpg,2190656,IMG_0292.jpg,14d49690150604c9d876eba6031428c7,4776,1178,JPEG
IMG_0292_00007.jpg,2166528,IMG_0292.jpg,ed2804427a2a6c4e50c92b7f2aafc9d6,4776,1178,JPEG
IMG_0292_00008.jpg,2044591,IMG_0292.jpg,9f90c904ece1f0de43a8a50ad5746b27,4776,1178,JPEG
IMG_0292_00009.jpg,1900697,IMG_0292.jpg,b393c8fd95704df7cde0bbadca3b439a,4776,1178,JPEG
IMG_0292_00010.jpg,1995961,IMG_0292.jpg,8e8602aa9f006ae2c65962d297b636f7,4776,1178,JPEG
IMG_0293_00001.jpg,1066415,IMG_0293.jpg,6739bcffb32fb7271edfb5f13dbb71c8,2200,1446,JPEG
IMG_0293_00002.jpg,1122326,IMG_0293.jpg,8a23d254b0e197fe4e56cfca555cf0fa,2200,1446,JPEG
IMG_0293_00003.jpg,1108854,IMG_0293.jpg,3196382fbf7aaba3b5d913aee1a8d96e,2200,1446,JPEG
IMG_0293_00004.jpg,1187551,IMG_0293.jpg,032723c52846a5b9875af7baf8e57eee,2200,1446,JPEG
IMG_0293_00005.jpg,1086610,IMG_0293.jpg,924502d3d2bf58daa8e772e263a08b52,2200,1446,JPEG
IMG_0293_00006.jpg,1196934,IMG_0293.jpg,162bfc8057a2a212e55e72d3afb00516,2200,1446,JPEG
IMG_0293_00007.jpg,1039990,IMG_0293.jpg,de95cc582af1dc85e3271d9a07c557ce,2200,1446,JPEG
IMG_0293_00008.jpg,1121184,IMG_0293.jpg,b75cbc1dceda4adb85b21fd78c6cad4e,2200,1446,JPEG
IMG_0293_00009.jpg,999527,IMG_0293.jpg,1e981f1c9f08296f74c4c369687a797f,2200,1446,JPEG
IMG_0293_00010.jpg,1076503,IMG_0293.jpg,03cc50dce691ed0a35c72753a4ede067,2200,1446,JPEG
IMG_0294_00001.jpg,821552,IMG_0294.jpg,7625c4e1fee3ce67a5382007f52b176b,2427,907,JPEG
IMG_0294_00002.jpg,819775,IMG_0294.jpg,c503e3cb130e659fde71cceb17003745,2427,907,JPEG
IMG_0294_00003.jpg,972962,IMG_0294.jpg,9e606503038e2e254c702c5808cf2ecb,2427,907,JPEG
IMG_0294_00004.jpg,821319,IMG_0294.jpg,72a64bc483783b2fcc61257e759eb183,2427,907,JPEG
IMG_0294_00005.jpg,925851,IMG_0294.jpg,5135e100040a4efb7c1dab65b112806e,2427,907,JPEG
IMG_0294_00006.jpg,885204,IMG_0294.jpg,cdbe1d1d3c08f5892b838f9b33e32b58,2427,907,JPEG
IMG_0294_00007.jpg,986524,IMG_0294.jpg,c08410a3c1afa008ff6da1d09c4949d9,2427,907,JPEG
IMG_0294_00008.jpg,897105,IMG_0294.jpg,c18226e925d9139610d0cf88a9966cb2,2427,907,JPEG
IMG_0294_00009.jpg,831458,IMG_0294.jpg,778c3353d1cbc29b1680a9b0729e4cf1,2427,907,JPEG
IMG_0294_00010.jpg,766386,IMG_0294.jpg,866715f028c0088ca1c5cc2234875cd0,2427,907,JPEG
India_0001_00001.jpg,1410541,India_0001.jpg,45a957a9c10fe8ab32877227601c5caa,2246,2151,JPEG
India_0001_00002.jpg,1546005,India_0001.jpg,de09e992223fbb7dd446b3ffc48ff28f,2246,2151,JPEG
India_0001_00003.jpg,1350270,India_0001.jpg,89914cd4f80b21579eecc4f5e501edb8,2246,2151,JPEG
India_0001_00004.jpg,1363402,India_0001.jpg,d99d8d2bf0d5fe714b4d69c875d24e87,2246,2151,JPEG
India_0001_00005.jpg,1454407,India_0001.jpg,1c39734210e40347f25187df61f84d03,2246,2151,JPEG
India_0001_00006.jpg,1371009,India_0001.jpg,a23aa28234b1c2901a6fb4294d737801,2246,2151,JPEG
India_0001_00007.jpg,1510999,India_0001.jpg,0d11d5526d2d7277ea15b4f417728b9b,2246,2151,JPEG
India_0001_00008.jpg,1346727,India_0001.jpg,8146cf71d94817862e6fb984e2b7a6d7,2246,2151,JPEG
India_0001_00009.jpg,1333672,India_0001.jpg,16cd6bd2d61628da99f5a2bd13cd671d,2246,2151,JPEG
India_0001_00010.jpg,1290631,India_0001.jpg,ff7fd6541b5e473b8a02f4d69209cd77,2246,2151,JPEG
India_0002_00001.jpg,9614153,India_0002.jpg,b909bc06a6e7db179a283f76d312e534,5096,6864,JPEG
India_0002_00002.jpg,9938220,India_0002.jpg,29a2e3355e875202d721d5fe3845dd0a,5096,6864,JPEG
India_0002_00003.jpg,9325663,India_0002.jpg,bb1ff92b588c6b32726b013fdd508bb6,5096,6864,JPEG
India_0002_00004.jpg,9941504,India_0002.jpg,2914ff697224768ddd7a14423e5202ec,5096,6864,JPEG
India_0002_00005.jpg,9360265,India_0002.jpg,ce69bcc40a7067532e7548647dd35f32,5096,6864,JPEG
India_0002_00006.jpg,9238958,India_0002.jpg,037f62c0e9357250cd434c94e73b3d4f,5096,6864,JPEG
India_0002_00007.jpg,9187974,India_0002.jpg,9c54a5e591c2f8e25baa27297ceee56b,5096,6864,JPEG
India_0002_00008.jpg,9667251,India_0002.jpg,be78b33b79555c0ddd4933a27ec1bdd8,5096,6864,JPEG
India_0002_00009.jpg,9260943,India_0002.jpg,38d7799eabc36d39c4dd371cccb5ece0,5096,6864,JPEG
India_0002_00010.jpg,9162430,India_0002.jpg,feced7dc00935f2d8ddffe60bd2b13d2,5096,6864,JPEG
India_0003_00001.jpg,6355227,India_0003.jpg,3da9458723ef3cabbe4fb839b9105a31,4499,4529,JPEG
India_0003_00002.jpg,6220334,India_0003.jpg,a269a25885199e43ac480b5a295d7cf9,4499,4529,JPEG
India_0003_00003.jpg,6269823,India_0003.jpg,b0e0a21d2b47a485c12bc320d48e0434,4499,4529,JPEG
India_0003_00004.jpg,6602279,India_0003.jpg,f2be99de98b029e31d189267d4dd3f62,4499,4529,JPEG
India_0003_00005.jpg,6508023,India_0003.jpg,2c55c733a75721ea3b175207c1a5c69e,4499,4529,JPEG
India_0003_00006.jpg,6263162,India_0003.jpg,db8af0a228bbeeeaa75bf32890ada2f5,4499,4529,JPEG
India_0003_00007.jpg,6257434,India_0003.jpg,e90b0a04a8e03ff045079b875faac5a6,4499,4529,JPEG
India_0003_00008.jpg,6260959,India_0003.jpg,bda78e072c0cc2a2eb46ca2daac1541f,4499,4529,JPEG
India_0003_00009.jpg,6356501,India_0003.jpg,685a22f83623dff1cd0fac4c20cdd4e3,4499,4529,JPEG
India_0003_00010.jpg,6248556,India_0003.jpg,2b0fdf891617af766ebca754e2e345b5,4499,4529,JPEG
India_0004_00001.jpg,3091143,India_0004.jpg,ed9d7b36c666e04557a9468bf621eff5,2946,3425,JPEG
India_0004_00002.jpg,3140010,India_0004.jpg,50f4c0544be3de239ce08613d6669fbb,2946,3425,JPEG
India_0004_00003.jpg,3410382,India_0004.jpg,68616ca5f113b1663565462b9fc74b34,2946,3425,JPEG
India_0004_00004.jpg,3107611,India_0004.jpg,4d3ff75be13d176d267c59d4bee1decc,2946,3425,JPEG
India_0004_00005.jpg,3112057,India_0004.jpg,95410de5faca03edd4bb63481d6b93df,2946,3425,JPEG
India_0004_00006.jpg,3030964,India_0004.jpg,4a7371c556c51d33399eae396a064385,2946,3425,JPEG
India_0004_00007.jpg,3113803,India_0004.jpg,b24febd8c11693dcde1c0184e01d8d5a,2946,3425,JPEG
India_0004_00008.jpg,3034013,India_0004.jpg,5cbc82fb8df9f61e39fb55b8fdd867da,2946,3425,JPEG
India_0004_00009.jpg,3121246,India_0004.jpg,cbbcec1580890acad3d69dadd30fc8a7,2946,3425,JPEG
India_0004_00010.jpg,3109484,India_0004.jpg,2a274f7e792f54348e48f71112bde4ae,2946,3425,JPEG
India_0005_00001.jpg,9690809,India_0005.jpg,8bbb4a99a1db3d1b818107a132e529a4,5096,6568,JPEG
India_0005_00002.jpg,9909130,India_0005.jpg,be101fef46e2b0a8f680bdb0856acbdc,5096,6568,JPEG
India_0005_00003.jpg,9639623,India_0005.jpg,0317a5751af9c138f2fcfe9b0a6991a7,5096,6568,JPEG
India_0005_00004.jpg,9791440,India_0005.jpg,801a8d51f616b6969d06986e92daad7d,5096,6568,JPEG
India_0005_00005.jpg,9766876,India_0005.jpg,01696c4554ca64eb015e51ab45817b58,5096,6568,JPEG
India_0005_00006.jpg,9505743,India_0005.jpg,147eb8cabd933e0255687df605e7ac13,5096,6568,JPEG
India_0005_00007.jpg,9755766,India_0005.jpg,62ca755919227915043e23ba743c59ee,5096,6568,JPEG
India_0005_00008.jpg,9787466,India_0005.jpg,5ec69ffd0da5aaf0d65616caf0862ecf,5096,6568,JPEG
India_0005_00009.jpg,9823283,India_0005.jpg,99066b9cd843d6a752bdf368ded0f311,5096,6568,JPEG
India_0005_00010.jpg,9952632,India_0005.jpg,794e964fa5c12b8cf50124c06ab8b82b,5096,6568,JPEG
India_0006_00001.jpg,7135512,India_0006.jpg,e24a84ccdefdbda5bbaef391cf03b5f8,5036,4908,JPEG
India_0006_00002.jpg,7289109,India_0006.jpg,30ef8af52aa7b9ce1bd93e5c7bb29dcd,5036,4908,JPEG
India_0006_00003.jpg,6816698,India_0006.jpg,26f00dff71bd54fd6a3d5c835b3f0c63,5036,4908,JPEG
India_0006_00004.jpg,7150086,India_0006.jpg,899d8358d96bdf3ef6bdb416c2ed4bd1,5036,4908,JPEG
India_0006_00005.jpg,6766488,India_0006.jpg,81d82abf9dccbaad3324f06e68b3a9a3,5036,4908,JPEG
India_0006_00006.jpg,6774587,India_0006.jpg,191784e3a86f5b4f5f064e5441930c3e,5036,4908,JPEG
India_0006_00007.jpg,7453264,India_0006.jpg,9bca2b2fb2c2d493867fa8da519ac939,5036,4908,JPEG
India_0006_00008.jpg,6731318,India_0006.jpg,f78e22ea27f34aa5962663676df5e533,5036,4908,JPEG
India_0006_00009.jpg,6784044,India_0006.jpg,aae4e982f520f796f4b3c3c7393d2dd1,5036,4908,JPEG
India_0006_00010.jpg,6719347,India_0006.jpg,118ba9ae2e51b68d7c6f5a7191f9c231,5036,4908,JPEG
India_0007_00001.jpg,8271363,India_0007.jpg,bd455182e61da60247aef2c7b806e17b,4828,6584,JPEG
India_0007_00002.jpg,8689215,India_0007.jpg,025748dac9dbc4c590da457025dc49a5,4828,6584,JPEG
India_0007_00003.jpg,8721669,India_0007.jpg,8891f170d5fe3e48bd621f44d4b227a7,4828,6584,JPEG
India_0007_00004.jpg,8402155,India_0007.jpg,c41597873dc3deb0e7c185371f7be20b,4828,6584,JPEG
India_0007_00005.jpg,8371347,India_0007.jpg,cc47ba2304a2613c9a633f6361fea4bd,4828,6584,JPEG
India_0007_00006.jpg,8495125,India_0007.jpg,d251badcb0f031cab589233910f78276,4828,6584,JPEG
India_0007_00007.jpg,8883421,India_0007.jpg,b6fa7c647b29f57f9160bcf269f156e3,4828,6584,JPEG
India_0007_00008.jpg,8497102,India_0007.jpg,365a71e77bdc78911daeae297e2a72e3,4828,6584,JPEG
India_0007_00009.jpg,8417894,India_0007.jpg,c967909017f3c8307b8ccb4f9c7bf66d,4828,6584,JPEG
India_0007_00010.jpg,8983991,India_0007.jpg,93ca5152ac41772c1b9dcb21fe96ca17,4828,6584,JPEG
India_0008_00001.jpg,11410554,India_0008.jpg,7df9885892e816b5e68ffc6435f9b8b1,4824,6288,JPEG
India_0008_00002.jpg,11373632,India_0008.jpg,debcb98331eb22aedfb65394c6c4f4bf,4824,6288,JPEG
India_0008_00003.jpg,11474694,India_0008.jpg,c344388a928c52ad6f8aa1a69d9bae2b,4824,6288,JPEG
India_0008_00004.jpg,11591289,India_0008.jpg,a532bbe7f4b533dbc278c246bb1cd76a,4824,6288,JPEG
India_0008_00005.jpg,11519858,India_0008.jpg,934936415129c3dc629abb8ec86eedaf,4824,6288,JPEG
India_0008_00006.jpg,11361969,India_0008.jpg,c1c15769a0ba87f940c964833ced78b8,4824,6288,JPEG
India_0008_00007.jpg,11290910,India_0008.jpg,52292aad6c59885cf6f1ab6b10fd3c44,4824,6288,JPEG
India_0008_00008.jpg,11511017,India_0008.jpg,6768e7f003c5d3d275dfed98e4158520,4824,6288,JPEG
India_0008_00009.jpg,11377978,India_0008.jpg,23ca4985b56d8ff99e7bb7875e764eef,4824,6288,JPEG
India_0008_00010.jpg,11289708,India_0008.jpg,3d986c804681c9f5b40dc6fa0ef3a29b,4824,6288,JPEG
India_0009_00001.jpg,1811339,India_0009.jpg,a54bc2d08ff60b4a15a4a0671f208eb1,2209,2512,JPEG
India_0009_00002.jpg,1804277,India_0009.jpg,0ccee1c2591a210d017d66ea5b621de3,2209,2512,JPEG
India_0009_00003.jpg,2045810,India_0009.jpg,36325d06061938b0a1bf822a698c5512,2209,2512,JPEG
India_0009_00004.jpg,1962622,India_0009.jpg,22a1f0eb1f8e5dc6a16fa3226eaacd18,2209,2512,JPEG
India_0009_00005.jpg,1946521,India_0009.jpg,3bd71e3868e69d32a0a25917908ef62d,2209,2512,JPEG
India_0009_00006.jpg,1901779,India_0009.jpg,8a1b07bcd36e38b59ccefd3832a56d4e,2209,2512,JPEG
India_0009_00007.jpg,1905514,India_0009.jpg,eddeb55401360f47c5264a6d5251b716,2209,2512,JPEG
India_0009_00008.jpg,1902692,India_0009.jpg,2d45a36d6ff30631c0bf494596608fee,2209,2512,JPEG
India_0009_00009.jpg,1805124,India_0009.jpg,7ea575a2cd10e49d43da8db83c1ab235,2209,2512,JPEG
India_0009_00010.jpg,1904285,India_0009.jpg,f26f231397e3728ed5a0f57dd05e8154,2209,2512,JPEG
India_0010_00001.jpg,11523280,India_0010.jpg,1889ab57472fc4f8b7992edc2532e5b7,5096,6592,JPEG
India_0010_00002.jpg,11401951,India_0010.jpg,3a581c7139c4d56a2282a702a50e2452,5096,6592,JPEG
India_0010_00003.jpg,11315059,India_0010.jpg,4e357ba1dcb56d3775b78b3c06e26234,5096,6592,JPEG
India_0010_00004.jpg,11097967,India_0010.jpg,927eedebb4ed03ba43ab40aa740539cd,5096,6592,JPEG
India_0010_00005.jpg,11151928,India_0010.jpg,2aac16c136b259aa2a8fb2e5cef001cd,5096,6592,JPEG
India_0010_00006.jpg,11336549,India_0010.jpg,303c7925ee120dd1460db7b35a6dbdd2,5096,6592,JPEG
India_0010_00007.jpg,11093885,India_0010.jpg,41ca5edd4ce0c3baca8b5cbaa8f29ee3,5096,6592,JPEG
India_0010_00008.jpg,11264421,India_0010.jpg,d7f86ccf7d98276aeaac43268257ada8,5096,6592,JPEG
India_0010_00009.jpg,11195512,India_0010.jpg,db0a2bd9f8596e7375ba797be4551ac9,5096,6592,JPEG
India_0010_00010.jpg,11119853,India_0010.jpg,2c5d6e85b70b9685108a970b04afa611,5096,6592,JPEG
India_0011_00001.jpg,11727909,India_0011.jpg,c8e93f154336d3c041705e481307a6f7,5096,6592,JPEG
India_0011_00002.jpg,11325557,India_0011.jpg,660d537a1e0573771ea38464095c9b36,5096,6592,JPEG
India_0011_00003.jpg,11513274,India_0011.jpg,19105ea65b5e027ef81f87d08d21f7e9,5096,6592,JPEG
India_0011_00004.jpg,11313921,India_0011.jpg,8e8d53230c3652998d856e4681f613d2,5096,6592,JPEG
India_0011_00005.jpg,11368327,India_0011.jpg,a2a2c7152ecc5fb51aa33de1c0ab3902,5096,6592,JPEG
India_0011_00006.jpg,11520252,India_0011.jpg,5a59888f54ef963369939218a0767940,5096,6592,JPEG
India_0011_00007.jpg,11437555,India_0011.jpg,7612ace3ca766af8462f5d871709c579,5096,6592,JPEG
India_0011_00008.jpg,11352269,India_0011.jpg,945f6d44ca5cbedae3e43da3f10f47c0,5096,6592,JPEG
India_0011_00009.jpg,11543592,India_0011.jpg,8e1321727f52ec8eae5fc6987c67053b,5096,6592,JPEG
India_0011_00010.jpg,11472371,India_0011.jpg,8441cea7d24f4bcf455f66562e938336,5096,6592,JPEG
India_0012_00001.jpg,6258655,India_0012.jpg,a724d2c536416b15ea050a3134ae67f9,4979,3818,JPEG
India_0012_00002.jpg,6113990,India_0012.jpg,26b479c7d59368d1e0b58475e16b3c11,4979,3818,JPEG
India_0012_00003.jpg,6226250,India_0012.jpg,ad052b8d8c553b77c8c891f5aa1c8df5,4979,3818,JPEG
India_0012_00004.jpg,6134172,India_0012.jpg,661c84f26e5bf38386b0614db934f91a,4979,3818,JPEG
India_0012_00005.jpg,6139067,India_0012.jpg,0391e85232394a23766f8ed65c6a01cb,4979,3818,JPEG
India_0012_00006.jpg,6333522,India_0012.jpg,1065393dfe7a5fe471e1d48c397e5994,4979,3818,JPEG
India_0012_00007.jpg,6286029,India_0012.jpg,5ceda96af4614331fa4e39a7effe2e41,4979,3818,JPEG
India_0012_00008.jpg,6143808,India_0012.jpg,35469eb35e323d53ced438dee99b7753,4979,3818,JPEG
India_0012_00009.jpg,6265368,India_0012.jpg,09e1030bd90ee529586b6b5a78f156db,4979,3818,JPEG
India_0012_00010.jpg,6540612,India_0012.jpg,5ace870a3a4a86ca91dd9707d1539891,4979,3818,JPEG
India_0013_00001.jpg,1578647,India_0013.jpg,245de24bef8898af7eaed9d734aa14db,3275,1469,JPEG
India_0013_00002.jpg,1620421,India_0013.jpg,bc16093ff5b3bc34e38256c1d5158d9a,3275,1469,JPEG
India_0013_00003.jpg,1569272,India_0013.jpg,4c364a592a0ee1df44e160a35be865a3,3275,1469,JPEG
India_0013_00004.jpg,1644757,India_0013.jpg,f14d2271ab82c50d8a8242aa9e2ff75d,3275,1469,JPEG
India_0013_00005.jpg,1592872,India_0013.jpg,eaf4d91b8303833c747e8648d8ec5a2a,3275,1469,JPEG
India_0013_00006.jpg,1665195,India_0013.jpg,a2be938c44de8918153e837baa74909b,3275,1469,JPEG
India_0013_00007.jpg,1667934,India_0013.jpg,7bfcaca5494cfc0831798f9e38434ffc,3275,1469,JPEG
India_0013_00008.jpg,1580951,India_0013.jpg,4bc9bc4d05d4fd1df5728ab89ec6659d,3275,1469,JPEG
India_0013_00009.jpg,1514709,India_0013.jpg,b3e9f83009d52934460db7e0f6495131,3275,1469,JPEG
India_0013_00010.jpg,1612337,India_0013.jpg,d6563f343c7e890b3eb427223695c138,3275,1469,JPEG
India_0014_00001.jpg,2340370,India_0014.jpg,cb2b4c149ff980295d79949904973797,2746,2488,JPEG
India_0014_00002.jpg,2390920,India_0014.jpg,84ee78427e905acb5669399b5b7334ca,2746,2488,JPEG
India_0014_00003.jpg,2430719,India_0014.jpg,29d1946074b0444594978a6f282a6cb1,2746,2488,JPEG
India_0014_00004.jpg,2338643,India_0014.jpg,055a43c96348f4695cb5439495dd69af,2746,2488,JPEG
India_0014_00005.jpg,2298219,India_0014.jpg,226c30439864c36dd2616eb12c7506c0,2746,2488,JPEG
India_0014_00006.jpg,2313378,India_0014.jpg,7d27960060fa0ee0944e1fad05126f3d,2746,2488,JPEG
India_0014_00007.jpg,2466836,India_0014.jpg,1aadd706552766440f1a6b651ae384a5,2746,2488,JPEG
India_0014_00008.jpg,2302886,India_0014.jpg,90160f2ef4d8f8f582a2def46ebd78a1,2746,2488,JPEG
India_0014_00009.jpg,2371541,India_0014.jpg,7b27f3500aab122f71cfd435af302ec3,2746,2488,JPEG
India_0014_00010.jpg,2343413,India_0014.jpg,f828d0047cead6d7c5d036c67eca196f,2746,2488,JPEG
India_0015_00001.jpg,4692692,India_0015.jpg,594b8bf08d592765664ae55ab67d4c10,3776,4464,JPEG
India_0015_00002.jpg,4699499,India_0015.jpg,f6ef609bcaa5084096b62652827a8096,3776,4464,JPEG
India_0015_00003.jpg,4866123,India_0015.jpg,d01e36b85ca3f9002b7fae542f8a9d62,3776,4464,JPEG
India_0015_00004.jpg,5094213,India_0015.jpg,008fad5a64a0a3b4392871a12fc9659c,3776,4464,JPEG
India_0015_00005.jpg,4766708,India_0015.jpg,6c996db4080548d4d49f65ad5f09096a,3776,4464,JPEG
India_0015_00006.jpg,4817183,India_0015.jpg,2d265b0931b127020392a4c6068c038c,3776,4464,JPEG
India_0015_00007.jpg,4735620,India_0015.jpg,d83c9001eff7a2cfc759e3438d7c2613,3776,4464,JPEG
India_0015_00008.jpg,4880656,India_0015.jpg,a351069dff2d9eeecfa44632831e68e0,3776,4464,JPEG
India_0015_00009.jpg,4812690,India_0015.jpg,aca2ca07c8dd2f75eaf84e419dfd388b,3776,4464,JPEG
India_0015_00010.jpg,4958005,India_0015.jpg,c970d63176c3c11a189e9eb06f657fa7,3776,4464,JPEG
India_0016_00001.jpg,2963577,India_0016.jpg,c4b3456ef236802c566243984ce09dc9,2301,3817,JPEG
India_0016_00002.jpg,2957674,India_0016.jpg,fe53d07d213212b48812db8976561ba5,2301,3817,JPEG
India_0016_00003.jpg,3043805,India_0016.jpg,1f4e3958ccf346b4c807904b2d68907d,2301,3817,JPEG
India_0016_00004.jpg,2956323,India_0016.jpg,d46c369fe2ef87ef24e5adeadf06c323,2301,3817,JPEG
India_0016_00005.jpg,2967150,India_0016.jpg,933001286a1f5da7d1e50dd5bfb61b05,2301,3817,JPEG
India_0016_00006.jpg,3063598,India_0016.jpg,54b10b7cbf3d4712b08f6aaaad7f4878,2301,3817,JPEG
India_0016_00007.jpg,2910160,India_0016.jpg,d0630fbf50c4cc9bb57d8da82e59bd4b,2301,3817,JPEG
India_0016_00008.jpg,3218632,India_0016.jpg,9f47782ae3585cd7b5d083c0f4363d78,2301,3817,JPEG
India_0016_00009.jpg,3061265,India_0016.jpg,f5f12d1a36b715a8fe93da23308f85b9,2301,3817,JPEG
India_0016_00010.jpg,3081401,India_0016.jpg,a767391bf4ed08eaf4a98d68e9acdad0,2301,3817,JPEG
India_0017_00001.jpg,4492560,India_0017.jpg,5af211034cfeb52582210da2283c7b4d,3363,4373,JPEG
India_0017_00002.jpg,4254742,India_0017.jpg,d4aed864f6f185e5daffef89597bb82d,3363,4373,JPEG
India_0017_00003.jpg,4350311,India_0017.jpg,0acb701ff976a01fcae84775da931431,3363,4373,JPEG
India_0017_00004.jpg,4202626,India_0017.jpg,813919569b83eb8e7377b1e80295a966,3363,4373,JPEG
India_0017_00005.jpg,4214610,India_0017.jpg,de1c9177a086d7f6c7f9dc6f7757a79c,3363,4373,JPEG
India_0017_00006.jpg,4412636,India_0017.jpg,b1ed2fecbfdb9fbf45781d0a00a72cad,3363,4373,JPEG
India_0017_00007.jpg,4267483,India_0017.jpg,3d475a445e77534d1995c9d7d72e050d,3363,4373,JPEG
India_0017_00008.jpg,4362755,India_0017.jpg,2e12c452d2226103597f89fa892011b8,3363,4373,JPEG
India_0017_00009.jpg,4322129,India_0017.jpg,24fbb32453d64ed22ec76e02cf9065fd,3363,4373,JPEG
India_0017_00010.jpg,4372202,India_0017.jpg,a7a3b57c32d63b3135d9f502bb4df524,3363,4373,JPEG
India_0018_00001.jpg,1869026,India_0018.jpg,f8bc498692cabba651ac62370e66d6b2,2280,2670,JPEG
India_0018_00002.jpg,1928917,India_0018.jpg,5da20a8067a834f9e9dab346c489ddf3,2280,2670,JPEG
India_0018_00003.jpg,2005598,India_0018.jpg,95b808eb73691de9b68b50ba14cb2302,2280,2670,JPEG
India_0018_00004.jpg,1974556,India_0018.jpg,97fbda5f0b277e8ccff7a00aefc8bcb4,2280,2670,JPEG
India_0018_00005.jpg,2020491,India_0018.jpg,98a459cd2ca13b98106f37afc395eb56,2280,2670,JPEG
India_0018_00006.jpg,1995316,India_0018.jpg,1cb6bc5ab8f82d06de726c70f2cfd893,2280,2670,JPEG
India_0018_00007.jpg,1926979,India_0018.jpg,36e4b9a1e3fe8a6822c665a3759d2337,2280,2670,JPEG
India_0018_00008.jpg,1975732,India_0018.jpg,c069da19f0d9f8c1a4d8d6a078b2ea9c,2280,2670,JPEG
India_0018_00009.jpg,2005581,India_0018.jpg,ec78f5eaa2ae6cf7c23112b56196af6a,2280,2670,JPEG
India_0018_00010.jpg,2015243,India_0018.jpg,b01e2586345e40d92a21ecb620ed309f,2280,2670,JPEG
India_0019_00001.jpg,11293775,India_0019.jpg,8a8b42e41e4c087f2127103ee26ddd02,5096,6584,JPEG
India_0019_00002.jpg,11227382,India_0019.jpg,d9d4b729175191f581428d94cdeeaebf,5096,6584,JPEG
India_0019_00003.jpg,11313093,India_0019.jpg,da07ddc3f79b30a703d1834ed77c356f,5096,6584,JPEG
India_0019_00004.jpg,11241648,India_0019.jpg,a88958577fad211103e0afef265a8c7b,5096,6584,JPEG
India_0019_00005.jpg,11294031,India_0019.jpg,edc4f398f49e65a02a1d548612e42daf,5096,6584,JPEG
India_0019_00006.jpg,11260649,India_0019.jpg,c3a1a3ef20bd0bf4c82e005e15ec4314,5096,6584,JPEG
India_0019_00007.jpg,11101799,India_0019.jpg,09e94e4456e3c884efd4004e8f662069,5096,6584,JPEG
India_0019_00008.jpg,11286502,India_0019.jpg,9ad68ae57843bf0ca6a190d9ecf84e63,5096,6584,JPEG
India_0019_00009.jpg,11541411,India_0019.jpg,fe875cb55853e23cdca73ade86455df3,5096,6584,JPEG
India_0019_00010.jpg,11183274,India_0019.jpg,c30370aab1df924f80e4374df6fb18f1,5096,6584,JPEG
India_0020_00001.jpg,11776264,India_0020.jpg,9b46d1ba45f4804d19baf77b15a6d8e6,5096,6712,JPEG
India_0020_00002.jpg,12179480,India_0020.jpg,c0150df1367c00a86117e10101fc2e40,5096,6712,JPEG
India_0020_00003.jpg,11729115,India_0020.jpg,1e2324cb10429c40bf4f53e98a4f3808,5096,6712,JPEG
India_0020_00004.jpg,11956679,India_0020.jpg,97d2919431e5a4e4b0bc25f6bd0ff33e,5096,6712,JPEG
India_0020_00005.jpg,11788009,India_0020.jpg,5c1ad4ddd87f43399801f8e89f7f5adb,5096,6712,JPEG
India_0020_00006.jpg,12382940,India_0020.jpg,ec4f8f5948b24170dc961c8b7fde34b5,5096,6712,JPEG
India_0020_00007.jpg,11945160,India_0020.jpg,74163bb7df75af5c85b82cea953b53eb,5096,6712,JPEG
India_0020_00008.jpg,11977346,India_0020.jpg,b90152ee47dfe9375b80089273bda6b8,5096,6712,JPEG
India_0020_00009.jpg,11974976,India_0020.jpg,d51d1a870e7804af5a8acb4577b4f3e2,5096,6712,JPEG
India_0020_00010.jpg,11945441,India_0020.jpg,f91f4f3d6155d16095b5bc6fa9de1897,5096,6712,JPEG
India_0021_00001.jpg,7014936,India_0021.jpg,d1a2876bed3d22ea3137f8a51a5b5ef3,4169,5344,JPEG
India_0021_00002.jpg,7190198,India_0021.jpg,55508d6fe65f2cedf24e692bc4327cf5,4169,5344,JPEG
India_0021_00003.jpg,7109348,India_0021.jpg,b50cb0d1abdc98ff1109834b6f5d5bcd,4169,5344,JPEG
India_0021_00004.jpg,7186126,India_0021.jpg,c21a036c5fdfe9e3a224657a222785bc,4169,5344,JPEG
India_0021_00005.jpg,7350568,India_0021.jpg,6619f11a643f33082d8d9e12e385a361,4169,5344,JPEG
India_0021_00006.jpg,7143126,India_0021.jpg,c7f816513966b32927f1b944e3fb83f2,4169,5344,JPEG
India_0021_00007.jpg,7434677,India_0021.jpg,a58042c9054d28ea561730384aac0c1e,4169,5344,JPEG
India_0021_00008.jpg,7193061,India_0021.jpg,1c5b2dc8606cdae80dd13bf8d77b895a,4169,5344,JPEG
India_0021_00009.jpg,7224121,India_0021.jpg,c11515796f0242d1074ff1d3a7dfa754,4169,5344,JPEG
India_0021_00010.jpg,7109496,India_0021.jpg,d5657b61f3ac1f4873469f2566f47990,4169,5344,JPEG
Office sketches 3x5_Page_01_00001.jpg,1291042,Office sketches 3x5_Page_01.jpg,6684ae6e287e90b22e6282cfb1f8a99c,2433,4035,JPEG
Office sketches 3x5_Page_01_00002.jpg,1567829,Office sketches 3x5_Page_01.jpg,acf7760fad1fac0ce6ce6a1361943ef2,2433,4035,JPEG
Office sketches 3x5_Page_01_00003.jpg,1270729,Office sketches 3x5_Page_01.jpg,d8a7e2cd9080d62c2c3cb5cbd1c2c217,2433,4035,JPEG
Office sketches 3x5_Page_01_00004.jpg,1221383,Office sketches 3x5_Page_01.jpg,9ec1a18ec6a71a9bab35cf00ee20eb6e,2433,4035,JPEG
Office sketches 3x5_Page_01_00005.jpg,1271529,Office sketches 3x5_Page_01.jpg,c4fb110c80eebccbf897a878da44b9da,2433,4035,JPEG
Office sketches 3x5_Page_01_00006.jpg,1206542,Office sketches 3x5_Page_01.jpg,22c17249dfdcc269b4dfd5510bebff5b,2433,4035,JPEG
Office sketches 3x5_Page_01_00007.jpg,1491019,Office sketches 3x5_Page_01.jpg,3209f547bd37e4cc29141ae00aa9ab9a,2433,4035,JPEG
Office sketches 3x5_Page_01_00008.jpg,1265498,Office sketches 3x5_Page_01.jpg,41eafbed30cd785c2b22617f51a024f5,2433,4035,JPEG
Office sketches 3x5_Page_01_00009.jpg,1082965,Office sketches 3x5_Page_01.jpg,fdedeceb4c1a0dbb9be9d082ea16e617,2433,4035,JPEG
Office sketches 3x5_Page_01_00010.jpg,1207857,Office sketches 3x5_Page_01.jpg,7f19a9c073db521d21982473f8942d1c,2433,4035,JPEG
Office sketches 3x5_Page_02_00001.jpg,1668139,Office sketches 3x5_Page_02.jpg,6ff4f97912e5cf941e4b73330aa7dfc4,2329,3868,JPEG
Office sketches 3x5_Page_02_00002.jpg,1666632,Office sketches 3x5_Page_02.jpg,5f2b7a9396faabe9f70538f47e972beb,2329,3868,JPEG
Office sketches 3x5_Page_02_00003.jpg,1553293,Office sketches 3x5_Page_02.jpg,a0bfccbc2f4496aa991d9df1f6a8bab6,2329,3868,JPEG
Office sketches 3x5_Page_02_00004.jpg,1744661,Office sketches 3x5_Page_02.jpg,ea22c3d003d2dcc14be0f9227c50e29f,2329,3868,JPEG
Office sketches 3x5_Page_02_00005.jpg,1497822,Office sketches 3x5_Page_02.jpg,a06111197cdde3f05cbb9b872d3d1a51,2329,3868,JPEG
Office sketches 3x5_Page_02_00006.jpg,1673837,Office sketches 3x5_Page_02.jpg,d637158f4e4799d8140f9608efd81401,2329,3868,JPEG
Office sketches 3x5_Page_02_00007.jpg,1651343,Office sketches 3x5_Page_02.jpg,66496865ec26d0312edd1b05be4f0498,2329,3868,JPEG
Office sketches 3x5_Page_02_00008.jpg,1617915,Office sketches 3x5_Page_02.jpg,826e8ad9495a78844d49a358cffafe57,2329,3868,JPEG
Office sketches 3x5_Page_02_00009.jpg,1656532,Office sketches 3x5_Page_02.jpg,048718707d4dec4b04c2b68b7ce0f310,2329,3868,JPEG
Office sketches 3x5_Page_02_00010.jpg,1524021,Office sketches 3x5_Page_02.jpg,659d396d9bfef617ece5f9707d0fea3b,2329,3868,JPEG
Office sketches 3x5_Page_03_00001.jpg,1803243,Office sketches 3x5_Page_03.jpg,bce0df1beb3cce8ad905a0dff457c653,2495,3920,JPEG
Office sketches 3x5_Page_03_00002.jpg,1705512,Office sketches 3x5_Page_03.jpg,195c3756ebe5e1c2dcfae959a0ed6813,2495,3920,JPEG
Office sketches 3x5_Page_03_00003.jpg,1793080,Office sketches 3x5_Page_03.jpg,2290c3b1ad1362b29b5043a34939ea24,2495,3920,JPEG
Office sketches 3x5_Page_03_00004.jpg,1982121,Office sketches 3x5_Page_03.jpg,6cb93f8b0a690432ea80d2ba961ea5b0,2495,3920,JPEG
Office sketches 3x5_Page_03_00005.jpg,1919908,Office sketches 3x5_Page_03.jpg,48f644b6e85e68a4cbc878e3c8525fad,2495,3920,JPEG
Office sketches 3x5_Page_03_00006.jpg,1889718,Office sketches 3x5_Page_03.jpg,93a44f0bcd4223b3c8e5f2b98fd855ad,2495,3920,JPEG
Office sketches 3x5_Page_03_00007.jpg,1836610,Office sketches 3x5_Page_03.jpg,2cf16ed899eb4d1607aa141d0196c3ff,2495,3920,JPEG
Office sketches 3x5_Page_03_00008.jpg,1890131,Office sketches 3x5_Page_03.jpg,f043092b10baea889f1b71c60c737490,2495,3920,JPEG
Office sketches 3x5_Page_03_00009.jpg,1783052,Office sketches 3x5_Page_03.jpg,a84e22bcfa3b6e3d39de8edd191906a6,2495,3920,JPEG
Office sketches 3x5_Page_03_00010.jpg,1925093,Office sketches 3x5_Page_03.jpg,c1536913a9485b70ea724d5465a712cd,2495,3920,JPEG
Office sketches 3x5_Page_04_00001.jpg,1728025,Office sketches 3x5_Page_04.jpg,38979e95e7ff0bdbd5c52b1a8485b3df,2350,3868,JPEG
Office sketches 3x5_Page_04_00002.jpg,1667771,Office sketches 3x5_Page_04.jpg,bd7e5e9b2eee4d3c480fc811746ea0d0,2350,3868,JPEG
Office sketches 3x5_Page_04_00003.jpg,1787260,Office sketches 3x5_Page_04.jpg,8b3dd9dcca790037b5b7fbf4deb769c3,2350,3868,JPEG
Office sketches 3x5_Page_04_00004.jpg,1657477,Office sketches 3x5_Page_04.jpg,e3be04e1532a0dee787c3299d219f78a,2350,3868,JPEG
Office sketches 3x5_Page_04_00005.jpg,1864659,Office sketches 3x5_Page_04.jpg,7ce993a7de457e1c31ca36440ce4e992,2350,3868,JPEG
Office sketches 3x5_Page_04_00006.jpg,1683412,Office sketches 3x5_Page_04.jpg,52e826f2a3fce16e29081bf3fe5672d5,2350,3868,JPEG
Office sketches 3x5_Page_04_00007.jpg,1571113,Office sketches 3x5_Page_04.jpg,9bbb1de67a48b59796b99f16806dacc6,2350,3868,JPEG
Office sketches 3x5_Page_04_00008.jpg,1754680,Office sketches 3x5_Page_04.jpg,f3f160b6b61ba72fbf25e1f8a428abbe,2350,3868,JPEG
Office sketches 3x5_Page_04_00009.jpg,1610673,Office sketches 3x5_Page_04.jpg,31cb91beb3a7121818854a7780dd27ec,2350,3868,JPEG
Office sketches 3x5_Page_04_00010.jpg,1691942,Office sketches 3x5_Page_04.jpg,1729fc3537ed840b67cf5c495f70d6d9,2350,3868,JPEG
Office sketches 3x5_Page_05_00001.jpg,736516,Office sketches 3x5_Page_05.jpg,98c420a65d1b173ade7468554ad4a322,1757,2672,JPEG
Office sketches 3x5_Page_05_00002.jpg,581165,Office sketches 3x5_Page_05.jpg,ea7e5498bb69da257e7ab4b0df521796,1757,2672,JPEG
Office sketches 3x5_Page_05_00003.jpg,755497,Office sketches 3x5_Page_05.jpg,62a1af0053b280a25183d47ef14aa171,1757,2672,JPEG
Office sketches 3x5_Page_05_00004.jpg,793354,Office sketches 3x5_Page_05.jpg,a15ce594b3b2a211891d8a836dff4594,1757,2672,JPEG
Office sketches 3x5_Page_05_00005.jpg,815612,Office sketches 3x5_Page_05.jpg,591fdbeac7d6c3b345490892e3517f79,1757,2672,JPEG
Office sketches 3x5_Page_05_00006.jpg,579210,Office sketches 3x5_Page_05.jpg,50c764706076e39325d6b51333c30dab,1757,2672,JPEG
Office sketches 3x5_Page_05_00007.jpg,622293,Office sketches 3x5_Page_05.jpg,675b2213b2df45ecd43a5e58e0aa2b08,1757,2672,JPEG
Office sketches 3x5_Page_05_00008.jpg,644764,Office sketches 3x5_Page_05.jpg,0127c5bf8bf5adc369c1f2dd243eb18a,1757,2672,JPEG
Office sketches 3x5_Page_05_00009.jpg,705890,Office sketches 3x5_Page_05.jpg,ece688bc70a8e56ce19e392e53f09204,1757,2672,JPEG
Office sketches 3x5_Page_05_00010.jpg,642897,Office sketches 3x5_Page_05.jpg,7cd5c79338b8b2c4ba43135983473983,1757,2672,JPEG
Office sketches 3x5_Page_06_00001.jpg,1388208,Office sketches 3x5_Page_06.jpg,9ce0c5c204bea0b715b1a14e50655a32,2433,3577,JPEG
Office sketches 3x5_Page_06_00002.jpg,1306875,Office sketches 3x5_Page_06.jpg,9a41b8aabce8cf8572de0bf901379358,2433,3577,JPEG
Office sketches 3x5_Page_06_00003.jpg,1461411,Office sketches 3x5_Page_06.jpg,f5a4a053d3ea9a62845c1ca708044fd6,2433,3577,JPEG
Office sketches 3x5_Page_06_00004.jpg,1127225,Office sketches 3x5_Page_06.jpg,518ed9e5f2802c84bdd6de97c883bf4a,2433,3577,JPEG
Office sketches 3x5_Page_06_00005.jpg,1170363,Office sketches 3x5_Page_06.jpg,965a93af7151b8183103b90b875f2543,2433,3577,JPEG
Office sketches 3x5_Page_06_00006.jpg,1207645,Office sketches 3x5_Page_06.jpg,dca571e056e09b117a0c16ba1817e5fe,2433,3577,JPEG
Office sketches 3x5_Page_06_00007.jpg,1271557,Office sketches 3x5_Page_06.jpg,986ae00c29f38b5b5af86625bad4288b,2433,3577,JPEG
Office sketches 3x5_Page_06_00008.jpg,1204391,Office sketches 3x5_Page_06.jpg,c963d7b1c01e9003aafb604ae831936a,2433,3577,JPEG
Office sketches 3x5_Page_06_00009.jpg,1209344,Office sketches 3x5_Page_06.jpg,bf8c878d0cad14c7640a6eb417190a58,2433,3577,JPEG
Office sketches 3x5_Page_06_00010.jpg,1249378,Office sketches 3x5_Page_06.jpg,119f1fcf98df09fd6bfa96f594bd317b,2433,3577,JPEG
Office sketches 3x5_Page_07_00001.jpg,418547,Office sketches 3x5_Page_07.jpg,24dab73bbabfde06a931ec50c73af7c0,1258,1268,JPEG
Office sketches 3x5_Page_07_00002.jpg,362176,Office sketches 3x5_Page_07.jpg,0cae143a68836733b8eed2aa6d1817a0,1258,1268,JPEG
Office sketches 3x5_Page_07_00003.jpg,315842,Office sketches 3x5_Page_07.jpg,a0d95102cc4be2f3b1413bffcfe8220d,1258,1268,JPEG
Office sketches 3x5_Page_07_00004.jpg,243399,Office sketches 3x5_Page_07.jpg,280402f37a0568b557248a8727a3e8cb,1258,1268,JPEG
Office sketches 3x5_Page_07_00005.jpg,319109,Office sketches 3x5_Page_07.jpg,fa587047b0cb561148a5dae13c135d8e,1258,1268,JPEG
Office sketches 3x5_Page_07_00006.jpg,330393,Office sketches 3x5_Page_07.jpg,e2a121ad1364ca02a7cb23a273ab87a2,1258,1268,JPEG
Office sketches 3x5_Page_07_00007.jpg,322551,Office sketches 3x5_Page_07.jpg,10ea4058ded374ce40731a7d0725cb9f,1258,1268,JPEG
Office sketches 3x5_Page_07_00008.jpg,485544,Office sketches 3x5_Page_07.jpg,64b2cd198000dcd66ead7b503d667922,1258,1268,JPEG
Office sketches 3x5_Page_07_00009.jpg,356760,Office sketches 3x5_Page_07.jpg,f4c8b1fa60d919c5535b22105801f700,1258,1268,JPEG
Office sketches 3x5_Page_07_00010.jpg,344333,Office sketches 3x5_Page_07.jpg,fc68d609c60c079aebead0a1f51cc641,1258,1268,JPEG
Office sketches 3x5_Page_08_00001.jpg,1244528,Office sketches 3x5_Page_08.jpg,a042f7054cc1c332aa26e45b01badaee,2464,3650,JPEG
Office sketches 3x5_Page_08_00002.jpg,1246192,Office sketches 3x5_Page_08.jpg,4678618e9272c5d38764e0ecc271cb2d,2464,3650,JPEG
Office sketches 3x5_Page_08_00003.jpg,1408182,Office sketches 3x5_Page_08.jpg,7da1d41b4d421e7db27e05e9ffe40d9d,2464,3650,JPEG
Office sketches 3x5_Page_08_00004.jpg,1051430,Office sketches 3x5_Page_08.jpg,f5cc4c1fbbda3ba4d85b96e7f6899863,2464,3650,JPEG
Office sketches 3x5_Page_08_00005.jpg,1039344,Office sketches 3x5_Page_08.jpg,b544b2ee365a3f1f96a57e9262e79387,2464,3650,JPEG
Office sketches 3x5_Page_08_00006.jpg,1367706,Office sketches 3x5_Page_08.jpg,b984a4b4ccf8dd25758e34780c7b698b,2464,3650,JPEG
Office sketches 3x5_Page_08_00007.jpg,1220033,Office sketches 3x5_Page_08.jpg,9ed268a1039a8be5a27bcd35ae876b88,2464,3650,JPEG
Office sketches 3x5_Page_08_00008.jpg,1165209,Office sketches 3x5_Page_08.jpg,9dd8773a8454f0dc3030e96260e055f0,2464,3650,JPEG
Office sketches 3x5_Page_08_00009.jpg,1154684,Office sketches 3x5_Page_08.jpg,ebdf63f2569232942465642ca98c8916,2464,3650,JPEG
Office sketches 3x5_Page_08_00010.jpg,1196913,Office sketches 3x5_Page_08.jpg,62dc56d98e70a13faef5b1c2042b5dd4,2464,3650,JPEG
Office sketches 3x5_Page_09_00001.jpg,896479,Office sketches 3x5_Page_09.jpg,beda7ce34abf65bdb94dc398b41acf16,1757,2339,JPEG
Office sketches 3x5_Page_09_00002.jpg,792705,Office sketches 3x5_Page_09.jpg,931e8214e5627783a8658edebff8bdb6,1757,2339,JPEG
Office sketches 3x5_Page_09_00003.jpg,896616,Office sketches 3x5_Page_09.jpg,9fd98bc61bd1c731e3bd60d880396a4f,1757,2339,JPEG
Office sketches 3x5_Page_09_00004.jpg,1018320,Office sketches 3x5_Page_09.jpg,d974ce0ade97d8f1b2465c354a498057,1757,2339,JPEG
Office sketches 3x5_Page_09_00005.jpg,821206,Office sketches 3x5_Page_09.jpg,c064262f34151988f4f8519347dc82fb,1757,2339,JPEG
Office sketches 3x5_Page_09_00006.jpg,898040,Office sketches 3x5_Page_09.jpg,a8b7d21575a414ee08c8d04ee5b7ad37,1757,2339,JPEG
Office sketches 3x5_Page_09_00007.jpg,775022,Office sketches 3x5_Page_09.jpg,f1f6f4648c1df7a75508854e34821bfe,1757,2339,JPEG
Office sketches 3x5_Page_09_00008.jpg,751824,Office sketches 3x5_Page_09.jpg,628350ff07b6119b3102ba106ca43d2c,1757,2339,JPEG
Office sketches 3x5_Page_09_00009.jpg,850454,Office sketches 3x5_Page_09.jpg,3d286a25a87ae1e15f78dd07eb9cc45b,1757,2339,JPEG
Office sketches 3x5_Page_09_00010.jpg,832835,Office sketches 3x5_Page_09.jpg,c34678049ab4e52e85408ce0f4c4be22,1757,2339,JPEG
Office sketches 3x5_Page_10_00001.jpg,1678180,Office sketches 3x5_Page_10.jpg,9b9f891f9d1722c9cdd7899350397379,2194,3650,JPEG
Office sketches 3x5_Page_10_00002.jpg,1462838,Office sketches 3x5_Page_10.jpg,f08007a3fbe0791f173816c8bd010a2d,2194,3650,JPEG
Office sketches 3x5_Page_10_00003.jpg,1610124,Office sketches 3x5_Page_10.jpg,705fd5a7fec725044bb5b930d476fbca,2194,3650,JPEG
Office sketches 3x5_Page_10_00004.jpg,1519597,Office sketches 3x5_Page_10.jpg,ddbf807f5ca22c94f33c2a743be34a13,2194,3650,JPEG
Office sketches 3x5_Page_10_00005.jpg,1598500,Office sketches 3x5_Page_10.jpg,dabf5f17aca507f8210a3cb806222b70,2194,3650,JPEG
Office sketches 3x5_Page_10_00006.jpg,1620942,Office sketches 3x5_Page_10.jpg,2f0b888c5881bbf32ec75afeedb56369,2194,3650,JPEG
Office sketches 3x5_Page_10_00007.jpg,1705697,Office sketches 3x5_Page_10.jpg,87169278bbd0e4e91978a0c0cd394aa4,2194,3650,JPEG
Office sketches 3x5_Page_10_00008.jpg,1400927,Office sketches 3x5_Page_10.jpg,c39f8130e7e3ab0f682734a2944a7e46,2194,3650,JPEG
Office sketches 3x5_Page_10_00009.jpg,1412624,Office sketches 3x5_Page_10.jpg,5b3b301dfd22a7c3dabcb26905407aa6,2194,3650,JPEG
Office sketches 3x5_Page_10_00010.jpg,1415359,Office sketches 3x5_Page_10.jpg,e46fa42eff449f53d5012f61e06ee6b3,2194,3650,JPEG
Office sketches 3x5_Page_11_00001.jpg,1559503,Office sketches 3x5_Page_11.jpg,eec82c93fa48d19e0b9e54ec55ae1cb9,2308,3827,JPEG
Office sketches 3x5_Page_11_00002.jpg,1776536,Office sketches 3x5_Page_11.jpg,f206860811f028b4fcf363405733eb11,2308,3827,JPEG
Office sketches 3x5_Page_11_00003.jpg,1499431,Office sketches 3x5_Page_11.jpg,3f08db1017634dc544616236d11898c0,2308,3827,JPEG
Office sketches 3x5_Page_11_00004.jpg,1720459,Office sketches 3x5_Page_11.jpg,df03519eba9a7b7b88baac73115b1032,2308,3827,JPEG
Office sketches 3x5_Page_11_00005.jpg,1892977,Office sketches 3x5_Page_11.jpg,c8ad7b4c3791bfd2f8373ee8d394a72a,2308,3827,JPEG
Office sketches 3x5_Page_11_00006.jpg,1585215,Office sketches 3x5_Page_11.jpg,377e1a89a01589e44e9574798658a025,2308,3827,JPEG
Office sketches 3x5_Page_11_00007.jpg,1550847,Office sketches 3x5_Page_11.jpg,987d0c105cec5fec5b616f4609b1701c,2308,3827,JPEG
Office sketches 3x5_Page_11_00008.jpg,1518662,Office sketches 3x5_Page_11.jpg,56041228f8fae73c3efa724cee21831b,2308,3827,JPEG
Office sketches 3x5_Page_11_00009.jpg,1431006,Office sketches 3x5_Page_11.jpg,305210f5195adf3cd94c36f93f686876,2308,3827,JPEG
Office sketches 3x5_Page_11_00010.jpg,1650825,Office sketches 3x5_Page_11.jpg,97eca6c390ebbd05d007d7be00fc9bf8,2308,3827,JPEG
Office sketches 3x5_Page_12_00001.jpg,955182,Office sketches 3x5_Page_12.jpg,d89fa67d7d309d74cdc6244dc1be4dfc,1757,3390,JPEG
Office sketches 3x5_Page_12_00002.jpg,990962,Office sketches 3x5_Page_12.jpg,50cea188fa6439e64e4084ac9624ef73,1757,3390,JPEG
Office sketches 3x5_Page_12_00003.jpg,1080267,Office sketches 3x5_Page_12.jpg,81b52dbfc758980fffda83cc2be854c7,1757,3390,JPEG
Office sketches 3x5_Page_12_00004.jpg,884920,Office sketches 3x5_Page_12.jpg,1f97d119d920df78d68b64c176d636ba,1757,3390,JPEG
Office sketches 3x5_Page_12_00005.jpg,861106,Office sketches 3x5_Page_12.jpg,b94d435ce2588387496b6fb983ab57a3,1757,3390,JPEG
Office sketches 3x5_Page_12_00006.jpg,1114039,Office sketches 3x5_Page_12.jpg,6e0a8e26215b8db1407b148a414227b8,1757,3390,JPEG
Office sketches 3x5_Page_12_00007.jpg,816431,Office sketches 3x5_Page_12.jpg,594f91dacf3312ce0b29b54b07ddb119,1757,3390,JPEG
Office sketches 3x5_Page_12_00008.jpg,897615,Office sketches 3x5_Page_12.jpg,55992e699d1a9b89ed14238de62a32c8,1757,3390,JPEG
Office sketches 3x5_Page_12_00009.jpg,856151,Office sketches 3x5_Page_12.jpg,f743adf45fe71b17c3e422f923bec528,1757,3390,JPEG
Office sketches 3x5_Page_12_00010.jpg,853332,Office sketches 3x5_Page_12.jpg,aec0fe299df5bd323bd798ae2d9cf31a,1757,3390,JPEG
Office sketches 3x5_Page_13_00001.jpg,1533704,Office sketches 3x5_Page_13.jpg,25e8adcda67117c9238b0ca6818ecff2,2235,3525,JPEG
Office sketches 3x5_Page_13_00002.jpg,1454434,Office sketches 3x5_Page_13.jpg,aef11697172fbd762a7f69c9ee4b885e,2235,3525,JPEG
Office sketches 3x5_Page_13_00003.jpg,1557986,Office sketches 3x5_Page_13.jpg,ff3caf42c845f17319f5956bcedab8f0,2235,3525,JPEG
Office sketches 3x5_Page_13_00004.jpg,1467432,Office sketches 3x5_Page_13.jpg,e1c151ac2fb9d00d503fb8f4f07f5bb2,2235,3525,JPEG
Office sketches 3x5_Page_13_00005.jpg,1485687,Office sketches 3x5_Page_13.jpg,2010063bb7c66acab63754dab3e818c4,2235,3525,JPEG
Office sketches 3x5_Page_13_00006.jpg,1520818,Office sketches 3x5_Page_13.jpg,41a975c8b01d1486114e6b049e8c84a4,2235,3525,JPEG
Office sketches 3x5_Page_13_00007.jpg,1446455,Office sketches 3x5_Page_13.jpg,ce6212fd5702995051e4c5587d19346b,2235,3525,JPEG
Office sketches 3x5_Page_13_00008.jpg,1442112,Office sketches 3x5_Page_13.jpg,f0be66dcd6714e50f1bde15cc89712bb,2235,3525,JPEG
Office sketches 3x5_Page_13_00009.jpg,1519565,Office sketches 3x5_Page_13.jpg,9484d3012a9d09070170b73a71986ba7,2235,3525,JPEG
Office sketches 3x5_Page_13_00010.jpg,1474030,Office sketches 3x5_Page_13.jpg,c4842af765ace7b2de5fa38f8f555188,2235,3525,JPEG
Office sketches 3x5_Page_14_00001.jpg,1479151,Office sketches 3x5_Page_14.jpg,5a6abc68fdb494af1ce7530d4c1260fa,2204,3556,JPEG
Office sketches 3x5_Page_14_00002.jpg,1573764,Office sketches 3x5_Page_14.jpg,7807e9412e6e26aafeec454207eb3278,2204,3556,JPEG
Office sketches 3x5_Page_14_00003.jpg,1700830,Office sketches 3x5_Page_14.jpg,09fbbb4be336c0f8d824f61efdb5df4a,2204,3556,JPEG
Office sketches 3x5_Page_14_00004.jpg,1523103,Office sketches 3x5_Page_14.jpg,62009b6d3e28b1573ef57c004d73537b,2204,3556,JPEG
Office sketches 3x5_Page_14_00005.jpg,1487541,Office sketches 3x5_Page_14.jpg,00f572f9799aa260322aa6f233261780,2204,3556,JPEG
Office sketches 3x5_Page_14_00006.jpg,1488559,Office sketches 3x5_Page_14.jpg,158a7ff2cc541de2c8ee192452eabede,2204,3556,JPEG
Office sketches 3x5_Page_14_00007.jpg,1437580,Office sketches 3x5_Page_14.jpg,6f7e2eee8c6649e6c0067eae24552b38,2204,3556,JPEG
Office sketches 3x5_Page_14_00008.jpg,1520517,Office sketches 3x5_Page_14.jpg,244c2762ca5cec16a1fde57c629c8372,2204,3556,JPEG
Office sketches 3x5_Page_14_00009.jpg,1653822,Office sketches 3x5_Page_14.jpg,49d2cac1932f8cd32e1fed17c9c79488,2204,3556,JPEG
Office sketches 3x5_Page_14_00010.jpg,1703130,Office sketches 3x5_Page_14.jpg,5627d8053ab3820d669c8b786167fc31,2204,3556,JPEG
Office sketches 3x5_Page_15_00001.jpg,1254359,Office sketches 3x5_Page_15.jpg,06c6197c3f544a2da42722a0ce95c9ce,2131,3785,JPEG
Office sketches 3x5_Page_15_00002.jpg,1248789,Office sketches 3x5_Page_15.jpg,6f4532ecd3f87c194dc9b6593bec3464,2131,3785,JPEG
Office sketches 3x5_Page_15_00003.jpg,1221948,Office sketches 3x5_Page_15.jpg,eaf243b41a85ffe64307a547023ef393,2131,3785,JPEG
Office sketches 3x5_Page_15_00004.jpg,1273344,Office sketches 3x5_Page_15.jpg,c8203a718fc45b8e228f3ae73ac09b70,2131,3785,JPEG
Office sketches 3x5_Page_15_00005.jpg,1129448,Office sketches 3x5_Page_15.jpg,52b05502c081e52ef825aee5aafd4cca,2131,3785,JPEG
Office sketches 3x5_Page_15_00006.jpg,1225857,Office sketches 3x5_Page_15.jpg,12c4b1a5707a9572a02ae7e9aea06496,2131,3785,JPEG
Office sketches 3x5_Page_15_00007.jpg,1330443,Office sketches 3x5_Page_15.jpg,187cfd5ae4b8d17f923d0a4f3b68b881,2131,3785,JPEG
Office sketches 3x5_Page_15_00008.jpg,1259027,Office sketches 3x5_Page_15.jpg,507020efd0709ffff0223a74cecb94fc,2131,3785,JPEG
Office sketches 3x5_Page_15_00009.jpg,1339485,Office sketches 3x5_Page_15.jpg,e466aca6c347ef8d06f6a5a9dbf86edc,2131,3785,JPEG
Office sketches 3x5_Page_15_00010.jpg,1269352,Office sketches 3x5_Page_15.jpg,e0c671a45a5e068f72ab0a7e055a3171,2131,3785,JPEG
Office sketches 3x5_Page_16_00001.jpg,1627575,Office sketches 3x5_Page_16.jpg,4e1feb6127601724cb90de7e5ac98934,2319,3879,JPEG
Office sketches 3x5_Page_16_00002.jpg,1660029,Office sketches 3x5_Page_16.jpg,d21b4cf5576a583657e72ae9bd6606d1,2319,3879,JPEG
Office sketches 3x5_Page_16_00003.jpg,1642043,Office sketches 3x5_Page_16.jpg,f469d6dcb7316ccd3f96809c2fafe458,2319,3879,JPEG
Office sketches 3x5_Page_16_00004.jpg,1602492,Office sketches 3x5_Page_16.jpg,6b59334516116f986f7a882992aaaf7c,2319,3879,JPEG
Office sketches 3x5_Page_16_00005.jpg,1745402,Office sketches 3x5_Page_16.jpg,167247f4f731138a052ed271de3ca157,2319,3879,JPEG
Office sketches 3x5_Page_16_00006.jpg,1985128,Office sketches 3x5_Page_16.jpg,32f6b9c7ed2136dec7f324fb5356bf1a,2319,3879,JPEG
Office sketches 3x5_Page_16_00007.jpg,1754905,Office sketches 3x5_Page_16.jpg,4f1eba9e7acac30d682bbc6da025495c,2319,3879,JPEG
Office sketches 3x5_Page_16_00008.jpg,1804992,Office sketches 3x5_Page_16.jpg,cd38bf271987748ab23e0e18cad3cf47,2319,3879,JPEG
Office sketches 3x5_Page_16_00009.jpg,1606984,Office sketches 3x5_Page_16.jpg,8001182c677cddf3302c883a5a0858c2,2319,3879,JPEG
Office sketches 3x5_Page_16_00010.jpg,1827078,Office sketches 3x5_Page_16.jpg,5f78a5d469ad5a35b80eab757cef87fd,2319,3879,JPEG
Office sketches 3x5_Page_17_00001.jpg,748722,Office sketches 3x5_Page_17.jpg,87dd9b9e21cf1b7dbd8a40e63b3c2c32,2235,1767,JPEG
Office sketches 3x5_Page_17_00002.jpg,786036,Office sketches 3x5_Page_17.jpg,1e71ad8b0580f28c334d15e8bb1d9200,2235,1767,JPEG
Office sketches 3x5_Page_17_00003.jpg,679623,Office sketches 3x5_Page_17.jpg,4966992a301559da01590005f24ade5b,2235,1767,JPEG
Office sketches 3x5_Page_17_00004.jpg,904190,Office sketches 3x5_Page_17.jpg,383bf00ffee7afe35488fcb535b46e24,2235,1767,JPEG
Office sketches 3x5_Page_17_00005.jpg,785321,Office sketches 3x5_Page_17.jpg,2bcd6cc996cce0448bbd872af46db53b,2235,1767,JPEG
Office sketches 3x5_Page_17_00006.jpg,1067327,Office sketches 3x5_Page_17.jpg,e4c81500f409dce0c60a1b5ff314bdf1,2235,1767,JPEG
Office sketches 3x5_Page_17_00007.jpg,642023,Office sketches 3x5_Page_17.jpg,b0536aaf62a45165ba407623805247a7,2235,1767,JPEG
Office sketches 3x5_Page_17_00008.jpg,982379,Office sketches 3x5_Page_17.jpg,9afe50050ea796a697ace3e88a4eb077,2235,1767,JPEG
Office sketches 3x5_Page_17_00009.jpg,821599,Office sketches 3x5_Page_17.jpg,dba33eeeaba1fec6ee8d2b452a122d12,2235,1767,JPEG
Office sketches 3x5_Page_17_00010.jpg,1067200,Office sketches 3x5_Page_17.jpg,c73fad32c28067ee2d6f8e5098cde1dd,2235,1767,JPEG
Office sketches 3x5_Page_18_00001.jpg,3391682,Office sketches 3x5_Page_18.jpg,2c8a1fbfc2b4a84544e1ea8c9d8ab1d9,3560,5968,JPEG
Office sketches 3x5_Page_18_00002.jpg,3294356,Office sketches 3x5_Page_18.jpg,06928b2a63dea1a703fcc24fecd85266,3560,5968,JPEG
Office sketches 3x5_Page_18_00003.jpg,3692498,Office sketches 3x5_Page_18.jpg,3fdd4d745b6d2103257c8cd2d68f246b,3560,5968,JPEG
Office sketches 3x5_Page_18_00004.jpg,3699261,Office sketches 3x5_Page_18.jpg,c28769aad19866a65773fa9d053cd59d,3560,5968,JPEG
Office sketches 3x5_Page_18_00005.jpg,3498435,Office sketches 3x5_Page_18.jpg,6ed11bf09890d42d1f7c4233a7f9ae74,3560,5968,JPEG
Office sketches 3x5_Page_18_00006.jpg,3574779,Office sketches 3x5_Page_18.jpg,d6ddef38e1f62e39970ebe91bc5db9da,3560,5968,JPEG
Office sketches 3x5_Page_18_00007.jpg,3230314,Office sketches 3x5_Page_18.jpg,f934dfc28aab1d176bae298e31616347,3560,5968,JPEG
Office sketches 3x5_Page_18_00008.jpg,3462876,Office sketches 3x5_Page_18.jpg,31e4f7993192db45acf803a56af64752,3560,5968,JPEG
Office sketches 3x5_Page_18_00009.jpg,3436853,Office sketches 3x5_Page_18.jpg,dcaec7cf1487c5d1a61791d0becbe6f5,3560,5968,JPEG
Office sketches 3x5_Page_18_00010.jpg,3738867,Office sketches 3x5_Page_18.jpg,756de99d0077d58a96beffc4b1842309,3560,5968,JPEG
Office sketches 3x5_Page_19_00001.jpg,4234609,Office sketches 3x5_Page_19.jpg,14350d3b04ea9cc63eafe6a5d4de4183,3560,5976,JPEG
Office sketches 3x5_Page_19_00002.jpg,4106268,Office sketches 3x5_Page_19.jpg,a4715a535388fef95d869d9f23e20c6a,3560,5976,JPEG
Office sketches 3x5_Page_19_00003.jpg,4203528,Office sketches 3x5_Page_19.jpg,ae67565e6d5d749ccc85bd9deee4383a,3560,5976,JPEG
Office sketches 3x5_Page_19_00004.jpg,4287310,Office sketches 3x5_Page_19.jpg,65dd03afffe9336588816071acf99456,3560,5976,JPEG
Office sketches 3x5_Page_19_00005.jpg,4155469,Office sketches 3x5_Page_19.jpg,8c67340a556a48142ab6e4c3aeca1bcb,3560,5976,JPEG
Office sketches 3x5_Page_19_00006.jpg,4029946,Office sketches 3x5_Page_19.jpg,1416a09bb3233b789177293b002cea1d,3560,5976,JPEG
Office sketches 3x5_Page_19_00007.jpg,4215455,Office sketches 3x5_Page_19.jpg,88a828286b352abb066779084044164e,3560,5976,JPEG
Office sketches 3x5_Page_19_00008.jpg,4354915,Office sketches 3x5_Page_19.jpg,258baa0c768c4cda2b6a75ad3ad4d6af,3560,5976,JPEG
Office sketches 3x5_Page_19_00009.jpg,4220508,Office sketches 3x5_Page_19.jpg,97d3e53655d67992dde2eb54d9a3da09,3560,5976,JPEG
Office sketches 3x5_Page_19_00010.jpg,4417463,Office sketches 3x5_Page_19.jpg,b374573bb939c340edffa1609835df52,3560,5976,JPEG
Office sketches 3x5_Page_20_00001.jpg,4966539,Office sketches 3x5_Page_20.jpg,ba42e59ce2ae86a00127f754b1eee103,3560,5952,JPEG
Office sketches 3x5_Page_20_00002.jpg,5117523,Office sketches 3x5_Page_20.jpg,1228337d588af76d54ddbbfffdaa7989,3560,5952,JPEG
Office sketches 3x5_Page_20_00003.jpg,5081943,Office sketches 3x5_Page_20.jpg,6673fb0a4e6051dee96fe1adc9a89c38,3560,5952,JPEG
Office sketches 3x5_Page_20_00004.jpg,5380738,Office sketches 3x5_Page_20.jpg,05c313dea96847d062cd1fd39c52eaf7,3560,5952,JPEG
Office sketches 3x5_Page_20_00005.jpg,5081057,Office sketches 3x5_Page_20.jpg,ec31ca4a096937f00e24ebd2da318e1f,3560,5952,JPEG
Office sketches 3x5_Page_20_00006.jpg,5323327,Office sketches 3x5_Page_20.jpg,82e38b6ce71832b0f2de17543b3312c7,3560,5952,JPEG
Office sketches 3x5_Page_20_00007.jpg,4944619,Office sketches 3x5_Page_20.jpg,1344f37af8b068ab4c9a9db8afb2ae33,3560,5952,JPEG
Office sketches 3x5_Page_20_00008.jpg,4974186,Office sketches 3x5_Page_20.jpg,7349dfdd6e36226ac62071b6f4aaaf34,3560,5952,JPEG
Office sketches 3x5_Page_20_00009.jpg,5268395,Office sketches 3x5_Page_20.jpg,5fb8954cc574afe10954baa0d8807482,3560,5952,JPEG
Office sketches 3x5_Page_20_00010.jpg,5268260,Office sketches 3x5_Page_20.jpg,82d4b55be66566dfc131e45b97bdfb81,3560,5952,JPEG
Office sketches 3x5_Page_21_00001.jpg,2131879,Office sketches 3x5_Page_21.jpg,a75f7d953d3a0b1e0eefdded5a7e86c0,3505,3505,JPEG
Office sketches 3x5_Page_21_00002.jpg,2216440,Office sketches 3x5_Page_21.jpg,b86d6cc09622fce863c22b47894bede3,3505,3505,JPEG
Office sketches 3x5_Page_21_00003.jpg,2182266,Office sketches 3x5_Page_21.jpg,b8c001913e221822bcb2114a3908f847,3505,3505,JPEG
Office sketches 3x5_Page_21_00004.jpg,2194240,Office sketches 3x5_Page_21.jpg,de912e377421a034a5309f1fb0a3347b,3505,3505,JPEG
Office sketches 3x5_Page_21_00005.jpg,2266633,Office sketches 3x5_Page_21.jpg,2b9ff8f9b9f456a58ecefc57b1003197,3505,3505,JPEG
Office sketches 3x5_Page_21_00006.jpg,2310137,Office sketches 3x5_Page_21.jpg,a40cfc3c01446d70c76dca13e0c55cc0,3505,3505,JPEG
Office sketches 3x5_Page_21_00007.jpg,2146731,Office sketches 3x5_Page_21.jpg,80579779b483f61a0588d093620bba28,3505,3505,JPEG
Office sketches 3x5_Page_21_00008.jpg,2456508,Office sketches 3x5_Page_21.jpg,23c24a922240c21c44e29946b1b8195c,3505,3505,JPEG
Office sketches 3x5_Page_21_00009.jpg,2343917,Office sketches 3x5_Page_21.jpg,e6ea5d7009773ea3f0efc6050ef487e6,3505,3505,JPEG
Office sketches 3x5_Page_21_00010.jpg,2429427,Office sketches 3x5_Page_21.jpg,8673c7b6984f1c9f1b4e92a5910b3e8b,3505,3505,JPEG
Office sketches 3x5_Page_22_00001.jpg,3875863,Office sketches 3x5_Page_22.jpg,0ee7782d8a0e81945b0033349058b190,2912,6184,JPEG
Office sketches 3x5_Page_22_00002.jpg,3867891,Office sketches 3x5_Page_22.jpg,11de64ab0ecc95ddb91d592abd2c2f11,2912,6184,JPEG
Office sketches 3x5_Page_22_00003.jpg,3777801,Office sketches 3x5_Page_22.jpg,c1f5abd7f8860c500ea5aa481780e147,2912,6184,JPEG
Office sketches 3x5_Page_22_00004.jpg,3818628,Office sketches 3x5_Page_22.jpg,17789f6fbb3da3239a287d7ea745f46c,2912,6184,JPEG
Office sketches 3x5_Page_22_00005.jpg,3731146,Office sketches 3x5_Page_22.jpg,98e5364fbe5162dae5e95016da3c2a3b,2912,6184,JPEG
Office sketches 3x5_Page_22_00006.jpg,3884578,Office sketches 3x5_Page_22.jpg,90e75902f9c73ecf1fff480103c0238e,2912,6184,JPEG
Office sketches 3x5_Page_22_00007.jpg,3795572,Office sketches 3x5_Page_22.jpg,cc963eb6a77b0fa756abfa3fc989a2d5,2912,6184,JPEG
Office sketches 3x5_Page_22_00008.jpg,3916161,Office sketches 3x5_Page_22.jpg,d7df45632637d79fa5b2d25a31788b85,2912,6184,JPEG
Office sketches 3x5_Page_22_00009.jpg,3853725,Office sketches 3x5_Page_22.jpg,7df77394d98d305779d4ced24093f0db,2912,6184,JPEG
Office sketches 3x5_Page_22_00010.jpg,3945033,Office sketches 3x5_Page_22.jpg,5e675cae1fecc5dd5a3b0c0b22ff1fa8,2912,6184,JPEG
Office sketches 3x5_Page_23_00001.jpg,4683294,Office sketches 3x5_Page_23.jpg,c8e198278d908ddfdd33c4eb67fd3b7a,3552,5808,JPEG
Office sketches 3x5_Page_23_00002.jpg,4375514,Office sketches 3x5_Page_23.jpg,43eb6cb1a2505318314ca34d1226918d,3552,5808,JPEG
Office sketches 3x5_Page_23_00003.jpg,4505933,Office sketches 3x5_Page_23.jpg,05b3d5f855ecffed4465d5a8888b1110,3552,5808,JPEG
Office sketches 3x5_Page_23_00004.jpg,4329457,Office sketches 3x5_Page_23.jpg,d3f5bc39c78cf871eaad89cd58cad8d0,3552,5808,JPEG
Office sketches 3x5_Page_23_00005.jpg,4448708,Office sketches 3x5_Page_23.jpg,e1f39c8f9421ff449b883fee2158cc4d,3552,5808,JPEG
Office sketches 3x5_Page_23_00006.jpg,4532009,Office sketches 3x5_Page_23.jpg,648b9f5e92c13c60e00ee0738e6142da,3552,5808,JPEG
Office sketches 3x5_Page_23_00007.jpg,4419434,Office sketches 3x5_Page_23.jpg,0acf5aa9f75a9944d77f8cd0cce55450,3552,5808,JPEG
Office sketches 3x5_Page_23_00008.jpg,4533321,Office sketches 3x5_Page_23.jpg,9e415362d75233cc18aecb3b2e5792a0,3552,5808,JPEG
Office sketches 3x5_Page_23_00009.jpg,4269713,Office sketches 3x5_Page_23.jpg,d6cd945f0319399bf8cd08a1f648a1dd,3552,5808,JPEG
Office sketches 3x5_Page_23_00010.jpg,4403117,Office sketches 3x5_Page_23.jpg,38c62ac3084cf112657f55b744e17c9c,3552,5808,JPEG
Office sketches 3x5_Page_24_00001.jpg,2648812,Office sketches 3x5_Page_24.jpg,198772723ead610f6f8575e5c97b7334,2928,5920,JPEG
Office sketches 3x5_Page_24_00002.jpg,2404656,Office sketches 3x5_Page_24.jpg,5fbd57b0e1c1d02dbaf69392428c4834,2928,5920,JPEG
Office sketches 3x5_Page_24_00003.jpg,2720161,Office sketches 3x5_Page_24.jpg,c6a7b8a31576b729c2f777d6543b38de,2928,5920,JPEG
Office sketches 3x5_Page_24_00004.jpg,2609911,Office sketches 3x5_Page_24.jpg,ba154a961b97e4de431a57d21fa680df,2928,5920,JPEG
Office sketches 3x5_Page_24_00005.jpg,3060776,Office sketches 3x5_Page_24.jpg,0126ef573a0ad85a231b0ad9324d7c7b,2928,5920,JPEG
Office sketches 3x5_Page_24_00006.jpg,2504726,Office sketches 3x5_Page_24.jpg,e232c85855f09fc9873067c195950396,2928,5920,JPEG
Office sketches 3x5_Page_24_00007.jpg,2517554,Office sketches 3x5_Page_24.jpg,b7a69dd1795a31851d3e2095af039f50,2928,5920,JPEG
Office sketches 3x5_Page_24_00008.jpg,2638256,Office sketches 3x5_Page_24.jpg,8681fb6d15b1b87157b8db653e85191c,2928,5920,JPEG
Office sketches 3x5_Page_24_00009.jpg,2492901,Office sketches 3x5_Page_24.jpg,1938ef2728cec2fb5da92098300bddb1,2928,5920,JPEG
Office sketches 3x5_Page_24_00010.jpg,2534937,Office sketches 3x5_Page_24.jpg,2dd288c064ed548dc71ed6246bb35cca,2928,5920,JPEG
Office sketches 3x5_Page_25_00001.jpg,3947100,Office sketches 3x5_Page_25.jpg,139bb5c8c50595b15ce740f7cef40496,3056,6304,JPEG
Office sketches 3x5_Page_25_00002.jpg,3908204,Office sketches 3x5_Page_25.jpg,4edb90c59c12834f2d004a1aaed29b92,3056,6304,JPEG
Office sketches 3x5_Page_25_00003.jpg,3947344,Office sketches 3x5_Page_25.jpg,9b5a63dcb11c2ee34dbb28e29d2329c9,3056,6304,JPEG
Office sketches 3x5_Page_25_00004.jpg,3761833,Office sketches 3x5_Page_25.jpg,64904efe5e8303119a7301384785b5b7,3056,6304,JPEG
Office sketches 3x5_Page_25_00005.jpg,3763793,Office sketches 3x5_Page_25.jpg,f647a3f2917ae36e2d00cc81ed93dd22,3056,6304,JPEG
Office sketches 3x5_Page_25_00006.jpg,3912076,Office sketches 3x5_Page_25.jpg,300250280e25c5ab6d0e10491f80df11,3056,6304,JPEG
Office sketches 3x5_Page_25_00007.jpg,3837742,Office sketches 3x5_Page_25.jpg,75df6bf3ed47aab58b201f31a9b3bc6d,3056,6304,JPEG
Office sketches 3x5_Page_25_00008.jpg,3994712,Office sketches 3x5_Page_25.jpg,79b31bfa96221fe7ca003eab2e0f0355,3056,6304,JPEG
Office sketches 3x5_Page_25_00009.jpg,3895074,Office sketches 3x5_Page_25.jpg,cee6241e504ae8038a85987d1963266c,3056,6304,JPEG
Office sketches 3x5_Page_25_00010.jpg,3861661,Office sketches 3x5_Page_25.jpg,82281c87835798f3500c0b44b187d97b,3056,6304,JPEG
Office sketches 3x5_Page_26_00001.jpg,3456660,Office sketches 3x5_Page_26.jpg,aa34205bfb7f2e2f29a97d37a11b8b3d,3496,5936,JPEG
Office sketches 3x5_Page_26_00002.jpg,3777391,Office sketches 3x5_Page_26.jpg,fc79e5d1edb7e438bc0b07ad26faea4c,3496,5936,JPEG
Office sketches 3x5_Page_26_00003.jpg,3514024,Office sketches 3x5_Page_26.jpg,b788aac2bcad718873ac8e94283644cb,3496,5936,JPEG
Office sketches 3x5_Page_26_00004.jpg,3709835,Office sketches 3x5_Page_26.jpg,a0d60fbf7af0dae15884b2c528371ece,3496,5936,JPEG
Office sketches 3x5_Page_26_00005.jpg,3396605,Office sketches 3x5_Page_26.jpg,f0cb32c41448a8e4ce9a4cb0177aae03,3496,5936,JPEG
Office sketches 3x5_Page_26_00006.jpg,3293688,Office sketches 3x5_Page_26.jpg,1ef7ddb6a20e3c9db7a4f49bd0b3c63b,3496,5936,JPEG
Office sketches 3x5_Page_26_00007.jpg,3661247,Office sketches 3x5_Page_26.jpg,a27753a75775ec8bac0b9c44f110919a,3496,5936,JPEG
Office sketches 3x5_Page_26_00008.jpg,3625679,Office sketches 3x5_Page_26.jpg,ba6a1bd56df58e38c030abd58bbdfc9a,3496,5936,JPEG
Office sketches 3x5_Page_26_00009.jpg,3758274,Office sketches 3x5_Page_26.jpg,323dac3796bba8506f45652d9118b64a,3496,5936,JPEG
Office sketches 3x5_Page_26_00010.jpg,3536404,Office sketches 3x5_Page_26.jpg,f81285436c41bc52f3b592c37af84206,3496,5936,JPEG
Office sketches 3x5_Page_27_00001.jpg,3186415,Office sketches 3x5_Page_27.jpg,7bc07a6f7f6ed0f68e3ddeb82c9d7577,3481,5346,JPEG
Office sketches 3x5_Page_27_00002.jpg,3452449,Office sketches 3x5_Page_27.jpg,cd3845ca06875a3d02aa99010b91041a,3481,5346,JPEG
Office sketches 3x5_Page_27_00003.jpg,3323335,Office sketches 3x5_Page_27.jpg,932d128f136a54d13cede4769dea61bc,3481,5346,JPEG
Office sketches 3x5_Page_27_00004.jpg,2936019,Office sketches 3x5_Page_27.jpg,b0860606bc79fb06936b57b871abfb57,3481,5346,JPEG
Office sketches 3x5_Page_27_00005.jpg,3146484,Office sketches 3x5_Page_27.jpg,f15424b80ebc4494e6e040b93d43bd8a,3481,5346,JPEG
Office sketches 3x5_Page_27_00006.jpg,3553774,Office sketches 3x5_Page_27.jpg,68f48c8aa443dbac9afc0c86dc355c5f,3481,5346,JPEG
Office sketches 3x5_Page_27_00007.jpg,3167531,Office sketches 3x5_Page_27.jpg,e5fb94ed0bf1e2f91aa0c75e7f610189,3481,5346,JPEG
Office sketches 3x5_Page_27_00008.jpg,3247953,Office sketches 3x5_Page_27.jpg,669bd8864035799ab4c55a0ba4f6c691,3481,5346,JPEG
Office sketches 3x5_Page_27_00009.jpg,3251253,Office sketches 3x5_Page_27.jpg,7620247cdf3a7d24c737aca9eadaa2d1,3481,5346,JPEG
Office sketches 3x5_Page_27_00010.jpg,3162057,Office sketches 3x5_Page_27.jpg,d3e8885eac0107f1e3e18c5936d5171e,3481,5346,JPEG
Office sketches 3x5_Page_28_00001.jpg,4835212,Office sketches 3x5_Page_28.jpg,6235854e56d8618cf6f3355eb3cbdc08,3512,5912,JPEG
Office sketches 3x5_Page_28_00002.jpg,4595595,Office sketches 3x5_Page_28.jpg,88a70266824ebc65bff5d13acd1f2493,3512,5912,JPEG
Office sketches 3x5_Page_28_00003.jpg,4655011,Office sketches 3x5_Page_28.jpg,2e23ecbe81033135fc7b008cb0e64375,3512,5912,JPEG
Office sketches 3x5_Page_28_00004.jpg,4806522,Office sketches 3x5_Page_28.jpg,07d48ac96b07952c13e02b7bfaa7b957,3512,5912,JPEG
Office sketches 3x5_Page_28_00005.jpg,4887892,Office sketches 3x5_Page_28.jpg,0a34ee95a83150dd9bfc45386454605b,3512,5912,JPEG
Office sketches 3x5_Page_28_00006.jpg,4940939,Office sketches 3x5_Page_28.jpg,f04af20e39c6de213ced186503ea99fc,3512,5912,JPEG
Office sketches 3x5_Page_28_00007.jpg,4764041,Office sketches 3x5_Page_28.jpg,88473e07e524283a9aeeac7430b87224,3512,5912,JPEG
Office sketches 3x5_Page_28_00008.jpg,4708784,Office sketches 3x5_Page_28.jpg,1d96aeb9d146176cbd8c56c71354f91e,3512,5912,JPEG
Office sketches 3x5_Page_28_00009.jpg,4837908,Office sketches 3x5_Page_28.jpg,a4ff9654154669c04b93931741f453d8,3512,5912,JPEG
Office sketches 3x5_Page_28_00010.jpg,4707718,Office sketches 3x5_Page_28.jpg,e57dc53fca89cda37d50eb48015d6ab4,3512,5912,JPEG
Office sketches 3x5_Page_29_00001.jpg,4912221,Office sketches 3x5_Page_29.jpg,c8b653f2ae305b45931d8b55746ff961,3672,5568,JPEG
Office sketches 3x5_Page_29_00002.jpg,4837744,Office sketches 3x5_Page_29.jpg,e532d596057e3ad07eeca2fddf4af089,3672,5568,JPEG
Office sketches 3x5_Page_29_00003.jpg,4812427,Office sketches 3x5_Page_29.jpg,af10c5a3c8d56921d24585e427028da5,3672,5568,JPEG
Office sketches 3x5_Page_29_00004.jpg,5132355,Office sketches 3x5_Page_29.jpg,4a8ee756449668173699972f4ec55863,3672,5568,JPEG
Office sketches 3x5_Page_29_00005.jpg,5012660,Office sketches 3x5_Page_29.jpg,ee667f20c19e572a916587500e9f8941,3672,5568,JPEG
Office sketches 3x5_Page_29_00006.jpg,4959818,Office sketches 3x5_Page_29.jpg,965825d4f43d1e2a0b6e049a6b7a50bb,3672,5568,JPEG
Office sketches 3x5_Page_29_00007.jpg,4820570,Office sketches 3x5_Page_29.jpg,fb000bd6075db3778243fc7aa0c3cf2f,3672,5568,JPEG
Office sketches 3x5_Page_29_00008.jpg,4988492,Office sketches 3x5_Page_29.jpg,a29097d96a7ed34d7e628ab5b2a56f17,3672,5568,JPEG
Office sketches 3x5_Page_29_00009.jpg,4865295,Office sketches 3x5_Page_29.jpg,ec2260dcbd03387bbcd87c978d4a8f18,3672,5568,JPEG
Office sketches 3x5_Page_29_00010.jpg,5040645,Office sketches 3x5_Page_29.jpg,2e1423ae1e57cf56924290e8fa1cc2eb,3672,5568,JPEG
Office sketches 3x5_Page_30_00001.jpg,1014902,Office sketches 3x5_Page_30.jpg,2bafc6381dd0201d650628cd25970ee6,1864,2944,JPEG
Office sketches 3x5_Page_30_00002.jpg,1073224,Office sketches 3x5_Page_30.jpg,cc07f8b820b76dcdd4b1c55509110c4d,1864,2944,JPEG
Office sketches 3x5_Page_30_00003.jpg,1187536,Office sketches 3x5_Page_30.jpg,a38a1ff7e3c73bf8ed48c6b64baf5c31,1864,2944,JPEG
Office sketches 3x5_Page_30_00004.jpg,1201120,Office sketches 3x5_Page_30.jpg,bb7a32b4abff02ae5958366c4075f22e,1864,2944,JPEG
Office sketches 3x5_Page_30_00005.jpg,1116790,Office sketches 3x5_Page_30.jpg,fdb2738f0ca8d85b127cce6a5326d4dc,1864,2944,JPEG
Office sketches 3x5_Page_30_00006.jpg,1090948,Office sketches 3x5_Page_30.jpg,28ed7968723631dc4b6aeb540989a753,1864,2944,JPEG
Office sketches 3x5_Page_30_00007.jpg,1148757,Office sketches 3x5_Page_30.jpg,89033efae4c656020c2ec44714fa92dd,1864,2944,JPEG
Office sketches 3x5_Page_30_00008.jpg,1127478,Office sketches 3x5_Page_30.jpg,49b4718ab79b675c4fcfa483f9e33ae9,1864,2944,JPEG
Office sketches 3x5_Page_30_00009.jpg,1105191,Office sketches 3x5_Page_30.jpg,c1b2cbdaf9bdc3ffeb5f366a0420bf3c,1864,2944,JPEG
Office sketches 3x5_Page_30_00010.jpg,992773,Office sketches 3x5_Page_30.jpg,3d132e84614e396c078fd1a6ab175ff4,1864,2944,JPEG
Office sketches 3x5_Page_31_00001.jpg,4535278,Office sketches 3x5_Page_31.jpg,391d6dda64af85332eb4d9b363294e16,3800,5936,JPEG
Office sketches 3x5_Page_31_00002.jpg,4471702,Office sketches 3x5_Page_31.jpg,40572bee6595b5a2a29b7da78179b182,3800,5936,JPEG
Office sketches 3x5_Page_31_00003.jpg,4335927,Office sketches 3x5_Page_31.jpg,39493a89a3d5f7412eb805f6882fa094,3800,5936,JPEG
Office sketches 3x5_Page_31_00004.jpg,4756326,Office sketches 3x5_Page_31.jpg,ac4fbda33624e3d0087ee4d1bb0a2f92,3800,5936,JPEG
Office sketches 3x5_Page_31_00005.jpg,4493218,Office sketches 3x5_Page_31.jpg,8f44aa52911d6a061a31217b4353c0b5,3800,5936,JPEG
Office sketches 3x5_Page_31_00006.jpg,4589919,Office sketches 3x5_Page_31.jpg,0c5af466954f66736f772de9f867d2c3,3800,5936,JPEG
Office sketches 3x5_Page_31_00007.jpg,4510133,Office sketches 3x5_Page_31.jpg,baec25234185a6059066eabb063e1fc1,3800,5936,JPEG
Office sketches 3x5_Page_31_00008.jpg,4631072,Office sketches 3x5_Page_31.jpg,35042407f0ca24313f8e6bf10f9d77d6,3800,5936,JPEG
Office sketches 3x5_Page_31_00009.jpg,4383766,Office sketches 3x5_Page_31.jpg,d03cbd658ebf131640af8b4167a7ce45,3800,5936,JPEG
Office sketches 3x5_Page_31_00010.jpg,4324435,Office sketches 3x5_Page_31.jpg,b01ac34ca796ca75af2aa653f6c75f3e,3800,5936,JPEG
Office sketches 3x5_Page_32_00001.jpg,3307007,Office sketches 3x5_Page_32.jpg,b7c49720e9a27d9086360dbe46922075,3689,4737,JPEG
Office sketches 3x5_Page_32_00002.jpg,3241386,Office sketches 3x5_Page_32.jpg,cfcb8b4d45a3ea040260d9a90cfd149a,3689,4737,JPEG
Office sketches 3x5_Page_32_00003.jpg,3243798,Office sketches 3x5_Page_32.jpg,dfcdedb0d4fde5d5457f76ee1e973a8e,3689,4737,JPEG
Office sketches 3x5_Page_32_00004.jpg,3203120,Office sketches 3x5_Page_32.jpg,99d4aa980a5b8820ca6fe17d4c3e4a53,3689,4737,JPEG
Office sketches 3x5_Page_32_00005.jpg,3213230,Office sketches 3x5_Page_32.jpg,d015df75efd738e25d23c2ab3afb047d,3689,4737,JPEG
Office sketches 3x5_Page_32_00006.jpg,3086092,Office sketches 3x5_Page_32.jpg,a9f9ceb061bf804029a2106f31987fdf,3689,4737,JPEG
Office sketches 3x5_Page_32_00007.jpg,3146112,Office sketches 3x5_Page_32.jpg,b6cdaf47f08e968cd9f968e0e4e65679,3689,4737,JPEG
Office sketches 3x5_Page_32_00008.jpg,3270531,Office sketches 3x5_Page_32.jpg,da656b13e70fd18b96dbe0be0a6ba4b2,3689,4737,JPEG
Office sketches 3x5_Page_32_00009.jpg,3084738,Office sketches 3x5_Page_32.jpg,24b0bda279b89cf0bcb4bd95270ed77c,3689,4737,JPEG
Office sketches 3x5_Page_32_00010.jpg,3255306,Office sketches 3x5_Page_32.jpg,d9619d6e8181c79345bbed0b423ea88f,3689,4737,JPEG
Office sketches 3x5_Page_33_00001.jpg,3392764,Office sketches 3x5_Page_33.jpg,30ada8148b9276460cac1f64de35b444,3552,4944,JPEG
Office sketches 3x5_Page_33_00002.jpg,3678134,Office sketches 3x5_Page_33.jpg,c022eebd12ccf85501ed6b8b9dc527de,3552,4944,JPEG
Office sketches 3x5_Page_33_00003.jpg,3731318,Office sketches 3x5_Page_33.jpg,16e4ca07c6ff1d8b78d9b7368ac3bc8d,3552,4944,JPEG
Office sketches 3x5_Page_33_00004.jpg,3520741,Office sketches 3x5_Page_33.jpg,32606ea1b4a40824c763131ef71c09b1,3552,4944,JPEG
Office sketches 3x5_Page_33_00005.jpg,3507318,Office sketches 3x5_Page_33.jpg,176127becb81699bdd97d03db8bca242,3552,4944,JPEG
Office sketches 3x5_Page_33_00006.jpg,3406204,Office sketches 3x5_Page_33.jpg,b3c287ef501b4478e8e759bb842b560b,3552,4944,JPEG
Office sketches 3x5_Page_33_00007.jpg,3550038,Office sketches 3x5_Page_33.jpg,b19ddde8393bb68f21b479b96e75b7c2,3552,4944,JPEG
Office sketches 3x5_Page_33_00008.jpg,3841547,Office sketches 3x5_Page_33.jpg,a1801ce311af17577d64e10be89297b9,3552,4944,JPEG
Office sketches 3x5_Page_33_00009.jpg,3507293,Office sketches 3x5_Page_33.jpg,395cad90949b21dfb8e05a77f69b1727,3552,4944,JPEG
Office sketches 3x5_Page_33_00010.jpg,3531847,Office sketches 3x5_Page_33.jpg,e4d031cb3720562dcc59d8856bcebaa0,3552,4944,JPEG
Office sketches 3x5_Page_34_00001.jpg,4266625,Office sketches 3x5_Page_34.jpg,26c321e3d5bb314a8666dfa1dd8b12e2,3632,5952,JPEG
Office sketches 3x5_Page_34_00002.jpg,4275470,Office sketches 3x5_Page_34.jpg,589b712d4b840d64f212a38f0f5c1c39,3632,5952,JPEG
Office sketches 3x5_Page_34_00003.jpg,4518694,Office sketches 3x5_Page_34.jpg,015dc96482b5def2fe97e95a2316a62d,3632,5952,JPEG
Office sketches 3x5_Page_34_00004.jpg,4747484,Office sketches 3x5_Page_34.jpg,e0d36a89ddc483d2dcc00a280fedae27,3632,5952,JPEG
Office sketches 3x5_Page_34_00005.jpg,4348749,Office sketches 3x5_Page_34.jpg,e19d443932fd89ac5dd70c074d1b7fe3,3632,5952,JPEG
Office sketches 3x5_Page_34_00006.jpg,4411101,Office sketches 3x5_Page_34.jpg,d42380e02e70ef36b5315540197f8365,3632,5952,JPEG
Office sketches 3x5_Page_34_00007.jpg,4481790,Office sketches 3x5_Page_34.jpg,43a5c83e26f1d647fc9ccc5b436978d3,3632,5952,JPEG
Office sketches 3x5_Page_34_00008.jpg,4537046,Office sketches 3x5_Page_34.jpg,f149bf84c6ecdf3c906e662987bf8cf2,3632,5952,JPEG
Office sketches 3x5_Page_34_00009.jpg,4480727,Office sketches 3x5_Page_34.jpg,69c4877137609354c9e75b0252645f99,3632,5952,JPEG
Office sketches 3x5_Page_34_00010.jpg,4492631,Office sketches 3x5_Page_34.jpg,3bd25b3e4d5b47aaa81db651be9058e4,3632,5952,JPEG
Office sketches 3x5_Page_35_00001.jpg,4615880,Office sketches 3x5_Page_35.jpg,4bb9e1d38c0625cc31f6a2482940e8e6,3608,5984,JPEG
Office sketches 3x5_Page_35_00002.jpg,4847740,Office sketches 3x5_Page_35.jpg,4872c651255815d8ff87b9b7b617830d,3608,5984,JPEG
Office sketches 3x5_Page_35_00003.jpg,4580240,Office sketches 3x5_Page_35.jpg,4c7fcf6e6ca44e249f27117da47c88f2,3608,5984,JPEG
Office sketches 3x5_Page_35_00004.jpg,4853465,Office sketches 3x5_Page_35.jpg,4846881c8b9d53256ee5b947c620b9b6,3608,5984,JPEG
Office sketches 3x5_Page_35_00005.jpg,4369949,Office sketches 3x5_Page_35.jpg,87d35a4f4d6a00d952d859266270d1d1,3608,5984,JPEG
Office sketches 3x5_Page_35_00006.jpg,4565683,Office sketches 3x5_Page_35.jpg,dbe42a9d5ef2e1f2a1511ff314f63232,3608,5984,JPEG
Office sketches 3x5_Page_35_00007.jpg,4814442,Office sketches 3x5_Page_35.jpg,2e3646fc2339496e43eabf8c48e67241,3608,5984,JPEG
Office sketches 3x5_Page_35_00008.jpg,4548504,Office sketches 3x5_Page_35.jpg,43d837f27b0aae48f6da747ab6d30031,3608,5984,JPEG
Office sketches 3x5_Page_35_00009.jpg,4642705,Office sketches 3x5_Page_35.jpg,45c7d48a4e8922c5fddb006666578d39,3608,5984,JPEG
Office sketches 3x5_Page_35_00010.jpg,4615918,Office sketches 3x5_Page_35.jpg,8effda400b48b8a11be56856818ff541,3608,5984,JPEG
Office sketches 3x5_Page_36_00001.jpg,4910352,Office sketches 3x5_Page_36.jpg,01e69d94a55f017164093956912254bf,3576,5944,JPEG
Office sketches 3x5_Page_36_00002.jpg,5255032,Office sketches 3x5_Page_36.jpg,c72ec733e5eca766b14b33d5665d7d85,3576,5944,JPEG
Office sketches 3x5_Page_36_00003.jpg,5143641,Office sketches 3x5_Page_36.jpg,0fa3a9d8a8ceac9e197dd22d8e8c6f96,3576,5944,JPEG
Office sketches 3x5_Page_36_00004.jpg,5181787,Office sketches 3x5_Page_36.jpg,33137df7a9302660f3d5f2b58ec7d38d,3576,5944,JPEG
Office sketches 3x5_Page_36_00005.jpg,5303868,Office sketches 3x5_Page_36.jpg,e20774b28f8deeb27479a0ebce3b3fc8,3576,5944,JPEG
Office sketches 3x5_Page_36_00006.jpg,5170654,Office sketches 3x5_Page_36.jpg,9d95bd4ec89ac9a755f2795166848c53,3576,5944,JPEG
Office sketches 3x5_Page_36_00007.jpg,5105355,Office sketches 3x5_Page_36.jpg,7e50ddc60e0dd16e3e2dc768a08e41df,3576,5944,JPEG
Office sketches 3x5_Page_36_00008.jpg,4928669,Office sketches 3x5_Page_36.jpg,ed43a3f3df8ffab50b92ec2d23aef847,3576,5944,JPEG
Office sketches 3x5_Page_36_00009.jpg,4949103,Office sketches 3x5_Page_36.jpg,4c6785fd17b5f3471a6068e9ca8744fd,3576,5944,JPEG
Office sketches 3x5_Page_36_00010.jpg,5094461,Office sketches 3x5_Page_36.jpg,d9350b3d5b97855b6ca792df5422d35e,3576,5944,JPEG
Office sketches 3x5_Page_37_00001.jpg,3257286,Office sketches 3x5_Page_37.jpg,1cab444ce0982b38a7fd75701cb8593a,2936,5840,JPEG
Office sketches 3x5_Page_37_00002.jpg,3351318,Office sketches 3x5_Page_37.jpg,23f2d9bf1e906c9a9e24c16ede3c4e37,2936,5840,JPEG
Office sketches 3x5_Page_37_00003.jpg,3700186,Office sketches 3x5_Page_37.jpg,9865080229d8afe8d90fed166aa46479,2936,5840,JPEG
Office sketches 3x5_Page_37_00004.jpg,3396205,Office sketches 3x5_Page_37.jpg,3312cd82468502e025050bb2bfc4baef,2936,5840,JPEG
Office sketches 3x5_Page_37_00005.jpg,3243134,Office sketches 3x5_Page_37.jpg,1195e0fd3ae8d7c89abeb15ce3793bd2,2936,5840,JPEG
Office sketches 3x5_Page_37_00006.jpg,3406310,Office sketches 3x5_Page_37.jpg,3b932d3401fa03ffccb9d8cc26528c66,2936,5840,JPEG
Office sketches 3x5_Page_37_00007.jpg,3266305,Office sketches 3x5_Page_37.jpg,79f928ea35e3c5f86b54666b1cf5e3aa,2936,5840,JPEG
Office sketches 3x5_Page_37_00008.jpg,3320477,Office sketches 3x5_Page_37.jpg,9ed8239cb7f7cb862c495d71e06e78fd,2936,5840,JPEG
Office sketches 3x5_Page_37_00009.jpg,3441553,Office sketches 3x5_Page_37.jpg,fac70064c89e10e55b9f793335b2b6c7,2936,5840,JPEG
Office sketches 3x5_Page_37_00010.jpg,3284518,Office sketches 3x5_Page_37.jpg,af0dcbd5e222924a29b9a5f35dbe7e2a,2936,5840,JPEG
Office sketches 3x5_Page_38_00001.jpg,3576701,Office sketches 3x5_Page_38.jpg,e9bef53180d381fe5905b9d21c9b609c,3568,5984,JPEG
Office sketches 3x5_Page_38_00002.jpg,3250069,Office sketches 3x5_Page_38.jpg,c4b22b6889973f015d3c5f76ded6f8d2,3568,5984,JPEG
Office sketches 3x5_Page_38_00003.jpg,3088504,Office sketches 3x5_Page_38.jpg,4d3362bc8e7cc0cd756c1ba856130843,3568,5984,JPEG
Office sketches 3x5_Page_38_00004.jpg,3369570,Office sketches 3x5_Page_38.jpg,b3f80429df98ec844161d443c2856a12,3568,5984,JPEG
Office sketches 3x5_Page_38_00005.jpg,3062640,Office sketches 3x5_Page_38.jpg,ec16801632f99cd6388658f165e44615,3568,5984,JPEG
Office sketches 3x5_Page_38_00006.jpg,3347852,Office sketches 3x5_Page_38.jpg,ab6ac28490276d42af70c453b6399764,3568,5984,JPEG
Office sketches 3x5_Page_38_00007.jpg,2807649,Office sketches 3x5_Page_38.jpg,769c9716d9e73918fabfed0223a8e067,3568,5984,JPEG
Office sketches 3x5_Page_38_00008.jpg,3022064,Office sketches 3x5_Page_38.jpg,6b33cd6034c9ab2d308eefe69fabc558,3568,5984,JPEG
Office sketches 3x5_Page_38_00009.jpg,2905506,Office sketches 3x5_Page_38.jpg,2462f24113ffbfb93b819b7dac064f86,3568,5984,JPEG
Office sketches 3x5_Page_38_00010.jpg,2990818,Office sketches 3x5_Page_38.jpg,cd8a0d29228b231c1ef033940fb164d3,3568,5984,JPEG
Office sketches 3x5_Page_39_00001.jpg,4622795,Office sketches 3x5_Page_39.jpg,883182c1e211a590dfa3a65c64ac8851,3624,5984,JPEG
Office sketches 3x5_Page_39_00002.jpg,4551055,Office sketches 3x5_Page_39.jpg,d9d81887505b0de8c716818bfec4f35d,3624,5984,JPEG
Office sketches 3x5_Page_39_00003.jpg,4531390,Office sketches 3x5_Page_39.jpg,5dbf20228d7f1b29637d7986cd317faa,3624,5984,JPEG
Office sketches 3x5_Page_39_00004.jpg,4770733,Office sketches 3x5_Page_39.jpg,82c121cf4ae0026062033605dc9739b1,3624,5984,JPEG
Office sketches 3x5_Page_39_00005.jpg,5103947,Office sketches 3x5_Page_39.jpg,fa3ea24facd9b9e5f3901ace45c3ac04,3624,5984,JPEG
Office sketches 3x5_Page_39_00006.jpg,4672673,Office sketches 3x5_Page_39.jpg,b763465ed9cae47133512cd0428d5182,3624,5984,JPEG
Office sketches 3x5_Page_39_00007.jpg,4445364,Office sketches 3x5_Page_39.jpg,9e5abc8d8771b3b04b7a91bf9df34ae5,3624,5984,JPEG
Office sketches 3x5_Page_39_00008.jpg,4635068,Office sketches 3x5_Page_39.jpg,ace375df621381990d602427b893c348,3624,5984,JPEG
Office sketches 3x5_Page_39_00009.jpg,4768734,Office sketches 3x5_Page_39.jpg,3d8eb45ae555bf1cbd932601d07f7373,3624,5984,JPEG
Office sketches 3x5_Page_39_00010.jpg,4501443,Office sketches 3x5_Page_39.jpg,af86ab8a5c792f0160d4c78d95481818,3624,5984,JPEG
Office sketches 3x5_Page_40_00001.jpg,3896469,Office sketches 3x5_Page_40.jpg,55df8dbc74fe16021e674532b6c6ccc8,2992,5368,JPEG
Office sketches 3x5_Page_40_00002.jpg,3888355,Office sketches 3x5_Page_40.jpg,f727254f7cef9b0b9817be8070fec8ec,2992,5368,JPEG
Office sketches 3x5_Page_40_00003.jpg,4050368,Office sketches 3x5_Page_40.jpg,601462b8e0478428a58d1000fb56665f,2992,5368,JPEG
Office sketches 3x5_Page_40_00004.jpg,4032033,Office sketches 3x5_Page_40.jpg,c36da9683d61c1afebf357ec067ce827,2992,5368,JPEG
Office sketches 3x5_Page_40_00005.jpg,4055343,Office sketches 3x5_Page_40.jpg,a21f4f0eede63b300bc6c41f5e968583,2992,5368,JPEG
Office sketches 3x5_Page_40_00006.jpg,3981829,Office sketches 3x5_Page_40.jpg,3443622d67cad055e3e191374fb03286,2992,5368,JPEG
Office sketches 3x5_Page_40_00007.jpg,4195839,Office sketches 3x5_Page_40.jpg,b826e60baddd6713633cb601a0ab8034,2992,5368,JPEG
Office sketches 3x5_Page_40_00008.jpg,4101095,Office sketches 3x5_Page_40.jpg,4eca1f687cef587f16619251647b61d8,2992,5368,JPEG
Office sketches 3x5_Page_40_00009.jpg,3867890,Office sketches 3x5_Page_40.jpg,76c519f7a3a02a26d5ab7c9a56f9386d,2992,5368,JPEG
Office sketches 3x5_Page_40_00010.jpg,4065191,Office sketches 3x5_Page_40.jpg,47776920d0ab6afc18472b5c0986d2f2,2992,5368,JPEG
Office sketches 3x5_Page_41_00001.jpg,4443210,Office sketches 3x5_Page_41.jpg,82dbdafbc605e9494b9a56587f0fc273,2984,5440,JPEG
Office sketches 3x5_Page_41_00002.jpg,3954052,Office sketches 3x5_Page_41.jpg,657bffa457592634b70664ec42a05e4a,2984,5440,JPEG
Office sketches 3x5_Page_41_00003.jpg,4002318,Office sketches 3x5_Page_41.jpg,b2bbf8e119c12f8a208c1322f699cbb4,2984,5440,JPEG
Office sketches 3x5_Page_41_00004.jpg,4103447,Office sketches 3x5_Page_41.jpg,3129d1447d96cd4a0ceca975a383ae33,2984,5440,JPEG
Office sketches 3x5_Page_41_00005.jpg,4038979,Office sketches 3x5_Page_41.jpg,fd559240535feb5caf36f568dbc4fcba,2984,5440,JPEG
Office sketches 3x5_Page_41_00006.jpg,4109088,Office sketches 3x5_Page_41.jpg,e7ecd1534c1771d42e9b86b3d2a5a85e,2984,5440,JPEG
Office sketches 3x5_Page_41_00007.jpg,4134691,Office sketches 3x5_Page_41.jpg,248831e0a38bea5093cb581d7f0eb84f,2984,5440,JPEG
Office sketches 3x5_Page_41_00008.jpg,4204964,Office sketches 3x5_Page_41.jpg,06478ee826fa8c559358a6864d86a4d0,2984,5440,JPEG
Office sketches 3x5_Page_41_00009.jpg,4233198,Office sketches 3x5_Page_41.jpg,6a4b4397d4b791f743a2b8a563cc60f4,2984,5440,JPEG
Office sketches 3x5_Page_41_00010.jpg,4302870,Office sketches 3x5_Page_41.jpg,6fcae9fa125378cc77d38688c7052d82,2984,5440,JPEG
Office sketches 3x5_Page_42_00001.jpg,3562976,Office sketches 3x5_Page_42.jpg,d7509c4c3be4e0822544b350d7d34ccd,2976,5480,JPEG
Office sketches 3x5_Page_42_00002.jpg,3770172,Office sketches 3x5_Page_42.jpg,932cc6a7344d4b857b79bf37c81552f3,2976,5480,JPEG
Office sketches 3x5_Page_42_00003.jpg,3556895,Office sketches 3x5_Page_42.jpg,28f0aebce0113e559a887c1964129736,2976,5480,JPEG
Office sketches 3x5_Page_42_00004.jpg,3569259,Office sketches 3x5_Page_42.jpg,8c33f5adbbd5e6b66034a539c0a76308,2976,5480,JPEG
Office sketches 3x5_Page_42_00005.jpg,3894706,Office sketches 3x5_Page_42.jpg,e5d27b793c171a0d1e34bdd25563e5cd,2976,5480,JPEG
Office sketches 3x5_Page_42_00006.jpg,3791269,Office sketches 3x5_Page_42.jpg,82896fd30837163cc725cd5d408ae509,2976,5480,JPEG
Office sketches 3x5_Page_42_00007.jpg,3945847,Office sketches 3x5_Page_42.jpg,b1987ba51e2a27c74636267b558cac9a,2976,5480,JPEG
Office sketches 3x5_Page_42_00008.jpg,3723331,Office sketches 3x5_Page_42.jpg,ae1ccc68e4c16ecb275b248985af8ab2,2976,5480,JPEG
Office sketches 3x5_Page_42_00009.jpg,3551354,Office sketches 3x5_Page_42.jpg,05b2ea17033506ace2cd4d672c0f34aa,2976,5480,JPEG
Office sketches 3x5_Page_42_00010.jpg,3638239,Office sketches 3x5_Page_42.jpg,667fbf2ab802f07cce725744307688c9,2976,5480,JPEG
Office sketches 3x5_Page_43_00001.jpg,1436798,Office sketches 3x5_Page_43.jpg,55bbe914c7eae55e9834fd57268affb2,1752,2976,JPEG
Office sketches 3x5_Page_43_00002.jpg,1495074,Office sketches 3x5_Page_43.jpg,8eff137eba5a28398b0865a13f391743,1752,2976,JPEG
Office sketches 3x5_Page_43_00003.jpg,1382383,Office sketches 3x5_Page_43.jpg,1a86714ecc49a1c8e943f049e9eb13df,1752,2976,JPEG
Office sketches 3x5_Page_43_00004.jpg,1432832,Office sketches 3x5_Page_43.jpg,da0a969d92c06c13f323232f67df1eed,1752,2976,JPEG
Office sketches 3x5_Page_43_00005.jpg,1391845,Office sketches 3x5_Page_43.jpg,d47973c0d7a3dc9aaa4cbb66049c8bbc,1752,2976,JPEG
Office sketches 3x5_Page_43_00006.jpg,1447029,Office sketches 3x5_Page_43.jpg,1a2377a93c129d84573682fa90c318b3,1752,2976,JPEG
Office sketches 3x5_Page_43_00007.jpg,1479802,Office sketches 3x5_Page_43.jpg,0d5219a41e4379eaf83b8ea062fb9357,1752,2976,JPEG
Office sketches 3x5_Page_43_00008.jpg,1483243,Office sketches 3x5_Page_43.jpg,08472db981dc8eb14c2758f739f9a509,1752,2976,JPEG
Office sketches 3x5_Page_43_00009.jpg,1582360,Office sketches 3x5_Page_43.jpg,8de60481fecf0103adf9cf6055a72eec,1752,2976,JPEG
Office sketches 3x5_Page_43_00010.jpg,1404870,Office sketches 3x5_Page_43.jpg,fe1d831f0c7fd081ea619eebb8ad6697,1752,2976,JPEG
Office sketches 3x5_Page_44_00001.jpg,4702687,Office sketches 3x5_Page_44.jpg,9543416a70aff6d3881617d54cc8d993,3624,6000,JPEG
Office sketches 3x5_Page_44_00002.jpg,4871222,Office sketches 3x5_Page_44.jpg,5dd3c877f436458ba45c746bce5945c8,3624,6000,JPEG
Office sketches 3x5_Page_44_00003.jpg,4647428,Office sketches 3x5_Page_44.jpg,bf7d6dccd2e47fbed8fbab476b78629a,3624,6000,JPEG
Office sketches 3x5_Page_44_00004.jpg,4683893,Office sketches 3x5_Page_44.jpg,5c702e8db12f1dcd9f21a26e19061aa1,3624,6000,JPEG
Office sketches 3x5_Page_44_00005.jpg,4732230,Office sketches 3x5_Page_44.jpg,79458ca672ca759fb0edcd572000d732,3624,6000,JPEG
Office sketches 3x5_Page_44_00006.jpg,4601325,Office sketches 3x5_Page_44.jpg,c4abf986cc795d52d1941f433805e0ca,3624,6000,JPEG
Office sketches 3x5_Page_44_00007.jpg,4611978,Office sketches 3x5_Page_44.jpg,1cffac6fd5a1119103e45eea68b5c44f,3624,6000,JPEG
Office sketches 3x5_Page_44_00008.jpg,4506725,Office sketches 3x5_Page_44.jpg,f3102dc048f27c02d70db44db9e66dfc,3624,6000,JPEG
Office sketches 3x5_Page_44_00009.jpg,4832599,Office sketches 3x5_Page_44.jpg,f2b1e9d9730a9b0ac3484e0b563c4582,3624,6000,JPEG
Office sketches 3x5_Page_44_00010.jpg,4738567,Office sketches 3x5_Page_44.jpg,e60301e44151fd176c0e01ecfd2a1e09,3624,6000,JPEG
Office sketches 3x5_Page_45_00001.jpg,5533685,Office sketches 3x5_Page_45.jpg,87b284fb777e492b553b8a85449efda1,3624,6000,JPEG
Office sketches 3x5_Page_45_00002.jpg,5546096,Office sketches 3x5_Page_45.jpg,a7e5259a4a010f9d7ceec7645de52b7c,3624,6000,JPEG
Office sketches 3x5_Page_45_00003.jpg,5631664,Office sketches 3x5_Page_45.jpg,2afeab827399d31e8a811e628c0ceb4a,3624,6000,JPEG
Office sketches 3x5_Page_45_00004.jpg,5461193,Office sketches 3x5_Page_45.jpg,a72b7616acba2bdbe05be7dd88f1baee,3624,6000,JPEG
Office sketches 3x5_Page_45_00005.jpg,5544808,Office sketches 3x5_Page_45.jpg,2ac0e14c97acabcb560361c95e40d006,3624,6000,JPEG
Office sketches 3x5_Page_45_00006.jpg,5531599,Office sketches 3x5_Page_45.jpg,6ee5990b6691ca96fec5e6f970db5e59,3624,6000,JPEG
Office sketches 3x5_Page_45_00007.jpg,5590875,Office sketches 3x5_Page_45.jpg,7011d817641daf99f0a391f44d1db06e,3624,6000,JPEG
Office sketches 3x5_Page_45_00008.jpg,5525857,Office sketches 3x5_Page_45.jpg,38e6e2225abcb8723c13203a37267e11,3624,6000,JPEG
Office sketches 3x5_Page_45_00009.jpg,5564438,Office sketches 3x5_Page_45.jpg,8e48491ba84c61a73b75f67689c24395,3624,6000,JPEG
Office sketches 3x5_Page_45_00010.jpg,5475165,Office sketches 3x5_Page_45.jpg,f28408f347adeb3fe56df7186f6f259a,3624,6000,JPEG
Office sketches 3x5_Page_46_00001.jpg,5651532,Office sketches 3x5_Page_46.jpg,9cc6b449f470c6e77af05c85ff62fece,3616,6104,JPEG
Office sketches 3x5_Page_46_00002.jpg,6120105,Office sketches 3x5_Page_46.jpg,5b5cc1a5548871cbe23cf411f5794b3e,3616,6104,JPEG
Office sketches 3x5_Page_46_00003.jpg,5687080,Office sketches 3x5_Page_46.jpg,c22d7d869e5b8294409f9e966c2ac6dc,3616,6104,JPEG
Office sketches 3x5_Page_46_00004.jpg,5678429,Office sketches 3x5_Page_46.jpg,def9a158066dd7e03579c6d177cf6e71,3616,6104,JPEG
Office sketches 3x5_Page_46_00005.jpg,5653036,Office sketches 3x5_Page_46.jpg,d2612d7f3541d68d580ec867e017d24e,3616,6104,JPEG
Office sketches 3x5_Page_46_00006.jpg,5615374,Office sketches 3x5_Page_46.jpg,728ae454a496152518373e11a1bfe034,3616,6104,JPEG
Office sketches 3x5_Page_46_00007.jpg,5726546,Office sketches 3x5_Page_46.jpg,9f5c9ceb635b3b8dc290210de6446001,3616,6104,JPEG
Office sketches 3x5_Page_46_00008.jpg,5585898,Office sketches 3x5_Page_46.jpg,7bf0e29cd6b483c6fa9f9233d47a4aeb,3616,6104,JPEG
Office sketches 3x5_Page_46_00009.jpg,5799560,Office sketches 3x5_Page_46.jpg,ac1f272676e90d3c41ab8ddaa0c8789f,3616,6104,JPEG
Office sketches 3x5_Page_46_00010.jpg,5735303,Office sketches 3x5_Page_46.jpg,02b32dc8fa4d27c3f2b4fa84a6a28f6b,3616,6104,JPEG
Office sketches 3x5_Page_47_00001.jpg,4405300,Office sketches 3x5_Page_47.jpg,b9e5a53e5e477a0a15adb17f33b7d11c,3648,6040,JPEG
Office sketches 3x5_Page_47_00002.jpg,4502590,Office sketches 3x5_Page_47.jpg,868cceb35dcb0405c6d8ac794dbf6566,3648,6040,JPEG
Office sketches 3x5_Page_47_00003.jpg,4413937,Office sketches 3x5_Page_47.jpg,4864aec6636dc405c39c7e78dfa0be86,3648,6040,JPEG
Office sketches 3x5_Page_47_00004.jpg,4666631,Office sketches 3x5_Page_47.jpg,410b2975dad1617ed419d368ef02a3fa,3648,6040,JPEG
Office sketches 3x5_Page_47_00005.jpg,4647024,Office sketches 3x5_Page_47.jpg,b70c40623ce48bb34cc2fce5c29f58f8,3648,6040,JPEG
Office sketches 3x5_Page_47_00006.jpg,4520294,Office sketches 3x5_Page_47.jpg,196bef49118c07ae6fa8d33b768e95b3,3648,6040,JPEG
Office sketches 3x5_Page_47_00007.jpg,4872037,Office sketches 3x5_Page_47.jpg,36daf108d5412554c82aae577c6b4583,3648,6040,JPEG
Office sketches 3x5_Page_47_00008.jpg,4655361,Office sketches 3x5_Page_47.jpg,5b28e7ead4a08a067ff223f24fbf8fe2,3648,6040,JPEG
Office sketches 3x5_Page_47_00009.jpg,4514510,Office sketches 3x5_Page_47.jpg,61817f5a618c0dc1ffa4908a30d6d979,3648,6040,JPEG
Office sketches 3x5_Page_47_00010.jpg,4389144,Office sketches 3x5_Page_47.jpg,4c9244d891a873c0dc237c52ef7a754b,3648,6040,JPEG
Office sketches 3x5_Page_48_00001.jpg,1841606,Office sketches 3x5_Page_48.jpg,c3205fc7632cd9255c6f73e4a628606c,2976,4320,JPEG
Office sketches 3x5_Page_48_00002.jpg,1682224,Office sketches 3x5_Page_48.jpg,c9528956d129a8890a9ba21e73ba4cba,2976,4320,JPEG
Office sketches 3x5_Page_48_00003.jpg,1673463,Office sketches 3x5_Page_48.jpg,99f4cfde9b0d73691dae495b8887ce6a,2976,4320,JPEG
Office sketches 3x5_Page_48_00004.jpg,2029004,Office sketches 3x5_Page_48.jpg,208cf8b1f026a4e58b77c8127a9a371d,2976,4320,JPEG
Office sketches 3x5_Page_48_00005.jpg,1695021,Office sketches 3x5_Page_48.jpg,405bd7ca400e4fea316aa93d7848f856,2976,4320,JPEG
Office sketches 3x5_Page_48_00006.jpg,1727943,Office sketches 3x5_Page_48.jpg,1f618071e70b883213be59ce5b8769ee,2976,4320,JPEG
Office sketches 3x5_Page_48_00007.jpg,1828475,Office sketches 3x5_Page_48.jpg,133d2bb726de52ad819af5d9b81013c7,2976,4320,JPEG
Office sketches 3x5_Page_48_00008.jpg,1667168,Office sketches 3x5_Page_48.jpg,4028376e91b48ccded5fd413ab6d5d82,2976,4320,JPEG
Office sketches 3x5_Page_48_00009.jpg,1722279,Office sketches 3x5_Page_48.jpg,38050f3619f2c0f8bf72b9c9c5a26a5f,2976,4320,JPEG
Office sketches 3x5_Page_48_00010.jpg,1786835,Office sketches 3x5_Page_48.jpg,1c1253ff7187b1d652793257cd557135,2976,4320,JPEG
Office sketches 3x5_Page_49_00001.jpg,4058842,Office sketches 3x5_Page_49.jpg,12b59b7d983071d887352d21aeb057aa,3624,5984,JPEG
Office sketches 3x5_Page_49_00002.jpg,3888916,Office sketches 3x5_Page_49.jpg,dee9b5ef6a6998c5039949ddef074c72,3624,5984,JPEG
Office sketches 3x5_Page_49_00003.jpg,4201525,Office sketches 3x5_Page_49.jpg,1731a597f8f9c58fadc3806e4714a8be,3624,5984,JPEG
Office sketches 3x5_Page_49_00004.jpg,3978864,Office sketches 3x5_Page_49.jpg,a7f6cbfa1d2c53e05fab7e59ffa9e8b8,3624,5984,JPEG
Office sketches 3x5_Page_49_00005.jpg,4163065,Office sketches 3x5_Page_49.jpg,d9ff1fb794452f886ef5630a1e26dc84,3624,5984,JPEG
Office sketches 3x5_Page_49_00006.jpg,4105936,Office sketches 3x5_Page_49.jpg,661edfdd52107b787396485ebfd87564,3624,5984,JPEG
Office sketches 3x5_Page_49_00007.jpg,4123930,Office sketches 3x5_Page_49.jpg,094eedddadeb6922d8e992f946ff1f12,3624,5984,JPEG
Office sketches 3x5_Page_49_00008.jpg,3964805,Office sketches 3x5_Page_49.jpg,75f03cc2b1d9692f52e7764fa5ccb7ba,3624,5984,JPEG
Office sketches 3x5_Page_49_00009.jpg,4031791,Office sketches 3x5_Page_49.jpg,531b9e07657e35cbc52ed9f734ee6b25,3624,5984,JPEG
Office sketches 3x5_Page_49_00010.jpg,4217457,Office sketches 3x5_Page_49.jpg,4f9700abcfc0f9da8befb3bc90e3004f,3624,5984,JPEG
Office sketches 3x5_Page_50_00001.jpg,3565919,Office sketches 3x5_Page_50.jpg,f56770472817d5a30cbd48bc533db5aa,3576,5936,JPEG
Office sketches 3x5_Page_50_00002.jpg,4251852,Office sketches 3x5_Page_50.jpg,a0ba6bc1f86c5ee224ecccf7033fcde8,3576,5936,JPEG
Office sketches 3x5_Page_50_00003.jpg,3676988,Office sketches 3x5_Page_50.jpg,f4a741ba34134f0477032ce24e24e59b,3576,5936,JPEG
Office sketches 3x5_Page_50_00004.jpg,3525631,Office sketches 3x5_Page_50.jpg,96fa6523f83e6a095e7bb82f71601541,3576,5936,JPEG
Office sketches 3x5_Page_50_00005.jpg,3403789,Office sketches 3x5_Page_50.jpg,dfbcb9aff73ee343acdf6e861df27e88,3576,5936,JPEG
Office sketches 3x5_Page_50_00006.jpg,3694811,Office sketches 3x5_Page_50.jpg,f2e6c20d164ef6d69c4ab02d07e2395e,3576,5936,JPEG
Office sketches 3x5_Page_50_00007.jpg,3688040,Office sketches 3x5_Page_50.jpg,764da5f873aba1c0f86bb31b9775c992,3576,5936,JPEG
Office sketches 3x5_Page_50_00008.jpg,3570066,Office sketches 3x5_Page_50.jpg,87ef10c3743a15d243ffa608abc9613f,3576,5936,JPEG
Office sketches 3x5_Page_50_00009.jpg,3515167,Office sketches 3x5_Page_50.jpg,5479c7c4d7774de4151eb225ab798b7c,3576,5936,JPEG
Office sketches 3x5_Page_50_00010.jpg,3792442,Office sketches 3x5_Page_50.jpg,a07acae1416e4e48b7c0705b98912aa8,3576,5936,JPEG
Office sketches 3x5_Page_51_00001.jpg,3699553,Office sketches 3x5_Page_51.jpg,ec5b70fe93509be5c450f216f81826ff,3576,5968,JPEG
Office sketches 3x5_Page_51_00002.jpg,4214225,Office sketches 3x5_Page_51.jpg,6acdafc2f80e875a7d399638274aed52,3576,5968,JPEG
Office sketches 3x5_Page_51_00003.jpg,3950074,Office sketches 3x5_Page_51.jpg,3687315adeb15b6ce2a9d35da50a034b,3576,5968,JPEG
Office sketches 3x5_Page_51_00004.jpg,3761585,Office sketches 3x5_Page_51.jpg,c454bb88aefe9975f885f7e995515ce1,3576,5968,JPEG
Office sketches 3x5_Page_51_00005.jpg,4071472,Office sketches 3x5_Page_51.jpg,c9894c444c259b2c766d7562c48e661f,3576,5968,JPEG
Office sketches 3x5_Page_51_00006.jpg,3830325,Office sketches 3x5_Page_51.jpg,f9d99cd3c336e9b3b2e91344a1e33d64,3576,5968,JPEG
Office sketches 3x5_Page_51_00007.jpg,4089938,Office sketches 3x5_Page_51.jpg,944fcffccf0286ed86e7ae089f72f2c9,3576,5968,JPEG
Office sketches 3x5_Page_51_00008.jpg,4027279,Office sketches 3x5_Page_51.jpg,ea253dbb6a0b0d727226d271e155c6c2,3576,5968,JPEG
Office sketches 3x5_Page_51_00009.jpg,4117138,Office sketches 3x5_Page_51.jpg,48c50c51cb217c80edd7914aa94ec940,3576,5968,JPEG
Office sketches 3x5_Page_51_00010.jpg,3714519,Office sketches 3x5_Page_51.jpg,be2bfb71b96f3f6f18b19ba9b1257d14,3576,5968,JPEG
Office sketches 3x5_Page_52_00001.jpg,4033631,Office sketches 3x5_Page_52.jpg,bdbfd733604f1927092fd483bfe697bb,3600,5960,JPEG
Office sketches 3x5_Page_52_00002.jpg,4057915,Office sketches 3x5_Page_52.jpg,24db691e4c93224a9ca6ee30c8b2d696,3600,5960,JPEG
Office sketches 3x5_Page_52_00003.jpg,4013513,Office sketches 3x5_Page_52.jpg,10b73ae185a67d5280ce01cd9b5be65a,3600,5960,JPEG
Office sketches 3x5_Page_52_00004.jpg,3875521,Office sketches 3x5_Page_52.jpg,710e60a09d6a19a66c2ba8c7503aec8b,3600,5960,JPEG
Office sketches 3x5_Page_52_00005.jpg,4063768,Office sketches 3x5_Page_52.jpg,2147aee0103b13ee12a0be6740f6580c,3600,5960,JPEG
Office sketches 3x5_Page_52_00006.jpg,4051360,Office sketches 3x5_Page_52.jpg,2b5b7c2be447f7c0894e149cbc97c192,3600,5960,JPEG
Office sketches 3x5_Page_52_00007.jpg,4025078,Office sketches 3x5_Page_52.jpg,64a29604aa949f1edc3b366e39659f7a,3600,5960,JPEG
Office sketches 3x5_Page_52_00008.jpg,4308232,Office sketches 3x5_Page_52.jpg,e3c22ef97db6518cf050734bd8baf361,3600,5960,JPEG
Office sketches 3x5_Page_52_00009.jpg,3932547,Office sketches 3x5_Page_52.jpg,c54ed53fd7f1ba06c9ee732731ff17ed,3600,5960,JPEG
Office sketches 3x5_Page_52_00010.jpg,4007579,Office sketches 3x5_Page_52.jpg,74083423a8d8a21bdebef2eff21c8998,3600,5960,JPEG
Office sketches 3x5_Page_53_00001.jpg,3728464,Office sketches 3x5_Page_53.jpg,ebb5b108fa41f389b0686e71b5b95ef5,3560,6016,JPEG
Office sketches 3x5_Page_53_00002.jpg,3711254,Office sketches 3x5_Page_53.jpg,a76a3a03ad99f0074bde34dda5310d3c,3560,6016,JPEG
Office sketches 3x5_Page_53_00003.jpg,3636603,Office sketches 3x5_Page_53.jpg,6cf02cf5c8eed8784f981a6423192b51,3560,6016,JPEG
Office sketches 3x5_Page_53_00004.jpg,3727154,Office sketches 3x5_Page_53.jpg,431ae68ed0ea239131b55b5371cb167b,3560,6016,JPEG
Office sketches 3x5_Page_53_00005.jpg,3950526,Office sketches 3x5_Page_53.jpg,2ae2ea1de7d504c15961ce0fbc3c77cd,3560,6016,JPEG
Office sketches 3x5_Page_53_00006.jpg,3927064,Office sketches 3x5_Page_53.jpg,a9de8690e819edff270475cd4163888d,3560,6016,JPEG
Office sketches 3x5_Page_53_00007.jpg,3751653,Office sketches 3x5_Page_53.jpg,1d97ff7e40f62fe3b888085317727b56,3560,6016,JPEG
Office sketches 3x5_Page_53_00008.jpg,3800774,Office sketches 3x5_Page_53.jpg,a15b97154540de6f5caa6aea98e20deb,3560,6016,JPEG
Office sketches 3x5_Page_53_00009.jpg,3701840,Office sketches 3x5_Page_53.jpg,5f9ca2623076f9cd76022b1effd6aed3,3560,6016,JPEG
Office sketches 3x5_Page_53_00010.jpg,3628338,Office sketches 3x5_Page_53.jpg,096b3389d5f996e166029cdb29e96d55,3560,6016,JPEG
Office sketches 3x5_Page_54_00001.jpg,4192991,Office sketches 3x5_Page_54.jpg,09b4ddddfe62ab421ff09f3b71a2c44b,3576,5944,JPEG
Office sketches 3x5_Page_54_00002.jpg,4195238,Office sketches 3x5_Page_54.jpg,2834dfa9217c0d02ddf57d3e4b433a0f,3576,5944,JPEG
Office sketches 3x5_Page_54_00003.jpg,4127805,Office sketches 3x5_Page_54.jpg,5a610ddb86b97f584c7ad765cc904453,3576,5944,JPEG
Office sketches 3x5_Page_54_00004.jpg,4154379,Office sketches 3x5_Page_54.jpg,8c8d6f8174e6fd743ce6e328f94b74f7,3576,5944,JPEG
Office sketches 3x5_Page_54_00005.jpg,4429691,Office sketches 3x5_Page_54.jpg,801b4b7d0f782ca1995c5fdd4f613b96,3576,5944,JPEG
Office sketches 3x5_Page_54_00006.jpg,4166748,Office sketches 3x5_Page_54.jpg,b396e3a0599ce754c4c31f9c58555198,3576,5944,JPEG
Office sketches 3x5_Page_54_00007.jpg,4608045,Office sketches 3x5_Page_54.jpg,50068da85bdb9d12c3f1322e640bead8,3576,5944,JPEG
Office sketches 3x5_Page_54_00008.jpg,4337505,Office sketches 3x5_Page_54.jpg,7138b5b4fdd709b5c7445a19874bea1e,3576,5944,JPEG
Office sketches 3x5_Page_54_00009.jpg,4331953,Office sketches 3x5_Page_54.jpg,cea44140741b37436b405f86e13b6476,3576,5944,JPEG
Office sketches 3x5_Page_54_00010.jpg,4137632,Office sketches 3x5_Page_54.jpg,e540e3428dc9c1a7d21ff7101bcf6305,3576,5944,JPEG
Office sketches 3x5_Page_55_00001.jpg,5989691,Office sketches 3x5_Page_55.jpg,c7d306e353764d88a8b294672f3b2378,3568,6024,JPEG
Office sketches 3x5_Page_55_00002.jpg,5778857,Office sketches 3x5_Page_55.jpg,687883e5c6425962688fe7351b31f417,3568,6024,JPEG
Office sketches 3x5_Page_55_00003.jpg,5902406,Office sketches 3x5_Page_55.jpg,b0e74086a57d7fdd1f517795c5cd3da3,3568,6024,JPEG
Office sketches 3x5_Page_55_00004.jpg,5855474,Office sketches 3x5_Page_55.jpg,2c19ebfa7e31fbbf022916fcd7fea90d,3568,6024,JPEG
Office sketches 3x5_Page_55_00005.jpg,5786742,Office sketches 3x5_Page_55.jpg,d56b32bac37acdd537ffb02eac644658,3568,6024,JPEG
Office sketches 3x5_Page_55_00006.jpg,5890964,Office sketches 3x5_Page_55.jpg,706a93eec5bc7a229985417496ba53fc,3568,6024,JPEG
Office sketches 3x5_Page_55_00007.jpg,5882494,Office sketches 3x5_Page_55.jpg,1c939327a21888d240c226fff13af9ed,3568,6024,JPEG
Office sketches 3x5_Page_55_00008.jpg,5986482,Office sketches 3x5_Page_55.jpg,0f3c816c697e22015ee25fb0547b85b5,3568,6024,JPEG
Office sketches 3x5_Page_55_00009.jpg,6009244,Office sketches 3x5_Page_55.jpg,531d1da6fcdd39c0aa24a37111e4c811,3568,6024,JPEG
Office sketches 3x5_Page_55_00010.jpg,6209667,Office sketches 3x5_Page_55.jpg,f66bb00faa5b40860a212b82e2a15207,3568,6024,JPEG
Office sketches 3x5_Page_56_00001.jpg,4505149,Office sketches 3x5_Page_56.jpg,87877082a3925e4a5a22e63fbbe09d84,3568,5976,JPEG
Office sketches 3x5_Page_56_00002.jpg,4593556,Office sketches 3x5_Page_56.jpg,b92d7f3b3be4aa817bb007d5c042d44a,3568,5976,JPEG
Office sketches 3x5_Page_56_00003.jpg,4495241,Office sketches 3x5_Page_56.jpg,ceed13bc7436732899ca2514f238da1c,3568,5976,JPEG
Office sketches 3x5_Page_56_00004.jpg,5146183,Office sketches 3x5_Page_56.jpg,765e63b627699822c7c7d23fb5e7a6da,3568,5976,JPEG
Office sketches 3x5_Page_56_00005.jpg,4629319,Office sketches 3x5_Page_56.jpg,edaaa42aefda11b178f90258904d8806,3568,5976,JPEG
Office sketches 3x5_Page_56_00006.jpg,4646386,Office sketches 3x5_Page_56.jpg,ffe56fb7c77bc2b46394ba98c8042a3c,3568,5976,JPEG
Office sketches 3x5_Page_56_00007.jpg,4669448,Office sketches 3x5_Page_56.jpg,e35bf61b6d7803435a325ad98d72a6e7,3568,5976,JPEG
Office sketches 3x5_Page_56_00008.jpg,4643565,Office sketches 3x5_Page_56.jpg,05fd37ab800d99500dbf0e187683767c,3568,5976,JPEG
Office sketches 3x5_Page_56_00009.jpg,4574637,Office sketches 3x5_Page_56.jpg,790ed31dee09b1eba24c9d47c96c845a,3568,5976,JPEG
Office sketches 3x5_Page_56_00010.jpg,4681048,Office sketches 3x5_Page_56.jpg,13806660c540d458f2bb3a2b0c0228b5,3568,5976,JPEG
Office sketches 3x5_Page_57_00001.jpg,4334227,Office sketches 3x5_Page_57.jpg,0522a3e4fe2200c08f62e297a26047b5,3656,4848,JPEG
Office sketches 3x5_Page_57_00002.jpg,4043280,Office sketches 3x5_Page_57.jpg,f660afc948328295eb1f94de4ca70013,3656,4848,JPEG
Office sketches 3x5_Page_57_00003.jpg,4248835,Office sketches 3x5_Page_57.jpg,2dae5b43863101da4347252c9a03abdb,3656,4848,JPEG
Office sketches 3x5_Page_57_00004.jpg,4400186,Office sketches 3x5_Page_57.jpg,87f31f8988f19e510a6bc3b16e4e6f5f,3656,4848,JPEG
Office sketches 3x5_Page_57_00005.jpg,4546077,Office sketches 3x5_Page_57.jpg,729c15596b5405c29f4a09af2ba1dbde,3656,4848,JPEG
Office sketches 3x5_Page_57_00006.jpg,4134113,Office sketches 3x5_Page_57.jpg,a36cb5faa7a454f2489587d914bab1ba,3656,4848,JPEG
Office sketches 3x5_Page_57_00007.jpg,4058054,Office sketches 3x5_Page_57.jpg,142388da1c1f7c782f87ae007e6eb5c7,3656,4848,JPEG
Office sketches 3x5_Page_57_00008.jpg,4542724,Office sketches 3x5_Page_57.jpg,e1d7b4155c98d08148471695a4f8402f,3656,4848,JPEG
Office sketches 3x5_Page_57_00009.jpg,4486640,Office sketches 3x5_Page_57.jpg,e385e787be65a3472c8ee2ca051abff7,3656,4848,JPEG
Office sketches 3x5_Page_57_00010.jpg,4078678,Office sketches 3x5_Page_57.jpg,ac7218e1444c2a2341890438fa3c7528,3656,4848,JPEG
Office sketches 3x5_Page_58_00001.jpg,2522140,Office sketches 3x5_Page_58.jpg,d2f71a7b9bea7536b572e36025a4f2be,2992,5448,JPEG
Office sketches 3x5_Page_58_00002.jpg,2701258,Office sketches 3x5_Page_58.jpg,20a02aeae7706d733c2c12a5fc9d3e55,2992,5448,JPEG
Office sketches 3x5_Page_58_00003.jpg,2520449,Office sketches 3x5_Page_58.jpg,3edb25fa4fde74b2e9764479df882f1c,2992,5448,JPEG
Office sketches 3x5_Page_58_00004.jpg,2332777,Office sketches 3x5_Page_58.jpg,e1ac4e8f7e1a4cdeae075cedc32de1d0,2992,5448,JPEG
Office sketches 3x5_Page_58_00005.jpg,2347561,Office sketches 3x5_Page_58.jpg,fad112c4c68650a6622bd7d410f02870,2992,5448,JPEG
Office sketches 3x5_Page_58_00006.jpg,2396963,Office sketches 3x5_Page_58.jpg,4e8504435cded1d8d15a9df7a10c76cc,2992,5448,JPEG
Office sketches 3x5_Page_58_00007.jpg,2494008,Office sketches 3x5_Page_58.jpg,1b4d95c7f2ca08b0b47d0778e9bb93c8,2992,5448,JPEG
Office sketches 3x5_Page_58_00008.jpg,2361909,Office sketches 3x5_Page_58.jpg,39e956ca09fe6bf22a19176e2c8dc026,2992,5448,JPEG
Office sketches 3x5_Page_58_00009.jpg,2636691,Office sketches 3x5_Page_58.jpg,c2ea59508e3f687cb892a4367f59254b,2992,5448,JPEG
Office sketches 3x5_Page_58_00010.jpg,2585754,Office sketches 3x5_Page_58.jpg,b8bc2f22664165894be66d2ebc9a934a,2992,5448,JPEG
Office sketches 3x5_Page_59_00001.jpg,2716650,Office sketches 3x5_Page_59.jpg,8e47b31f69c32be241944993d9cc0868,3648,5256,JPEG
Office sketches 3x5_Page_59_00002.jpg,3299429,Office sketches 3x5_Page_59.jpg,e960665b445d01eddb451adc21d794ac,3648,5256,JPEG
Office sketches 3x5_Page_59_00003.jpg,3051458,Office sketches 3x5_Page_59.jpg,442b14e213e02411bae8dab4ba5f6a81,3648,5256,JPEG
Office sketches 3x5_Page_59_00004.jpg,2655920,Office sketches 3x5_Page_59.jpg,b8e20a2df76c181c4b2850126f670652,3648,5256,JPEG
Office sketches 3x5_Page_59_00005.jpg,2766124,Office sketches 3x5_Page_59.jpg,1675437e0ec3eecd46dc932106aa20b6,3648,5256,JPEG
Office sketches 3x5_Page_59_00006.jpg,2987721,Office sketches 3x5_Page_59.jpg,06e66d045b80490e00aaf45e42acedac,3648,5256,JPEG
Office sketches 3x5_Page_59_00007.jpg,2915883,Office sketches 3x5_Page_59.jpg,7dace63ca0f036588dbd88fa059545c4,3648,5256,JPEG
Office sketches 3x5_Page_59_00008.jpg,3149639,Office sketches 3x5_Page_59.jpg,a8ee8127fca1ebaaf941be866fd4eaa2,3648,5256,JPEG
Office sketches 3x5_Page_59_00009.jpg,2971831,Office sketches 3x5_Page_59.jpg,0a7e765a44a05c230b1904122e7c8c10,3648,5256,JPEG
Office sketches 3x5_Page_59_00010.jpg,2858804,Office sketches 3x5_Page_59.jpg,23e1b425023d1e7cbde1d396f631f854,3648,5256,JPEG
Office sketches 3x5_Page_60_00001.jpg,5042248,Office sketches 3x5_Page_60.jpg,3a92705095964272590024a3e9d43d1e,3632,5976,JPEG
Office sketches 3x5_Page_60_00002.jpg,5056958,Office sketches 3x5_Page_60.jpg,bf985676a6ecfa721293a5da77c458c8,3632,5976,JPEG
Office sketches 3x5_Page_60_00003.jpg,4930390,Office sketches 3x5_Page_60.jpg,26da0a431aa46ca83d4bc8349f8db73a,3632,5976,JPEG
Office sketches 3x5_Page_60_00004.jpg,5021124,Office sketches 3x5_Page_60.jpg,a0c1468e36230e4e1dea987e43505997,3632,5976,JPEG
Office sketches 3x5_Page_60_00005.jpg,5076822,Office sketches 3x5_Page_60.jpg,836e224560320dffca1a34be478446bb,3632,5976,JPEG
Office sketches 3x5_Page_60_00006.jpg,5096482,Office sketches 3x5_Page_60.jpg,0c40b8aa1a659bbb95f77bb2eb32cac8,3632,5976,JPEG
Office sketches 3x5_Page_60_00007.jpg,4977883,Office sketches 3x5_Page_60.jpg,71c4ede7034ca4768beef389c8bba760,3632,5976,JPEG
Office sketches 3x5_Page_60_00008.jpg,5171032,Office sketches 3x5_Page_60.jpg,6da18c28a2ad1dc6baa809a463034ce6,3632,5976,JPEG
Office sketches 3x5_Page_60_00009.jpg,5238369,Office sketches 3x5_Page_60.jpg,33641335750af6d640086adec9061062,3632,5976,JPEG
Office sketches 3x5_Page_60_00010.jpg,5058325,Office sketches 3x5_Page_60.jpg,7d0946a2b804bd0fad665288d75b1f2c,3632,5976,JPEG
Office sketches 3x5_Page_61_00001.jpg,5704664,Office sketches 3x5_Page_61.jpg,2186f3f5c4fb24a81a294cfeafc02446,3792,6064,JPEG
Office sketches 3x5_Page_61_00002.jpg,5842157,Office sketches 3x5_Page_61.jpg,eaf122d530c6a163165634fb3c29b5bc,3792,6064,JPEG
Office sketches 3x5_Page_61_00003.jpg,5806785,Office sketches 3x5_Page_61.jpg,577df1d6e1276dbfd2029b3130c5835e,3792,6064,JPEG
Office sketches 3x5_Page_61_00004.jpg,5731035,Office sketches 3x5_Page_61.jpg,e6775dbb16a6ade252313c66dc28eb33,3792,6064,JPEG
Office sketches 3x5_Page_61_00005.jpg,5871873,Office sketches 3x5_Page_61.jpg,8e50fcb2307360a4301507456d05e83a,3792,6064,JPEG
Office sketches 3x5_Page_61_00006.jpg,5608212,Office sketches 3x5_Page_61.jpg,ba2242c71bc23751e62b11ff4274f13c,3792,6064,JPEG
Office sketches 3x5_Page_61_00007.jpg,5920530,Office sketches 3x5_Page_61.jpg,cabc8e7c28f117e92dfcf21a815cbed3,3792,6064,JPEG
Office sketches 3x5_Page_61_00008.jpg,5772726,Office sketches 3x5_Page_61.jpg,eadef2f4d716909c7e7354214053b495,3792,6064,JPEG
Office sketches 3x5_Page_61_00009.jpg,5871642,Office sketches 3x5_Page_61.jpg,5a28463ebbbf2e0078080ed0bddc8946,3792,6064,JPEG
Office sketches 3x5_Page_61_00010.jpg,5855101,Office sketches 3x5_Page_61.jpg,79373dadfe5d8a9723766335d06ba2c9,3792,6064,JPEG
Office sketches 3x5_Page_62_00001.jpg,4848907,Office sketches 3x5_Page_62.jpg,d5bc460caa42a96ee97936422de1ac23,3592,6024,JPEG
Office sketches 3x5_Page_62_00002.jpg,5076563,Office sketches 3x5_Page_62.jpg,ccac619568d0f0b172f25a2ff48d358e,3592,6024,JPEG
Office sketches 3x5_Page_62_00003.jpg,4776600,Office sketches 3x5_Page_62.jpg,342252bceb128ed41ae919abe8c28c0a,3592,6024,JPEG
Office sketches 3x5_Page_62_00004.jpg,5127935,Office sketches 3x5_Page_62.jpg,b59d9f4db73d66038623247ed51fef4a,3592,6024,JPEG
Office sketches 3x5_Page_62_00005.jpg,4725664,Office sketches 3x5_Page_62.jpg,f3f9da5b2a25fe6a48979f5088c3059c,3592,6024,JPEG
Office sketches 3x5_Page_62_00006.jpg,4907157,Office sketches 3x5_Page_62.jpg,e0ab4ac1ea13a8cbc9b14bf1f8227ff1,3592,6024,JPEG
Office sketches 3x5_Page_62_00007.jpg,4863199,Office sketches 3x5_Page_62.jpg,b344640fa24f6b505b47ead7d110f9d4,3592,6024,JPEG
Office sketches 3x5_Page_62_00008.jpg,4981757,Office sketches 3x5_Page_62.jpg,f853f65e8b81d386d37165d6165c2bdb,3592,6024,JPEG
Office sketches 3x5_Page_62_00009.jpg,4938316,Office sketches 3x5_Page_62.jpg,51f251c5ad8696ecee8b3e2a073710a1,3592,6024,JPEG
Office sketches 3x5_Page_62_00010.jpg,4939389,Office sketches 3x5_Page_62.jpg,91eb24c453a507643aa03ef172df087f,3592,6024,JPEG
Office sketches 3x5_Page_63_00001.jpg,5840421,Office sketches 3x5_Page_63.jpg,1721c3c0e60e9dc61704c9ce655a0810,3616,6032,JPEG
Office sketches 3x5_Page_63_00002.jpg,5964528,Office sketches 3x5_Page_63.jpg,f2e25695584dda35fa936b0ccc82adb9,3616,6032,JPEG
Office sketches 3x5_Page_63_00003.jpg,5778223,Office sketches 3x5_Page_63.jpg,c526d80186d7c85d9c23c85db51eabcc,3616,6032,JPEG
Office sketches 3x5_Page_63_00004.jpg,5735936,Office sketches 3x5_Page_63.jpg,91f105c2dc09641e13c37bb745526f48,3616,6032,JPEG
Office sketches 3x5_Page_63_00005.jpg,5900271,Office sketches 3x5_Page_63.jpg,0733f136ae9273690ec0e372a911845e,3616,6032,JPEG
Office sketches 3x5_Page_63_00006.jpg,5709479,Office sketches 3x5_Page_63.jpg,83827803221f644e532603d2abd4d478,3616,6032,JPEG
Office sketches 3x5_Page_63_00007.jpg,5588997,Office sketches 3x5_Page_63.jpg,3e71eb511a432f592a2afb2a66fe6149,3616,6032,JPEG
Office sketches 3x5_Page_63_00008.jpg,5902052,Office sketches 3x5_Page_63.jpg,31e8e551b10cc44d14e8ff6b963258a9,3616,6032,JPEG
Office sketches 3x5_Page_63_00009.jpg,5538322,Office sketches 3x5_Page_63.jpg,6719aa19ca1337b5286c6f907ee76802,3616,6032,JPEG
Office sketches 3x5_Page_63_00010.jpg,5673479,Office sketches 3x5_Page_63.jpg,f1abd76e29d153253cfb5be8f7538bf9,3616,6032,JPEG
Office sketches 3x5_Page_64_00001.jpg,4323985,Office sketches 3x5_Page_64.jpg,542c821852d36252aac19bf2ac9dee78,3592,6024,JPEG
Office sketches 3x5_Page_64_00002.jpg,4354298,Office sketches 3x5_Page_64.jpg,ee003a70affbe2c0afda95515574a947,3592,6024,JPEG
Office sketches 3x5_Page_64_00003.jpg,4280911,Office sketches 3x5_Page_64.jpg,6ba5cad80a593acd3fd30f2943489f6b,3592,6024,JPEG
Office sketches 3x5_Page_64_00004.jpg,4286407,Office sketches 3x5_Page_64.jpg,c7825440dbcc81d0e69f3f31dd2ca7e9,3592,6024,JPEG
Office sketches 3x5_Page_64_00005.jpg,4260689,Office sketches 3x5_Page_64.jpg,a2f05c1cfafe984fd0c20fbc8a1921bf,3592,6024,JPEG
Office sketches 3x5_Page_64_00006.jpg,4468381,Office sketches 3x5_Page_64.jpg,b740d4b088e26ce99c448cae6522a115,3592,6024,JPEG
Office sketches 3x5_Page_64_00007.jpg,4384378,Office sketches 3x5_Page_64.jpg,700244e24ad28260c85ba0ff854cfa3a,3592,6024,JPEG
Office sketches 3x5_Page_64_00008.jpg,4275258,Office sketches 3x5_Page_64.jpg,1e30c7af4b7b5560d0e9af357dd8004b,3592,6024,JPEG
Office sketches 3x5_Page_64_00009.jpg,4385264,Office sketches 3x5_Page_64.jpg,dacb2969bde95eb75dda20364c87a64e,3592,6024,JPEG
Office sketches 3x5_Page_64_00010.jpg,4369142,Office sketches 3x5_Page_64.jpg,f1969de871b576b029a15eedb03ab836,3592,6024,JPEG
Office sketches 3x5_Page_65_00001.jpg,4008747,Office sketches 3x5_Page_65.jpg,b1a11346e1bd68a9cc530649a31101ae,3624,6000,JPEG
Office sketches 3x5_Page_65_00002.jpg,3906054,Office sketches 3x5_Page_65.jpg,e0600bbc43113174e12dbd2b1779a370,3624,6000,JPEG
Office sketches 3x5_Page_65_00003.jpg,3571854,Office sketches 3x5_Page_65.jpg,74a36da7cff67095caa41d407f21d782,3624,6000,JPEG
Office sketches 3x5_Page_65_00004.jpg,3524949,Office sketches 3x5_Page_65.jpg,81f9fb2a24d72d8ab25b725656748c1c,3624,6000,JPEG
Office sketches 3x5_Page_65_00005.jpg,3737939,Office sketches 3x5_Page_65.jpg,c56d9fec3c8e9493ffa6e3daaa56b926,3624,6000,JPEG
Office sketches 3x5_Page_65_00006.jpg,3696064,Office sketches 3x5_Page_65.jpg,32c2f3b721c2a3f9d9fb111113cf51c2,3624,6000,JPEG
Office sketches 3x5_Page_65_00007.jpg,3639533,Office sketches 3x5_Page_65.jpg,582a96b9d5c433f1374429b11d6c1f53,3624,6000,JPEG
Office sketches 3x5_Page_65_00008.jpg,3704298,Office sketches 3x5_Page_65.jpg,26e51b208006313dfc453edaee203329,3624,6000,JPEG
Office sketches 3x5_Page_65_00009.jpg,3708036,Office sketches 3x5_Page_65.jpg,049b3e1b87e85e608cfaaf0f8b61f88c,3624,6000,JPEG
Office sketches 3x5_Page_65_00010.jpg,3706767,Office sketches 3x5_Page_65.jpg,08dd32d4b7a864650c35bad1e1059549,3624,6000,JPEG
Office sketches 3x5_Page_66_00001.jpg,2870936,Office sketches 3x5_Page_66.jpg,f46048dfe599f305144d459783dff523,3056,3600,JPEG
Office sketches 3x5_Page_66_00002.jpg,3038054,Office sketches 3x5_Page_66.jpg,463b1e80a2cf79674ffbe37f46d4b325,3056,3600,JPEG
Office sketches 3x5_Page_66_00003.jpg,3002463,Office sketches 3x5_Page_66.jpg,ae16fce70f68abb027432deb297d3095,3056,3600,JPEG
Office sketches 3x5_Page_66_00004.jpg,3009297,Office sketches 3x5_Page_66.jpg,3f58dce843757dab43247972268256a7,3056,3600,JPEG
Office sketches 3x5_Page_66_00005.jpg,3096434,Office sketches 3x5_Page_66.jpg,36727c6610e08eab2902193956879aa9,3056,3600,JPEG
Office sketches 3x5_Page_66_00006.jpg,3004575,Office sketches 3x5_Page_66.jpg,bbcf43d4a95698d6545251babb2849ee,3056,3600,JPEG
Office sketches 3x5_Page_66_00007.jpg,3130012,Office sketches 3x5_Page_66.jpg,054265beb34944b4980524eb6d755c4c,3056,3600,JPEG
Office sketches 3x5_Page_66_00008.jpg,2884701,Office sketches 3x5_Page_66.jpg,bb74ad8dd00fcb36346203151fbe18d6,3056,3600,JPEG
Office sketches 3x5_Page_66_00009.jpg,2809256,Office sketches 3x5_Page_66.jpg,2f4f42fbab83cf87472a12c8274189df,3056,3600,JPEG
Office sketches 3x5_Page_66_00010.jpg,2982510,Office sketches 3x5_Page_66.jpg,9124515da70fb58d9a92d985b40591e2,3056,3600,JPEG
Office sketches 3x5_Page_67_00001.jpg,1238945,Office sketches 3x5_Page_67.jpg,8ab284706027bae4a8b59e53082e9de4,3000,1768,JPEG
Office sketches 3x5_Page_67_00002.jpg,964677,Office sketches 3x5_Page_67.jpg,96a5d3da0b274eb8a9629702c95d5a90,3000,1768,JPEG
Office sketches 3x5_Page_67_00003.jpg,1080343,Office sketches 3x5_Page_67.jpg,0a054ad623470ec41650d4501f57c75d,3000,1768,JPEG
Office sketches 3x5_Page_67_00004.jpg,1084630,Office sketches 3x5_Page_67.jpg,7e5e5c745e35a367038648e13b2efc79,3000,1768,JPEG
Office sketches 3x5_Page_67_00005.jpg,1230400,Office sketches 3x5_Page_67.jpg,12d8f3d33d4b4fb458baa8eb2a4e0203,3000,1768,JPEG
Office sketches 3x5_Page_67_00006.jpg,1113528,Office sketches 3x5_Page_67.jpg,b87867c6cb290f6982c7d5c97dfe349f,3000,1768,JPEG
Office sketches 3x5_Page_67_00007.jpg,1096064,Office sketches 3x5_Page_67.jpg,2356b7ca41e4dff9eb5b032440bfef86,3000,1768,JPEG
Office sketches 3x5_Page_67_00008.jpg,1030026,Office sketches 3x5_Page_67.jpg,c535ab0d0458130358f3da6380e97c9f,3000,1768,JPEG
Office sketches 3x5_Page_67_00009.jpg,1095882,Office sketches 3x5_Page_67.jpg,109c54904b4a169dfcf00e027c4d8e61,3000,1768,JPEG
Office sketches 3x5_Page_67_00010.jpg,1326169,Office sketches 3x5_Page_67.jpg,a946965df49c99ab27aea593f8f9a470,3000,1768,JPEG
Office sketches 5x8_Page_01_00001.jpg,4559846,Office sketches 5x8_Page_01.jpg,59fbe4243f682a27c0bd07b7336ff2c8,4752,5736,JPEG
Office sketches 5x8_Page_01_00002.jpg,4542633,Office sketches 5x8_Page_01.jpg,9a13b13aaac32a54fec9f4fb5bd308cd,4752,5736,JPEG
Office sketches 5x8_Page_01_00003.jpg,4412581,Office sketches 5x8_Page_01.jpg,931951b811a3db63a7fa5ac4afbd6612,4752,5736,JPEG
Office sketches 5x8_Page_01_00004.jpg,4340676,Office sketches 5x8_Page_01.jpg,91cc4c55df3244e77dea0a06eca0bd0c,4752,5736,JPEG
Office sketches 5x8_Page_01_00005.jpg,4273718,Office sketches 5x8_Page_01.jpg,4a5f01c95fa71a9073a66e7125ee6031,4752,5736,JPEG
Office sketches 5x8_Page_01_00006.jpg,4053441,Office sketches 5x8_Page_01.jpg,8f3894b40f133f42fd3b448c9a8e0682,4752,5736,JPEG
Office sketches 5x8_Page_01_00007.jpg,4254432,Office sketches 5x8_Page_01.jpg,4bc9f12a7c0187e613d3466e7078a83f,4752,5736,JPEG
Office sketches 5x8_Page_01_00008.jpg,4254965,Office sketches 5x8_Page_01.jpg,a6ecddedf538db736108496aa0e7bf70,4752,5736,JPEG
Office sketches 5x8_Page_01_00009.jpg,4472614,Office sketches 5x8_Page_01.jpg,afbf88f633d556daa6b3ff51db78235e,4752,5736,JPEG
Office sketches 5x8_Page_01_00010.jpg,4070974,Office sketches 5x8_Page_01.jpg,9b63e3658a949dee782f584f3f4b58b8,4752,5736,JPEG
Office sketches 5x8_Page_02_00001.jpg,7677395,Office sketches 5x8_Page_02.jpg,961b0dd86c76dbbe0d61d2280e42e99b,4744,5816,JPEG
Office sketches 5x8_Page_02_00002.jpg,8053460,Office sketches 5x8_Page_02.jpg,024a104c7107ee4fb741c76292f9802a,4744,5816,JPEG
Office sketches 5x8_Page_02_00003.jpg,7609645,Office sketches 5x8_Page_02.jpg,45adc5d5c299889c15cecc074190a6f7,4744,5816,JPEG
Office sketches 5x8_Page_02_00004.jpg,8076495,Office sketches 5x8_Page_02.jpg,1010c79041a941da53ed895ba3a1fafa,4744,5816,JPEG
Office sketches 5x8_Page_02_00005.jpg,7734694,Office sketches 5x8_Page_02.jpg,8b7f78eb4f49d114974d045714a4217d,4744,5816,JPEG
Office sketches 5x8_Page_02_00006.jpg,7884430,Office sketches 5x8_Page_02.jpg,1cd1660bca5dccb2712cb3faa2ea188c,4744,5816,JPEG
Office sketches 5x8_Page_02_00007.jpg,8173300,Office sketches 5x8_Page_02.jpg,867e12d18ed157731a97dfa908facc49,4744,5816,JPEG
Office sketches 5x8_Page_02_00008.jpg,7658320,Office sketches 5x8_Page_02.jpg,ad0e279a794a4c24a4af94a600097bbe,4744,5816,JPEG
Office sketches 5x8_Page_02_00009.jpg,7994902,Office sketches 5x8_Page_02.jpg,3c5fbcdb3dbcf93cac08a254092f79b6,4744,5816,JPEG
Office sketches 5x8_Page_02_00010.jpg,7859030,Office sketches 5x8_Page_02.jpg,fe06b92c5858d71f2ea4fdbefa815d63,4744,5816,JPEG
Office sketches 5x8_Page_03_00001.jpg,5950328,Office sketches 5x8_Page_03.jpg,5956196de821f50c374253e8b46c29f5,4752,5896,JPEG
Office sketches 5x8_Page_03_00002.jpg,5912040,Office sketches 5x8_Page_03.jpg,ccc3e9797d4d09226aa4baba0d44503f,4752,5896,JPEG
Office sketches 5x8_Page_03_00003.jpg,5563850,Office sketches 5x8_Page_03.jpg,a9ad49bc9490a1b2d6b07bab749f0186,4752,5896,JPEG
Office sketches 5x8_Page_03_00004.jpg,5987427,Office sketches 5x8_Page_03.jpg,4c7bf976f771d5d3b637e8fc3514012e,4752,5896,JPEG
Office sketches 5x8_Page_03_00005.jpg,5869716,Office sketches 5x8_Page_03.jpg,6e56b89b79de960fa08f94f622713599,4752,5896,JPEG
Office sketches 5x8_Page_03_00006.jpg,5894435,Office sketches 5x8_Page_03.jpg,9d9b815cb1c47396ccb80484358a55cb,4752,5896,JPEG
Office sketches 5x8_Page_03_00007.jpg,6338334,Office sketches 5x8_Page_03.jpg,e4fd05be3182c217b491a1dba15e79dc,4752,5896,JPEG
Office sketches 5x8_Page_03_00008.jpg,5677349,Office sketches 5x8_Page_03.jpg,b904cd0c568b1b427c7fffae200ecc7e,4752,5896,JPEG
Office sketches 5x8_Page_03_00009.jpg,5913440,Office sketches 5x8_Page_03.jpg,d4761c815668a67bdbfc3e478d36cb29,4752,5896,JPEG
Office sketches 5x8_Page_03_00010.jpg,5741718,Office sketches 5x8_Page_03.jpg,8ed8e50cb00b15c438fc66a570e8d60c,4752,5896,JPEG
Office sketches 5x8_Page_04_00001.jpg,4127573,Office sketches 5x8_Page_04.jpg,2cbaa0a83262c2607bddf691a195c90a,4824,5920,JPEG
Office sketches 5x8_Page_04_00002.jpg,3888457,Office sketches 5x8_Page_04.jpg,cb1e6d06499dc4c8504e5e1738f8126c,4824,5920,JPEG
Office sketches 5x8_Page_04_00003.jpg,4276516,Office sketches 5x8_Page_04.jpg,b905c553311cfec956e29822bc15f711,4824,5920,JPEG
Office sketches 5x8_Page_04_00004.jpg,3876747,Office sketches 5x8_Page_04.jpg,ee74213f269346f72f542015595b311b,4824,5920,JPEG
Office sketches 5x8_Page_04_00005.jpg,4292693,Office sketches 5x8_Page_04.jpg,edca8097f82febfc6631d59b8cd96fa9,4824,5920,JPEG
Office sketches 5x8_Page_04_00006.jpg,3872476,Office sketches 5x8_Page_04.jpg,402e6c95ebbb01dd2356923f8b1474a2,4824,5920,JPEG
Office sketches 5x8_Page_04_00007.jpg,4316330,Office sketches 5x8_Page_04.jpg,5db391b2f8fe86d825cf8cb265452871,4824,5920,JPEG
Office sketches 5x8_Page_04_00008.jpg,4085008,Office sketches 5x8_Page_04.jpg,d108ef35ece4b2e206a4a9722987b205,4824,5920,JPEG
Office sketches 5x8_Page_04_00009.jpg,4201350,Office sketches 5x8_Page_04.jpg,f3e3fa9b62cccc32bdc9da5acf2df4c4,4824,5920,JPEG
Office sketches 5x8_Page_04_00010.jpg,4149776,Office sketches 5x8_Page_04.jpg,c2378fd42968b17a4e77b1d88a9b4a17,4824,5920,JPEG
Office sketches 5x8_Page_05_00001.jpg,5080020,Office sketches 5x8_Page_05.jpg,a226eb66c17810a7d6ebea7a720fecfb,4752,5872,JPEG
Office sketches 5x8_Page_05_00002.jpg,5412262,Office sketches 5x8_Page_05.jpg,959cd759e07febba8ed7b2d497a31be5,4752,5872,JPEG
Office sketches 5x8_Page_05_00003.jpg,5225164,Office sketches 5x8_Page_05.jpg,1878d77952169cdb0660e5d1424ee193,4752,5872,JPEG
Office sketches 5x8_Page_05_00004.jpg,4934985,Office sketches 5x8_Page_05.jpg,cfa51ee135456cc867279b3c36a16e99,4752,5872,JPEG
Office sketches 5x8_Page_05_00005.jpg,5426137,Office sketches 5x8_Page_05.jpg,c62d25a3eb45b32465101752a7c33829,4752,5872,JPEG
Office sketches 5x8_Page_05_00006.jpg,5346012,Office sketches 5x8_Page_05.jpg,5d45e6202178d18b92d94e71736e8179,4752,5872,JPEG
Office sketches 5x8_Page_05_00007.jpg,5319418,Office sketches 5x8_Page_05.jpg,ce06e8e63d37fcccc1d770fc69847697,4752,5872,JPEG
Office sketches 5x8_Page_05_00008.jpg,5239627,Office sketches 5x8_Page_05.jpg,7fa1ef35a76115c7df70f305c80f9ae1,4752,5872,JPEG
Office sketches 5x8_Page_05_00009.jpg,5987155,Office sketches 5x8_Page_05.jpg,a5d2514840695f865ca7303aa54c1acb,4752,5872,JPEG
Office sketches 5x8_Page_05_00010.jpg,5045358,Office sketches 5x8_Page_05.jpg,297d171aca0a78a4cda7d5d6f4dba68b,4752,5872,JPEG
Office sketches 5x8_Page_06_00001.jpg,5671008,Office sketches 5x8_Page_06.jpg,f109fc777de832d366faab98be57944f,4808,5592,JPEG
Office sketches 5x8_Page_06_00002.jpg,6095279,Office sketches 5x8_Page_06.jpg,43962f0b719af0f3e8dfd664321cac2e,4808,5592,JPEG
Office sketches 5x8_Page_06_00003.jpg,5890978,Office sketches 5x8_Page_06.jpg,3deacc4d010b47722e51a9d0c3b66dbb,4808,5592,JPEG
Office sketches 5x8_Page_06_00004.jpg,5847875,Office sketches 5x8_Page_06.jpg,97c5ae8440258d055c4499c9dc8d8601,4808,5592,JPEG
Office sketches 5x8_Page_06_00005.jpg,5805156,Office sketches 5x8_Page_06.jpg,d41d8582fa12cfdee167e7f0b3b63ddd,4808,5592,JPEG
Office sketches 5x8_Page_06_00006.jpg,5910821,Office sketches 5x8_Page_06.jpg,a99e97e5dbed0d38a9488640ad5e399c,4808,5592,JPEG
Office sketches 5x8_Page_06_00007.jpg,5555451,Office sketches 5x8_Page_06.jpg,2ab4a728b416fdc14b7eb95d95c5b470,4808,5592,JPEG
Office sketches 5x8_Page_06_00008.jpg,5586647,Office sketches 5x8_Page_06.jpg,7bad0c3a025cba4185bad4ff5ce82938,4808,5592,JPEG
Office sketches 5x8_Page_06_00009.jpg,5920547,Office sketches 5x8_Page_06.jpg,bb9ce17b2a62df947958918c76f75758,4808,5592,JPEG
Office sketches 5x8_Page_06_00010.jpg,5809513,Office sketches 5x8_Page_06.jpg,a2287e7ef3b5e704fffb4892b4dc184b,4808,5592,JPEG
Office sketches 5x8_Page_07_00001.jpg,5272558,Office sketches 5x8_Page_07.jpg,c80812db76404f8adfbecbbf12ce99f9,4776,5760,JPEG
Office sketches 5x8_Page_07_00002.jpg,5512980,Office sketches 5x8_Page_07.jpg,ecb9bd5e0851804e3c7625d11638a890,4776,5760,JPEG
Office sketches 5x8_Page_07_00003.jpg,5289367,Office sketches 5x8_Page_07.jpg,1184e4c767294eaf86647db4b7d1859a,4776,5760,JPEG
Office sketches 5x8_Page_07_00004.jpg,5143049,Office sketches 5x8_Page_07.jpg,d20eef93a6c92e1d13b2a92e749b3b1d,4776,5760,JPEG
Office sketches 5x8_Page_07_00005.jpg,5157745,Office sketches 5x8_Page_07.jpg,99d2230620262265069234a2425de7c0,4776,5760,JPEG
Office sketches 5x8_Page_07_00006.jpg,5320087,Office sketches 5x8_Page_07.jpg,eebef70e8085fdebd88becaf969567d5,4776,5760,JPEG
Office sketches 5x8_Page_07_00007.jpg,5411735,Office sketches 5x8_Page_07.jpg,9bddafd7a46e26821841c471ceedead9,4776,5760,JPEG
Office sketches 5x8_Page_07_00008.jpg,5268029,Office sketches 5x8_Page_07.jpg,18b5c36d800e4bd21324bdea8d184789,4776,5760,JPEG
Office sketches 5x8_Page_07_00009.jpg,5340932,Office sketches 5x8_Page_07.jpg,59273baf2e2347b29c45c75e0b1c940f,4776,5760,JPEG
Office sketches 5x8_Page_07_00010.jpg,5036443,Office sketches 5x8_Page_07.jpg,6445ba6566ee30f422bb2b3c61fe80a9,4776,5760,JPEG
Office sketches 5x8_Page_08_00001.jpg,5572658,Office sketches 5x8_Page_08.jpg,5987160da3758daf3594388beb8df817,4808,5864,JPEG
Office sketches 5x8_Page_08_00002.jpg,5317464,Office sketches 5x8_Page_08.jpg,72f55cb5dcb335d00161cc48512edea8,4808,5864,JPEG
Office sketches 5x8_Page_08_00003.jpg,5375974,Office sketches 5x8_Page_08.jpg,0e50cbcd59c1b9dc9be8a5f3ce1356f5,4808,5864,JPEG
Office sketches 5x8_Page_08_00004.jpg,5130879,Office sketches 5x8_Page_08.jpg,91038d6f40aa1f943f49a471c893ddd7,4808,5864,JPEG
Office sketches 5x8_Page_08_00005.jpg,4937240,Office sketches 5x8_Page_08.jpg,a49e6baab695808493bf6bda07bf00f5,4808,5864,JPEG
Office sketches 5x8_Page_08_00006.jpg,5093610,Office sketches 5x8_Page_08.jpg,570dce6cb407cc006fea10d420d8080e,4808,5864,JPEG
Office sketches 5x8_Page_08_00007.jpg,4892003,Office sketches 5x8_Page_08.jpg,a8f79e6b4d031b1743ee2ed9ae557b08,4808,5864,JPEG
Office sketches 5x8_Page_08_00008.jpg,5144463,Office sketches 5x8_Page_08.jpg,98e7b550d6c76e91c52623ea15287fef,4808,5864,JPEG
Office sketches 5x8_Page_08_00009.jpg,5211633,Office sketches 5x8_Page_08.jpg,7032fb22cad3ec128c26c840265604b3,4808,5864,JPEG
Office sketches 5x8_Page_08_00010.jpg,4792355,Office sketches 5x8_Page_08.jpg,b956e76cedd01a637ea291c0292de248,4808,5864,JPEG
Office sketches 5x8_Page_10_00001.jpg,5012629,Office sketches 5x8_Page_10.jpg,c7d3f579a7cd5fd94c6ad4e7b121979e,4856,5808,JPEG
Office sketches 5x8_Page_10_00002.jpg,5457855,Office sketches 5x8_Page_10.jpg,f9e2824634ee2a12858bde7915b8843a,4856,5808,JPEG
Office sketches 5x8_Page_10_00003.jpg,5070170,Office sketches 5x8_Page_10.jpg,57eb55982eb55745ef89a06095017007,4856,5808,JPEG
Office sketches 5x8_Page_10_00004.jpg,5099902,Office sketches 5x8_Page_10.jpg,8b5782f361c1bc142819c957b4aa5a56,4856,5808,JPEG
Office sketches 5x8_Page_10_00005.jpg,5143945,Office sketches 5x8_Page_10.jpg,5c855cda453b62a7be29070517467888,4856,5808,JPEG
Office sketches 5x8_Page_10_00006.jpg,5438263,Office sketches 5x8_Page_10.jpg,4be72b358b3a4e15b7f62c5b606e66af,4856,5808,JPEG
Office sketches 5x8_Page_10_00007.jpg,5224376,Office sketches 5x8_Page_10.jpg,a54ceeef7a46aca59aa85c85a0de92b6,4856,5808,JPEG
Office sketches 5x8_Page_10_00008.jpg,5034415,Office sketches 5x8_Page_10.jpg,d6e3e38b584683dd27077b510868a82b,4856,5808,JPEG
Office sketches 5x8_Page_10_00009.jpg,5413998,Office sketches 5x8_Page_10.jpg,78940784d17e0c52e7d31d3561592f12,4856,5808,JPEG
Office sketches 5x8_Page_10_00010.jpg,5782009,Office sketches 5x8_Page_10.jpg,505ce00677149bf3d9bf7c0324c30d25,4856,5808,JPEG
Office sketches 5x8_Page_11_00001.jpg,7567380,Office sketches 5x8_Page_11.jpg,a1a837a41d5a1ab4f9897c02eb821836,4760,5768,JPEG
Office sketches 5x8_Page_11_00002.jpg,6999021,Office sketches 5x8_Page_11.jpg,ab85f4d0da2526c7fc186f3fb61e7a7c,4760,5768,JPEG
Office sketches 5x8_Page_11_00003.jpg,7090081,Office sketches 5x8_Page_11.jpg,9539c6b3cd3c799870a7727013aa1a66,4760,5768,JPEG
Office sketches 5x8_Page_11_00004.jpg,7059011,Office sketches 5x8_Page_11.jpg,fcdafa0934facc34f63a9dea7c553af7,4760,5768,JPEG
Office sketches 5x8_Page_11_00005.jpg,6942878,Office sketches 5x8_Page_11.jpg,1e8f865edbbe7b8775fb2706deb5b933,4760,5768,JPEG
Office sketches 5x8_Page_11_00006.jpg,7123574,Office sketches 5x8_Page_11.jpg,aefb8ac17549c9858798a8b6b6981b00,4760,5768,JPEG
Office sketches 5x8_Page_11_00007.jpg,7259872,Office sketches 5x8_Page_11.jpg,21d40005ba0440a0f57fb55572c7a7ba,4760,5768,JPEG
Office sketches 5x8_Page_11_00008.jpg,7264339,Office sketches 5x8_Page_11.jpg,8d0c6dc1ee66dbdec4395e51c24fc696,4760,5768,JPEG
Office sketches 5x8_Page_11_00009.jpg,7108933,Office sketches 5x8_Page_11.jpg,b5378726dcdeb53a997b939d6ebf2292,4760,5768,JPEG
Office sketches 5x8_Page_11_00010.jpg,7167923,Office sketches 5x8_Page_11.jpg,7e5f09f9f171133a03ebf4521a4267cf,4760,5768,JPEG
Office sketches 5x8_Page_12_00001.jpg,7262921,Office sketches 5x8_Page_12.jpg,1fd96bec8ad471c704c50d730b86a30e,4760,5784,JPEG
Office sketches 5x8_Page_12_00002.jpg,7344765,Office sketches 5x8_Page_12.jpg,b978dfd2b5fec6dfa15f15b0adeaf691,4760,5784,JPEG
Office sketches 5x8_Page_12_00003.jpg,7222608,Office sketches 5x8_Page_12.jpg,3f987e4c6d5f2a8fdc6fef1757fb3702,4760,5784,JPEG
Office sketches 5x8_Page_12_00004.jpg,7536599,Office sketches 5x8_Page_12.jpg,5a4639cf34e9895dcefc9164ef5e4a12,4760,5784,JPEG
Office sketches 5x8_Page_12_00005.jpg,7399272,Office sketches 5x8_Page_12.jpg,ede0a7f7cd14bb74cf3afb8aac7008b9,4760,5784,JPEG
Office sketches 5x8_Page_12_00006.jpg,7417313,Office sketches 5x8_Page_12.jpg,9a9b9153d973b0a7331952a48ad6f57d,4760,5784,JPEG
Office sketches 5x8_Page_12_00007.jpg,7424410,Office sketches 5x8_Page_12.jpg,4ee95665166c1d7cbd231b8d1a91cb62,4760,5784,JPEG
Office sketches 5x8_Page_12_00008.jpg,7393377,Office sketches 5x8_Page_12.jpg,29106a49d4e0cadf799c31743ecae639,4760,5784,JPEG
Office sketches 5x8_Page_12_00009.jpg,7291785,Office sketches 5x8_Page_12.jpg,66f55ce83cc8a7879e93589c131cbf51,4760,5784,JPEG
Office sketches 5x8_Page_12_00010.jpg,7576069,Office sketches 5x8_Page_12.jpg,85a7d6e70e79ff1b019db47363e08a3f,4760,5784,JPEG
Office sketches 5x8_Page_13_00001.jpg,7202925,Office sketches 5x8_Page_13.jpg,91b1d8ee0c025333ae185bae3bf57601,4768,5848,JPEG
Office sketches 5x8_Page_13_00002.jpg,7274085,Office sketches 5x8_Page_13.jpg,972c1ade4dd949425e98d61a7e53319a,4768,5848,JPEG
Office sketches 5x8_Page_13_00003.jpg,7301082,Office sketches 5x8_Page_13.jpg,3a443d14fb682ce00d044e13bf47f2a7,4768,5848,JPEG
Office sketches 5x8_Page_13_00004.jpg,6929839,Office sketches 5x8_Page_13.jpg,0627a9c0d17953bdd8bc9272d2b8ac72,4768,5848,JPEG
Office sketches 5x8_Page_13_00005.jpg,6842395,Office sketches 5x8_Page_13.jpg,c579963d821bfa1e9e2b25b8f3d77685,4768,5848,JPEG
Office sketches 5x8_Page_13_00006.jpg,7144993,Office sketches 5x8_Page_13.jpg,cf1f4fde1844c761a4ca38af05bb8177,4768,5848,JPEG
Office sketches 5x8_Page_13_00007.jpg,7070109,Office sketches 5x8_Page_13.jpg,939c504164831cee1c300a41a2dab9ff,4768,5848,JPEG
Office sketches 5x8_Page_13_00008.jpg,6790101,Office sketches 5x8_Page_13.jpg,c9882e6d9f4f6b51e1518a70b29335ef,4768,5848,JPEG
Office sketches 5x8_Page_13_00009.jpg,6995319,Office sketches 5x8_Page_13.jpg,ff04c67544f396b0d85bdc171cf4451c,4768,5848,JPEG
Office sketches 5x8_Page_13_00010.jpg,7109302,Office sketches 5x8_Page_13.jpg,c7a2febf325a1686d8170b513f7a5235,4768,5848,JPEG
Office sketches 5x8_Page_14_00001.jpg,7666879,Office sketches 5x8_Page_14.jpg,4ec04b078196ec9a2b53bae3e02438ce,4728,5784,JPEG
Office sketches 5x8_Page_14_00002.jpg,7575187,Office sketches 5x8_Page_14.jpg,1f31f6aa706db1059e422c6dd1cd4a8d,4728,5784,JPEG
Office sketches 5x8_Page_14_00003.jpg,7390532,Office sketches 5x8_Page_14.jpg,ef0fd02cab4d47b2a04acd343c12d407,4728,5784,JPEG
Office sketches 5x8_Page_14_00004.jpg,7308057,Office sketches 5x8_Page_14.jpg,09e8e927efff51d896a2637fe68c8a1e,4728,5784,JPEG
Office sketches 5x8_Page_14_00005.jpg,7327358,Office sketches 5x8_Page_14.jpg,9e4e54f93611955b66319d3a53adfe16,4728,5784,JPEG
Office sketches 5x8_Page_14_00006.jpg,7599846,Office sketches 5x8_Page_14.jpg,c46f4c062843f1b21ec21c2399ad39dc,4728,5784,JPEG
Office sketches 5x8_Page_14_00007.jpg,7504512,Office sketches 5x8_Page_14.jpg,5cee00030cb32c5ce5b8409ba7648fd6,4728,5784,JPEG
Office sketches 5x8_Page_14_00008.jpg,7448082,Office sketches 5x8_Page_14.jpg,a56898efb200e35d56d583737633779d,4728,5784,JPEG
Office sketches 5x8_Page_14_00009.jpg,7498694,Office sketches 5x8_Page_14.jpg,3b4b45a71260b5fd6de73236629c904e,4728,5784,JPEG
Office sketches 5x8_Page_14_00010.jpg,7747129,Office sketches 5x8_Page_14.jpg,0c68601ae6ab0efa81832cabb64ac12b,4728,5784,JPEG
Office sketches 5x8_Page_15_00001.jpg,6063732,Office sketches 5x8_Page_15.jpg,4567a55675715a795188b601917737f8,4792,5984,JPEG
Office sketches 5x8_Page_15_00002.jpg,5932662,Office sketches 5x8_Page_15.jpg,e3707647a55cfb3f62ec1be9ab357259,4792,5984,JPEG
Office sketches 5x8_Page_15_00003.jpg,5915683,Office sketches 5x8_Page_15.jpg,148099b8ad9b9b99a36d50c7190df366,4792,5984,JPEG
Office sketches 5x8_Page_15_00004.jpg,5700289,Office sketches 5x8_Page_15.jpg,9e4b98ec15987ae937b5b943032bb76e,4792,5984,JPEG
Office sketches 5x8_Page_15_00005.jpg,5890168,Office sketches 5x8_Page_15.jpg,68f3ff96116289d0054e71eddcdf737a,4792,5984,JPEG
Office sketches 5x8_Page_15_00006.jpg,5840695,Office sketches 5x8_Page_15.jpg,ffd007356068ca3f69f5bbcb791fac43,4792,5984,JPEG
Office sketches 5x8_Page_15_00007.jpg,5665065,Office sketches 5x8_Page_15.jpg,056eee3ba225415232fafd8d41415d9a,4792,5984,JPEG
Office sketches 5x8_Page_15_00008.jpg,6072238,Office sketches 5x8_Page_15.jpg,d2412b139ef9f343dee943bd5ae3f426,4792,5984,JPEG
Office sketches 5x8_Page_15_00009.jpg,5768020,Office sketches 5x8_Page_15.jpg,1b3eeced10f54dba1436d4ed9d9d4829,4792,5984,JPEG
Office sketches 5x8_Page_15_00010.jpg,6351429,Office sketches 5x8_Page_15.jpg,b79fef2366d8852e30b2d02bebf3c043,4792,5984,JPEG
Office sketches 5x8_Page_16_00001.jpg,4907713,Office sketches 5x8_Page_16.jpg,dadc4e06e288a9cb83a8dc02eb478216,4800,5960,JPEG
Office sketches 5x8_Page_16_00002.jpg,4954251,Office sketches 5x8_Page_16.jpg,74051962edeac08591e7d711805a4f02,4800,5960,JPEG
Office sketches 5x8_Page_16_00003.jpg,4891024,Office sketches 5x8_Page_16.jpg,3f8b715442d14a7cff911264f96f202f,4800,5960,JPEG
Office sketches 5x8_Page_16_00004.jpg,4953290,Office sketches 5x8_Page_16.jpg,70668029a31238f6b64d27e012ba6ffe,4800,5960,JPEG
Office sketches 5x8_Page_16_00005.jpg,5346118,Office sketches 5x8_Page_16.jpg,c115a1a25feed2626899b5445dc95f88,4800,5960,JPEG
Office sketches 5x8_Page_16_00006.jpg,5099100,Office sketches 5x8_Page_16.jpg,3f72b72da7865e03f2180388df6f3060,4800,5960,JPEG
Office sketches 5x8_Page_16_00007.jpg,4957153,Office sketches 5x8_Page_16.jpg,53c81fbeed3858e72574952ebdd2551e,4800,5960,JPEG
Office sketches 5x8_Page_16_00008.jpg,4900454,Office sketches 5x8_Page_16.jpg,5a6c4f74a32b9f7e18a18bd7704a3fea,4800,5960,JPEG
Office sketches 5x8_Page_16_00009.jpg,4794473,Office sketches 5x8_Page_16.jpg,7c6789e6a8aff59c382b4d839b7ecbc3,4800,5960,JPEG
Office sketches 5x8_Page_16_00010.jpg,4976238,Office sketches 5x8_Page_16.jpg,840e8c866a09ebe3e0b3456911f1c62c,4800,5960,JPEG
Office sketches 5x8_Page_17_00001.jpg,5335095,Office sketches 5x8_Page_17.jpg,dbf8d0183b11714214cbbfef49ee4cee,4800,7008,JPEG
Office sketches 5x8_Page_17_00002.jpg,5191924,Office sketches 5x8_Page_17.jpg,71f494d9a21f72ce06e50592914d5a32,4800,7008,JPEG
Office sketches 5x8_Page_17_00003.jpg,4933909,Office sketches 5x8_Page_17.jpg,1d29e7db609e9621a74ade7a70b4c8ae,4800,7008,JPEG
Office sketches 5x8_Page_17_00004.jpg,5226867,Office sketches 5x8_Page_17.jpg,e7f4d08d789f096144ed5fccea57268b,4800,7008,JPEG
Office sketches 5x8_Page_17_00005.jpg,5288041,Office sketches 5x8_Page_17.jpg,d5074a7765ea6b1a94a2eec78890b3c4,4800,7008,JPEG
Office sketches 5x8_Page_17_00006.jpg,4935570,Office sketches 5x8_Page_17.jpg,6bdd11daf816cac914c6ad85d6c11d3d,4800,7008,JPEG
Office sketches 5x8_Page_17_00007.jpg,4749475,Office sketches 5x8_Page_17.jpg,5c80dbbf9f24d227b367a974149e4314,4800,7008,JPEG
Office sketches 5x8_Page_17_00008.jpg,4742601,Office sketches 5x8_Page_17.jpg,62fff89cfbb9195da670699bbe7d9bcc,4800,7008,JPEG
Office sketches 5x8_Page_17_00009.jpg,5057141,Office sketches 5x8_Page_17.jpg,ba214591fb61983b6ae8f12e2217f3da,4800,7008,JPEG
Office sketches 5x8_Page_17_00010.jpg,5131986,Office sketches 5x8_Page_17.jpg,859ad75be963dea609a710fc10a21fff,4800,7008,JPEG
Office sketches 5x8_Page_18_00001.jpg,4661677,Office sketches 5x8_Page_18.jpg,b243c51a1b1daff67a049fe353990231,4792,5976,JPEG
Office sketches 5x8_Page_18_00002.jpg,4063581,Office sketches 5x8_Page_18.jpg,10dedc88aa6dfbdca715b2887b4dcecf,4792,5976,JPEG
Office sketches 5x8_Page_18_00003.jpg,4563835,Office sketches 5x8_Page_18.jpg,488f0c68a066ffd0460f9f81cc2567d9,4792,5976,JPEG
Office sketches 5x8_Page_18_00004.jpg,4568353,Office sketches 5x8_Page_18.jpg,28d1d3d01d94447db6c3aa5b47565382,4792,5976,JPEG
Office sketches 5x8_Page_18_00005.jpg,4382849,Office sketches 5x8_Page_18.jpg,cb43b7f71842ec20f0d079881cf1ced2,4792,5976,JPEG
Office sketches 5x8_Page_18_00006.jpg,4454050,Office sketches 5x8_Page_18.jpg,c20ed3e07cde948d7dbea86247d9ec70,4792,5976,JPEG
Office sketches 5x8_Page_18_00007.jpg,4593634,Office sketches 5x8_Page_18.jpg,f726661b181099db9fe3ad8631eefb31,4792,5976,JPEG
Office sketches 5x8_Page_18_00008.jpg,4242301,Office sketches 5x8_Page_18.jpg,eccca55202b2d7e13bbbeddcff4e183c,4792,5976,JPEG
Office sketches 5x8_Page_18_00009.jpg,4304681,Office sketches 5x8_Page_18.jpg,ad808d9a4bc0078779a9c5439d0b95a7,4792,5976,JPEG
Office sketches 5x8_Page_18_00010.jpg,4887704,Office sketches 5x8_Page_18.jpg,2a96c7370196ad4722873d850bb79dcd,4792,5976,JPEG
Office sketches 5x8_Page_19_00001.jpg,4806572,Office sketches 5x8_Page_19.jpg,f9ffd64a1bfc91642d743cce922af858,5096,5360,JPEG
Office sketches 5x8_Page_19_00002.jpg,4969481,Office sketches 5x8_Page_19.jpg,d47eec6045db3ace46142819d6ccd44f,5096,5360,JPEG
Office sketches 5x8_Page_19_00003.jpg,4951950,Office sketches 5x8_Page_19.jpg,89c5b1ab9414a57709a40e1d2892969f,5096,5360,JPEG
Office sketches 5x8_Page_19_00004.jpg,4925278,Office sketches 5x8_Page_19.jpg,d840ffd5c667890371bcdcee665a8902,5096,5360,JPEG
Office sketches 5x8_Page_19_00005.jpg,5103575,Office sketches 5x8_Page_19.jpg,6462fe7567e152845911e739febd53a6,5096,5360,JPEG
Office sketches 5x8_Page_19_00006.jpg,5103363,Office sketches 5x8_Page_19.jpg,d79c6a2401c87eb75522527b923ef8d2,5096,5360,JPEG
Office sketches 5x8_Page_19_00007.jpg,4840049,Office sketches 5x8_Page_19.jpg,0b3f19beb79574e3919f2b7f724e5222,5096,5360,JPEG
Office sketches 5x8_Page_19_00008.jpg,5191064,Office sketches 5x8_Page_19.jpg,00de80d4cdc9c8d9399ab5b7ebdacca8,5096,5360,JPEG
Office sketches 5x8_Page_19_00009.jpg,5429714,Office sketches 5x8_Page_19.jpg,393c6f20b1937d1882c5d4b1ae09663b,5096,5360,JPEG
Office sketches 5x8_Page_19_00010.jpg,4925546,Office sketches 5x8_Page_19.jpg,87a4f6ec3ce53523100aa6b29b3cb958,5096,5360,JPEG
Office sketches 5x8_Page_20_00001.jpg,4927245,Office sketches 5x8_Page_20.jpg,3c9f3265798c9bedc4c8a655abc49e55,4744,5952,JPEG
Office sketches 5x8_Page_20_00002.jpg,4933194,Office sketches 5x8_Page_20.jpg,f024f825e205a72b2190c00c9e6be33a,4744,5952,JPEG
Office sketches 5x8_Page_20_00003.jpg,5267363,Office sketches 5x8_Page_20.jpg,1f9a6ec73615488117f9b93bd0772cec,4744,5952,JPEG
Office sketches 5x8_Page_20_00004.jpg,5263797,Office sketches 5x8_Page_20.jpg,4a6432b6a0ad6dd67cbc5f92ac0cabc6,4744,5952,JPEG
Office sketches 5x8_Page_20_00005.jpg,5099348,Office sketches 5x8_Page_20.jpg,cbf6fa24924d9de2a663bf7930e861af,4744,5952,JPEG
Office sketches 5x8_Page_20_00006.jpg,5165389,Office sketches 5x8_Page_20.jpg,423617c3b8ef3f28c0c4bca3973006d1,4744,5952,JPEG
Office sketches 5x8_Page_20_00007.jpg,4880547,Office sketches 5x8_Page_20.jpg,f401eb5ee740684c463b7e806ab7db0f,4744,5952,JPEG
Office sketches 5x8_Page_20_00008.jpg,5389725,Office sketches 5x8_Page_20.jpg,a63d6e3d078b536e05f4ea59b641e03c,4744,5952,JPEG
Office sketches 5x8_Page_20_00009.jpg,5225551,Office sketches 5x8_Page_20.jpg,7ece862c9e9bc1c1f7039fd542e532b8,4744,5952,JPEG
Office sketches 5x8_Page_20_00010.jpg,4905014,Office sketches 5x8_Page_20.jpg,cf3e89b6eb93ed1cd0a3fe8d523c1896,4744,5952,JPEG
Office sketches 5x8_Page_21_00001.jpg,2541216,Office sketches 5x8_Page_21.jpg,404e61697448964388dc093bdd505e96,4208,2992,JPEG
Office sketches 5x8_Page_21_00002.jpg,2508745,Office sketches 5x8_Page_21.jpg,c039c43642e94936b63e2f54dbe45f89,4208,2992,JPEG
Office sketches 5x8_Page_21_00003.jpg,2801968,Office sketches 5x8_Page_21.jpg,0009b7e69f965083679e8e70c22fcb35,4208,2992,JPEG
Office sketches 5x8_Page_21_00004.jpg,2977584,Office sketches 5x8_Page_21.jpg,a3e4a7ee14b83674f9fc3e38288e42a8,4208,2992,JPEG
Office sketches 5x8_Page_21_00005.jpg,2344872,Office sketches 5x8_Page_21.jpg,b0031a8b4e22686b138015b24fac721a,4208,2992,JPEG
Office sketches 5x8_Page_21_00006.jpg,2842844,Office sketches 5x8_Page_21.jpg,6a832f3867054ebb6cf31be722304a9d,4208,2992,JPEG
Office sketches 5x8_Page_21_00007.jpg,2956359,Office sketches 5x8_Page_21.jpg,c8020906dabbb9e576406915ec6550e0,4208,2992,JPEG
Office sketches 5x8_Page_21_00008.jpg,2384388,Office sketches 5x8_Page_21.jpg,b47b4dfbc11b831b96abb7fc21da38ce,4208,2992,JPEG
Office sketches 5x8_Page_21_00009.jpg,2671302,Office sketches 5x8_Page_21.jpg,6f639120bb59726562b4e5caf6145ca7,4208,2992,JPEG
Office sketches 5x8_Page_21_00010.jpg,2759985,Office sketches 5x8_Page_21.jpg,91a4db25e929bd69816ee81510994dbf,4208,2992,JPEG
Office sketches 5x8_Page_22_00001.jpg,4919738,Office sketches 5x8_Page_22.jpg,8a3e96380c4bdbdec986d4cbccec4f7d,4800,5960,JPEG
Office sketches 5x8_Page_22_00002.jpg,4375000,Office sketches 5x8_Page_22.jpg,60dca66074bc69302c81ebf42ed8fd9b,4800,5960,JPEG
Office sketches 5x8_Page_22_00003.jpg,4315260,Office sketches 5x8_Page_22.jpg,c27f7b287125deb88cd265dc4945b34e,4800,5960,JPEG
Office sketches 5x8_Page_22_00004.jpg,4722837,Office sketches 5x8_Page_22.jpg,8af54c695fb04cd3117894514cd35290,4800,5960,JPEG
Office sketches 5x8_Page_22_00005.jpg,4258060,Office sketches 5x8_Page_22.jpg,5b93928d8f6e4795058ec39fb9cb5f23,4800,5960,JPEG
Office sketches 5x8_Page_22_00006.jpg,4637269,Office sketches 5x8_Page_22.jpg,90fb466fa30f74a63711bbd4de1c562c,4800,5960,JPEG
Office sketches 5x8_Page_22_00007.jpg,4953799,Office sketches 5x8_Page_22.jpg,7eb3490ed6385c84622028c705eb6ea3,4800,5960,JPEG
Office sketches 5x8_Page_22_00008.jpg,4433560,Office sketches 5x8_Page_22.jpg,61667705cd1cac0100e3f77f8a6cd6f7,4800,5960,JPEG
Office sketches 5x8_Page_22_00009.jpg,4140011,Office sketches 5x8_Page_22.jpg,0df511673549a864a825282748a82c31,4800,5960,JPEG
Office sketches 5x8_Page_22_00010.jpg,4451522,Office sketches 5x8_Page_22.jpg,1e80e10148f658b4bf9dfdf8dc81ad92,4800,5960,JPEG
Office sketches 5x8_Page_23_00001.jpg,6346986,Office sketches 5x8_Page_23.jpg,59d8d3c856cb0044f527d98ebada37e1,4768,5928,JPEG
Office sketches 5x8_Page_23_00002.jpg,6331723,Office sketches 5x8_Page_23.jpg,d4d2c502cb497cec03cd030268b51ea8,4768,5928,JPEG
Office sketches 5x8_Page_23_00003.jpg,6576187,Office sketches 5x8_Page_23.jpg,347928f4daf65d0f34752cbc4d22b0b4,4768,5928,JPEG
Office sketches 5x8_Page_23_00004.jpg,6409667,Office sketches 5x8_Page_23.jpg,554bc8b9fbc2e1a18bdf4ff939488097,4768,5928,JPEG
Office sketches 5x8_Page_23_00005.jpg,6410418,Office sketches 5x8_Page_23.jpg,05bfba2cd41ca871fc90c7f65175ea38,4768,5928,JPEG
Office sketches 5x8_Page_23_00006.jpg,6354323,Office sketches 5x8_Page_23.jpg,089038e01bd4910c574232db8b9f09bb,4768,5928,JPEG
Office sketches 5x8_Page_23_00007.jpg,6370175,Office sketches 5x8_Page_23.jpg,53ab5e48a4764c23345d7f2351820b03,4768,5928,JPEG
Office sketches 5x8_Page_23_00008.jpg,6456820,Office sketches 5x8_Page_23.jpg,2367a65d09c160abdd41cf614f84addf,4768,5928,JPEG
Office sketches 5x8_Page_23_00009.jpg,6629695,Office sketches 5x8_Page_23.jpg,0ce01f730a748dcaf51408ba3a47d5ee,4768,5928,JPEG
Office sketches 5x8_Page_23_00010.jpg,6587717,Office sketches 5x8_Page_23.jpg,6c28524be8ee16d8e90a5441ca54407f,4768,5928,JPEG
Office sketches 5x8_Page_24_00001.jpg,6920872,Office sketches 5x8_Page_24.jpg,ecf1e792debbd531ca1614217c14640b,4744,5848,JPEG
Office sketches 5x8_Page_24_00002.jpg,7252694,Office sketches 5x8_Page_24.jpg,2c9ebe182e874d027a2a3724c16f50b4,4744,5848,JPEG
Office sketches 5x8_Page_24_00003.jpg,7005243,Office sketches 5x8_Page_24.jpg,381da16b2482d99f8cc02a27be0a6a31,4744,5848,JPEG
Office sketches 5x8_Page_24_00004.jpg,7246600,Office sketches 5x8_Page_24.jpg,3fdd06e64631c62e3be8e1778fa40cc8,4744,5848,JPEG
Office sketches 5x8_Page_24_00005.jpg,7046320,Office sketches 5x8_Page_24.jpg,4794e4e7b7e82c988b64d1f3f5202104,4744,5848,JPEG
Office sketches 5x8_Page_24_00006.jpg,7022959,Office sketches 5x8_Page_24.jpg,228789538aa212017d4cf3a168a511ef,4744,5848,JPEG
Office sketches 5x8_Page_24_00007.jpg,7571393,Office sketches 5x8_Page_24.jpg,31719892ce497dc11755c5dc6e6b2268,4744,5848,JPEG
Office sketches 5x8_Page_24_00008.jpg,7236582,Office sketches 5x8_Page_24.jpg,04d1147eff2ddeb0df44ed6535908e82,4744,5848,JPEG
Office sketches 5x8_Page_24_00009.jpg,7492814,Office sketches 5x8_Page_24.jpg,2a3d70f632c5dfb7fa557bcb49792b24,4744,5848,JPEG
Office sketches 5x8_Page_24_00010.jpg,7327990,Office sketches 5x8_Page_24.jpg,e4c2b87ab45f47e0bac5a38e870d09f8,4744,5848,JPEG
Office sketches 5x8_Page_25_00001.jpg,6140954,Office sketches 5x8_Page_25.jpg,b370ec6fb4c8cafdc0fd7bc2850f74f2,4808,5936,JPEG
Office sketches 5x8_Page_25_00002.jpg,5881860,Office sketches 5x8_Page_25.jpg,d162a1ef31c998376c3cfca18708aad9,4808,5936,JPEG
Office sketches 5x8_Page_25_00003.jpg,6219957,Office sketches 5x8_Page_25.jpg,ea66906a0eb85a2b27c49c2926bdd7d3,4808,5936,JPEG
Office sketches 5x8_Page_25_00004.jpg,6038036,Office sketches 5x8_Page_25.jpg,388cd39391eeaf8082a30eea8592d79b,4808,5936,JPEG
Office sketches 5x8_Page_25_00005.jpg,6458241,Office sketches 5x8_Page_25.jpg,f2fea0fc52271b7bfa3fa6b7d6b14895,4808,5936,JPEG
Office sketches 5x8_Page_25_00006.jpg,6359823,Office sketches 5x8_Page_25.jpg,33c4985a1ef53e94a0eb175c1f9e02d2,4808,5936,JPEG
Office sketches 5x8_Page_25_00007.jpg,6028671,Office sketches 5x8_Page_25.jpg,009f1b8c452ef32b23c468e564a39342,4808,5936,JPEG
Office sketches 5x8_Page_25_00008.jpg,6074703,Office sketches 5x8_Page_25.jpg,3108b42ad0626821c7b855ea430150ee,4808,5936,JPEG
Office sketches 5x8_Page_25_00009.jpg,6169146,Office sketches 5x8_Page_25.jpg,81fb85989ba185b271ae6e6fdf2b80f2,4808,5936,JPEG
Office sketches 5x8_Page_25_00010.jpg,6194532,Office sketches 5x8_Page_25.jpg,a6b962b37725dedbddf8ab49eb46ed5c,4808,5936,JPEG
Office sketches 5x8_Page_26_00001.jpg,6489407,Office sketches 5x8_Page_26.jpg,a3857bef6b5964930b494f386477bf66,4744,5976,JPEG
Office sketches 5x8_Page_26_00002.jpg,6304234,Office sketches 5x8_Page_26.jpg,600d2acdef64e208c3d4d45b24026355,4744,5976,JPEG
Office sketches 5x8_Page_26_00003.jpg,6606188,Office sketches 5x8_Page_26.jpg,e7fbeec03ab339d990896dccb5e92b1f,4744,5976,JPEG
Office sketches 5x8_Page_26_00004.jpg,6219021,Office sketches 5x8_Page_26.jpg,6cf0f9145bac89dd013c79b9a8780a8f,4744,5976,JPEG
Office sketches 5x8_Page_26_00005.jpg,6744571,Office sketches 5x8_Page_26.jpg,255dd03a0cc650ded52e1ef4dc11a743,4744,5976,JPEG
Office sketches 5x8_Page_26_00006.jpg,6482363,Office sketches 5x8_Page_26.jpg,430e2ee402a043fb58757e090c621d6d,4744,5976,JPEG
Office sketches 5x8_Page_26_00007.jpg,6182621,Office sketches 5x8_Page_26.jpg,b74cfa984629814f4fae807168dbeeaa,4744,5976,JPEG
Office sketches 5x8_Page_26_00008.jpg,6382055,Office sketches 5x8_Page_26.jpg,ed6e623e28a30580b6c332c7fd105952,4744,5976,JPEG
Office sketches 5x8_Page_26_00009.jpg,6539309,Office sketches 5x8_Page_26.jpg,e56003a2a930a406c2c05071cbcce7d3,4744,5976,JPEG
Office sketches 5x8_Page_26_00010.jpg,6415014,Office sketches 5x8_Page_26.jpg,488b8004c1813be104ba2b82e13785bc,4744,5976,JPEG
Office sketches 5x8_Page_27_00001.jpg,2405328,Office sketches 5x8_Page_27.jpg,36e738211fb9dc84c55adf9f33ddf3d0,4200,2992,JPEG
Office sketches 5x8_Page_27_00002.jpg,2761477,Office sketches 5x8_Page_27.jpg,dd288f5bef4ea3cba973dc7d0538e6a1,4200,2992,JPEG
Office sketches 5x8_Page_27_00003.jpg,2613116,Office sketches 5x8_Page_27.jpg,a7d343abac0aebcb04859ed27a080367,4200,2992,JPEG
Office sketches 5x8_Page_27_00004.jpg,2706777,Office sketches 5x8_Page_27.jpg,56787eeb364f374f0e0996bbb500b817,4200,2992,JPEG
Office sketches 5x8_Page_27_00005.jpg,2646135,Office sketches 5x8_Page_27.jpg,d60e3344289ebb4ca31929accf0d4916,4200,2992,JPEG
Office sketches 5x8_Page_27_00006.jpg,2839727,Office sketches 5x8_Page_27.jpg,1b8ebe98b78027fdd724a0c0895b75f2,4200,2992,JPEG
Office sketches 5x8_Page_27_00007.jpg,2430974,Office sketches 5x8_Page_27.jpg,0e91c018e846386b1a68add3e009fd5c,4200,2992,JPEG
Office sketches 5x8_Page_27_00008.jpg,2513706,Office sketches 5x8_Page_27.jpg,73ad732add3339996baa92d47176cf99,4200,2992,JPEG
Office sketches 5x8_Page_27_00009.jpg,2561463,Office sketches 5x8_Page_27.jpg,5d22c3c4b13a6b57cf6023f640691997,4200,2992,JPEG
Office sketches 5x8_Page_27_00010.jpg,2488966,Office sketches 5x8_Page_27.jpg,624d76064c96715e32479abced848043,4200,2992,JPEG
Office sketches 5x8_Page_28_00001.jpg,5352903,Office sketches 5x8_Page_28.jpg,aeb05fceb68b5335c50f0e3983572b66,4768,5840,JPEG
Office sketches 5x8_Page_28_00002.jpg,5517529,Office sketches 5x8_Page_28.jpg,2db7ad04a53bff73a13a21da189af7f0,4768,5840,JPEG
Office sketches 5x8_Page_28_00003.jpg,5424399,Office sketches 5x8_Page_28.jpg,c417524c4deeebe866a1dc7cf9405b57,4768,5840,JPEG
Office sketches 5x8_Page_28_00004.jpg,5649310,Office sketches 5x8_Page_28.jpg,13435864a924197b4969ff98add2ca36,4768,5840,JPEG
Office sketches 5x8_Page_28_00005.jpg,6011514,Office sketches 5x8_Page_28.jpg,39c5e8a2ea5e7caaf2d175ef710c5197,4768,5840,JPEG
Office sketches 5x8_Page_28_00006.jpg,6184785,Office sketches 5x8_Page_28.jpg,1766b5d9f260b6f7b0ea6d647026a141,4768,5840,JPEG
Office sketches 5x8_Page_28_00007.jpg,5922019,Office sketches 5x8_Page_28.jpg,3a1e3fdfd4a5735a4ee121f0b859643e,4768,5840,JPEG
Office sketches 5x8_Page_28_00008.jpg,5637947,Office sketches 5x8_Page_28.jpg,21ed447ae2ea8ec7ce57440a9a3556cd,4768,5840,JPEG
Office sketches 5x8_Page_28_00009.jpg,5439457,Office sketches 5x8_Page_28.jpg,0f95734e9bd335be656ea3ee56c04e02,4768,5840,JPEG
Office sketches 5x8_Page_28_00010.jpg,5762316,Office sketches 5x8_Page_28.jpg,7f89586684d1d28cc9fcd490f0cfe50f,4768,5840,JPEG
Office sketches 5x8_Page_29_00001.jpg,2150526,Office sketches 5x8_Page_29.jpg,cc5577d601660702bcf9058ce39d8ae0,4440,3160,JPEG
Office sketches 5x8_Page_29_00002.jpg,2023050,Office sketches 5x8_Page_29.jpg,b63872d1dcf748617a02d7502edf99fd,4440,3160,JPEG
Office sketches 5x8_Page_29_00003.jpg,1982822,Office sketches 5x8_Page_29.jpg,88b1ee8fa24c48dd79f842db9a4834ec,4440,3160,JPEG
Office sketches 5x8_Page_29_00004.jpg,1990362,Office sketches 5x8_Page_29.jpg,f524c6e957eef8c55e63f2535087e777,4440,3160,JPEG
Office sketches 5x8_Page_29_00005.jpg,2056431,Office sketches 5x8_Page_29.jpg,fb4e629821dda8af8187de4a00608715,4440,3160,JPEG
Office sketches 5x8_Page_29_00006.jpg,2072678,Office sketches 5x8_Page_29.jpg,386e4e346f1e6f63632b7f1960e7a374,4440,3160,JPEG
Office sketches 5x8_Page_29_00007.jpg,2603087,Office sketches 5x8_Page_29.jpg,68af371e0a43fcf1a0cfd32009e18f52,4440,3160,JPEG
Office sketches 5x8_Page_29_00008.jpg,2037312,Office sketches 5x8_Page_29.jpg,990ff296b0563286b7d813ff609e8eb8,4440,3160,JPEG
Office sketches 5x8_Page_29_00009.jpg,2289999,Office sketches 5x8_Page_29.jpg,4cd1cd1f91a514e67a4e108213be0fb4,4440,3160,JPEG
Office sketches 5x8_Page_29_00010.jpg,2164786,Office sketches 5x8_Page_29.jpg,15dc0e1f65c9c6df7be6dee039a766ef,4440,3160,JPEG
Office sketches 5x8_Page_31_00001.jpg,4800049,Office sketches 5x8_Page_31.jpg,397693993afc25b52485f7c9da313239,4848,5680,JPEG
Office sketches 5x8_Page_31_00002.jpg,4496167,Office sketches 5x8_Page_31.jpg,bb8d333d6896b8936484d3e5cd6ff173,4848,5680,JPEG
Office sketches 5x8_Page_31_00003.jpg,4584950,Office sketches 5x8_Page_31.jpg,7e49e028b84da703dea3acca7bff6427,4848,5680,JPEG
Office sketches 5x8_Page_31_00004.jpg,4557439,Office sketches 5x8_Page_31.jpg,53fd5dc84fb6d425174f9e17752ec2b6,4848,5680,JPEG
Office sketches 5x8_Page_31_00005.jpg,5088931,Office sketches 5x8_Page_31.jpg,de1a2d3346bcdaa1236cbbece28d1dca,4848,5680,JPEG
Office sketches 5x8_Page_31_00006.jpg,4325583,Office sketches 5x8_Page_31.jpg,b3736387847d0077357e9612f44515d3,4848,5680,JPEG
Office sketches 5x8_Page_31_00007.jpg,4482806,Office sketches 5x8_Page_31.jpg,0ba0150eb4f968f2428a26df797edbef,4848,5680,JPEG
Office sketches 5x8_Page_31_00008.jpg,4809847,Office sketches 5x8_Page_31.jpg,6bb45bedb5bf6e0459240b5cb8d8544e,4848,5680,JPEG
Office sketches 5x8_Page_31_00009.jpg,4915995,Office sketches 5x8_Page_31.jpg,601298b219831620c4e0ea048806e7f5,4848,5680,JPEG
Office sketches 5x8_Page_31_00010.jpg,4875219,Office sketches 5x8_Page_31.jpg,f2ba634a928c3565ffe43fab1eb12171,4848,5680,JPEG
Office sketches 5x8_Page_32_00001.jpg,7078753,Office sketches 5x8_Page_32.jpg,eb0eb71b83512466007e3fb51cf26092,4736,5880,JPEG
Office sketches 5x8_Page_32_00002.jpg,6789191,Office sketches 5x8_Page_32.jpg,6899b175c58bd5f21b60e03f101de20a,4736,5880,JPEG
Office sketches 5x8_Page_32_00003.jpg,7179220,Office sketches 5x8_Page_32.jpg,0ea8f3d0eba9f7b80098822ee0c95b01,4736,5880,JPEG
Office sketches 5x8_Page_32_00004.jpg,6800121,Office sketches 5x8_Page_32.jpg,68241a577221c633edea4f2f61dec576,4736,5880,JPEG
Office sketches 5x8_Page_32_00005.jpg,6851285,Office sketches 5x8_Page_32.jpg,78a639a9062924c27d37e80cc387d6d2,4736,5880,JPEG
Office sketches 5x8_Page_32_00006.jpg,7077164,Office sketches 5x8_Page_32.jpg,228bdba4eaf26bfc0f7224c34d13ff12,4736,5880,JPEG
Office sketches 5x8_Page_32_00007.jpg,6863050,Office sketches 5x8_Page_32.jpg,f66b144bd64fe47c9ea0ccb14eb71dbe,4736,5880,JPEG
Office sketches 5x8_Page_32_00008.jpg,6825591,Office sketches 5x8_Page_32.jpg,4516ed5be0175a8835dc0510f4ed19c2,4736,5880,JPEG
Office sketches 5x8_Page_32_00009.jpg,6961402,Office sketches 5x8_Page_32.jpg,eff4621ab87bf7e5973c505b381327ea,4736,5880,JPEG
Office sketches 5x8_Page_32_00010.jpg,7106143,Office sketches 5x8_Page_32.jpg,08dd78c9645143b4955bad0b593d90a9,4736,5880,JPEG
Office sketches 5x8_Page_33_00001.jpg,5169396,Office sketches 5x8_Page_33.jpg,fa258e612b9ff7237b740f8e38c63170,4824,5848,JPEG
Office sketches 5x8_Page_33_00002.jpg,5073286,Office sketches 5x8_Page_33.jpg,349381d7ca5476006fdb1cb19367a60d,4824,5848,JPEG
Office sketches 5x8_Page_33_00003.jpg,5398282,Office sketches 5x8_Page_33.jpg,5c267af8c5c648c2e64522bea167ea5d,4824,5848,JPEG
Office sketches 5x8_Page_33_00004.jpg,4986597,Office sketches 5x8_Page_33.jpg,633f3044d02784dfb18c7b43f4c00562,4824,5848,JPEG
Office sketches 5x8_Page_33_00005.jpg,5264360,Office sketches 5x8_Page_33.jpg,399e781da7b045a31f361ef6efb008bb,4824,5848,JPEG
Office sketches 5x8_Page_33_00006.jpg,4775610,Office sketches 5x8_Page_33.jpg,812e941832ea13f05820ac5331e18a0a,4824,5848,JPEG
Office sketches 5x8_Page_33_00007.jpg,4989152,Office sketches 5x8_Page_33.jpg,096ce4c20efe9ad5992fab710c97007b,4824,5848,JPEG
Office sketches 5x8_Page_33_00008.jpg,5080726,Office sketches 5x8_Page_33.jpg,73b71f54c22dc43c55ab2432e30fc0d3,4824,5848,JPEG
Office sketches 5x8_Page_33_00009.jpg,4784703,Office sketches 5x8_Page_33.jpg,7aa6b558c3ba54ba0fefa246ef6c4371,4824,5848,JPEG
Office sketches 5x8_Page_33_00010.jpg,5163875,Office sketches 5x8_Page_33.jpg,e41558ad4515ddd9164a10ad956c15c6,4824,5848,JPEG
Office sketches 5x8_Page_34_00001.jpg,5312074,Office sketches 5x8_Page_34.jpg,e27b239bc6cdfff67c52f5132678dc19,4792,5832,JPEG
Office sketches 5x8_Page_34_00002.jpg,5283655,Office sketches 5x8_Page_34.jpg,b3ff0f311d3a225c0d5c51704bb5cce8,4792,5832,JPEG
Office sketches 5x8_Page_34_00003.jpg,5057644,Office sketches 5x8_Page_34.jpg,8b5d601d0b5b7c3079b253c7bcc338c7,4792,5832,JPEG
Office sketches 5x8_Page_34_00004.jpg,5106967,Office sketches 5x8_Page_34.jpg,828b20231e2be091743bd3b0df04d533,4792,5832,JPEG
Office sketches 5x8_Page_34_00005.jpg,5186999,Office sketches 5x8_Page_34.jpg,21eb88ef1fcf70be8594667d3247d6c5,4792,5832,JPEG
Office sketches 5x8_Page_34_00006.jpg,4865528,Office sketches 5x8_Page_34.jpg,217f415829f6630b665b16b7461296a1,4792,5832,JPEG
Office sketches 5x8_Page_34_00007.jpg,5027389,Office sketches 5x8_Page_34.jpg,21191fb56c5c4b5c932da49b3034ed9e,4792,5832,JPEG
Office sketches 5x8_Page_34_00008.jpg,5105587,Office sketches 5x8_Page_34.jpg,bc9abb990442b9158f4740f8777a4481,4792,5832,JPEG
Office sketches 5x8_Page_34_00009.jpg,5345677,Office sketches 5x8_Page_34.jpg,ac6471c2dd0ae22492c0b575dd0f340d,4792,5832,JPEG
Office sketches 5x8_Page_34_00010.jpg,5183107,Office sketches 5x8_Page_34.jpg,408f01ad5ab36c6d7153faa2db6d2f80,4792,5832,JPEG
Office sketches 5x8_Page_35_00001.jpg,7381774,Office sketches 5x8_Page_35.jpg,bd55a5801d916b3df83024343c01d393,4752,5896,JPEG
Office sketches 5x8_Page_35_00002.jpg,7766574,Office sketches 5x8_Page_35.jpg,c7eb020dc0be52017c289b644207a5c3,4752,5896,JPEG
Office sketches 5x8_Page_35_00003.jpg,7968771,Office sketches 5x8_Page_35.jpg,34ce110d5f638222a27768b2f0cb7040,4752,5896,JPEG
Office sketches 5x8_Page_35_00004.jpg,7606105,Office sketches 5x8_Page_35.jpg,45c24fabe98f46b5744596f568d77f19,4752,5896,JPEG
Office sketches 5x8_Page_35_00005.jpg,7811493,Office sketches 5x8_Page_35.jpg,2f1f693399c3b5e498616b4653081b6f,4752,5896,JPEG
Office sketches 5x8_Page_35_00006.jpg,7882687,Office sketches 5x8_Page_35.jpg,e1151952bf9a941628cf9d4d5c8d5a9c,4752,5896,JPEG
Office sketches 5x8_Page_35_00007.jpg,7569746,Office sketches 5x8_Page_35.jpg,517ce322ad46ed4d6c9203351efbb8c8,4752,5896,JPEG
Office sketches 5x8_Page_35_00008.jpg,7941493,Office sketches 5x8_Page_35.jpg,ee834e5d37ec5449c2401907c23bd372,4752,5896,JPEG
Office sketches 5x8_Page_35_00009.jpg,7727962,Office sketches 5x8_Page_35.jpg,07fa90df75b214edd48e4946e0390a1a,4752,5896,JPEG
Office sketches 5x8_Page_35_00010.jpg,7708682,Office sketches 5x8_Page_35.jpg,577a96ef13b796525bc6cefc37536fa8,4752,5896,JPEG
Office sketches 5x8_Page_36_00001.jpg,8156980,Office sketches 5x8_Page_36.jpg,bc45ea83798f388d4cd23195722b3fb9,4736,5864,JPEG
Office sketches 5x8_Page_36_00002.jpg,8255073,Office sketches 5x8_Page_36.jpg,abb3e16523d0af343f266c739c0b96c7,4736,5864,JPEG
Office sketches 5x8_Page_36_00003.jpg,8147401,Office sketches 5x8_Page_36.jpg,4a9d5d420cfc373f769b35d536398c62,4736,5864,JPEG
Office sketches 5x8_Page_36_00004.jpg,7995607,Office sketches 5x8_Page_36.jpg,f87508267c370e817a26de2699d8b314,4736,5864,JPEG
Office sketches 5x8_Page_36_00005.jpg,7948164,Office sketches 5x8_Page_36.jpg,393e59db73994ca9b7b550c2112bc279,4736,5864,JPEG
Office sketches 5x8_Page_36_00006.jpg,7750155,Office sketches 5x8_Page_36.jpg,ec1a3716207bd49b3d49c074a78dd095,4736,5864,JPEG
Office sketches 5x8_Page_36_00007.jpg,8069246,Office sketches 5x8_Page_36.jpg,55ca17c97ff5dc1f562a907606e7f22d,4736,5864,JPEG
Office sketches 5x8_Page_36_00008.jpg,8139934,Office sketches 5x8_Page_36.jpg,9d9f575426ebd6e4cad4e1d43642be4e,4736,5864,JPEG
Office sketches 5x8_Page_36_00009.jpg,7948543,Office sketches 5x8_Page_36.jpg,210b30a38653fee2387627638f465700,4736,5864,JPEG
Office sketches 5x8_Page_36_00010.jpg,7958260,Office sketches 5x8_Page_36.jpg,87a1e90d7b00ca8714b63fd2e3a7a396,4736,5864,JPEG
Office sketches 5x8_Page_37_00001.jpg,8060690,Office sketches 5x8_Page_37.jpg,3ea17ec284a61202953e348ac8b9d0e0,4768,5808,JPEG
Office sketches 5x8_Page_37_00002.jpg,8091295,Office sketches 5x8_Page_37.jpg,ad046d0be3850976f46deec05b4d2b72,4768,5808,JPEG
Office sketches 5x8_Page_37_00003.jpg,7676724,Office sketches 5x8_Page_37.jpg,ec707ce6fd7b84ba0a5ba4aa5d22043c,4768,5808,JPEG
Office sketches 5x8_Page_37_00004.jpg,7826397,Office sketches 5x8_Page_37.jpg,9f0330781f1098b09fe8ae9fa8731795,4768,5808,JPEG
Office sketches 5x8_Page_37_00005.jpg,8005939,Office sketches 5x8_Page_37.jpg,68773c58173f0dce730d44339d6eca4c,4768,5808,JPEG
Office sketches 5x8_Page_37_00006.jpg,7685949,Office sketches 5x8_Page_37.jpg,5d36ee0ee81c318feaf3ad44c7dd5c8a,4768,5808,JPEG
Office sketches 5x8_Page_37_00007.jpg,7708610,Office sketches 5x8_Page_37.jpg,81939bda88d325b45f271a9db4fd300f,4768,5808,JPEG
Office sketches 5x8_Page_37_00008.jpg,7980076,Office sketches 5x8_Page_37.jpg,d2759d07ec62652230f189c7ef109ce4,4768,5808,JPEG
Office sketches 5x8_Page_37_00009.jpg,8042874,Office sketches 5x8_Page_37.jpg,93cb601fc3ad0b4c041c9fe013a209cb,4768,5808,JPEG
Office sketches 5x8_Page_37_00010.jpg,7748735,Office sketches 5x8_Page_37.jpg,f3d0fd54652d0280136538e550d0bbb8,4768,5808,JPEG
Office sketches 5x8_Page_38_00001.jpg,7316777,Office sketches 5x8_Page_38.jpg,945122ab3039268850071c5002966506,4784,5864,JPEG
Office sketches 5x8_Page_38_00002.jpg,7267508,Office sketches 5x8_Page_38.jpg,d2325b91ef14129b709b6ecffc1615b4,4784,5864,JPEG
Office sketches 5x8_Page_38_00003.jpg,6975175,Office sketches 5x8_Page_38.jpg,d5c2e4b4f3267634a9be34ca5fbbf934,4784,5864,JPEG
Office sketches 5x8_Page_38_00004.jpg,6973697,Office sketches 5x8_Page_38.jpg,f4e9df0082884eaa46784c5809e70995,4784,5864,JPEG
Office sketches 5x8_Page_38_00005.jpg,7331602,Office sketches 5x8_Page_38.jpg,2f3771f40bc709a2c72ac63510d600b7,4784,5864,JPEG
Office sketches 5x8_Page_38_00006.jpg,7001422,Office sketches 5x8_Page_38.jpg,20ffad99e5f6237bc7ac77a77ad748df,4784,5864,JPEG
Office sketches 5x8_Page_38_00007.jpg,6935800,Office sketches 5x8_Page_38.jpg,025bc8a6a7626f1b6ab5c64af9edf159,4784,5864,JPEG
Office sketches 5x8_Page_38_00008.jpg,7116656,Office sketches 5x8_Page_38.jpg,998de8dae289560e88674a70569404e0,4784,5864,JPEG
Office sketches 5x8_Page_38_00009.jpg,7005667,Office sketches 5x8_Page_38.jpg,fe23af1f8695eca7492c6ac8cebb9735,4784,5864,JPEG
Office sketches 5x8_Page_38_00010.jpg,7320378,Office sketches 5x8_Page_38.jpg,c9e851b72d689cfd1b617ebe799b9fa7,4784,5864,JPEG
Office sketches 5x8_Page_39_00001.jpg,5962150,Office sketches 5x8_Page_39.jpg,e45625b40c90f7deb8f427e2bd53cd4d,4768,5920,JPEG
Office sketches 5x8_Page_39_00002.jpg,6279648,Office sketches 5x8_Page_39.jpg,a3d4b526d9b6a33cd2da55c5c21e0106,4768,5920,JPEG
Office sketches 5x8_Page_39_00003.jpg,6226482,Office sketches 5x8_Page_39.jpg,b9efcb3b145bb6e4901da018917d7463,4768,5920,JPEG
Office sketches 5x8_Page_39_00004.jpg,6293078,Office sketches 5x8_Page_39.jpg,bd9f3026fe4635742d63766df8eda9ee,4768,5920,JPEG
Office sketches 5x8_Page_39_00005.jpg,6387731,Office sketches 5x8_Page_39.jpg,b26a7d43624f52809968741bbeb75d4f,4768,5920,JPEG
Office sketches 5x8_Page_39_00006.jpg,6249327,Office sketches 5x8_Page_39.jpg,42cfd7a02f181ef2495c888ad76052ab,4768,5920,JPEG
Office sketches 5x8_Page_39_00007.jpg,6155742,Office sketches 5x8_Page_39.jpg,4dba854acedf51ee8be14a6c0c40f227,4768,5920,JPEG
Office sketches 5x8_Page_39_00008.jpg,6043182,Office sketches 5x8_Page_39.jpg,3825d6e6c467f849c8cabbfa64587be5,4768,5920,JPEG
Office sketches 5x8_Page_39_00009.jpg,6447556,Office sketches 5x8_Page_39.jpg,fd9d971384e77464f549fb1b3059e47c,4768,5920,JPEG
Office sketches 5x8_Page_39_00010.jpg,6121793,Office sketches 5x8_Page_39.jpg,da8411de9332f80b84ea9a37d8745490,4768,5920,JPEG
Office sketches 5x8_Page_40_00001.jpg,7159443,Office sketches 5x8_Page_40.jpg,b7d22a3bfdc37184e28fce80a6e80fc4,4736,5864,JPEG
Office sketches 5x8_Page_40_00002.jpg,7255761,Office sketches 5x8_Page_40.jpg,3483b51580a2df752487171f94a28353,4736,5864,JPEG
Office sketches 5x8_Page_40_00003.jpg,7117539,Office sketches 5x8_Page_40.jpg,53f26eba0a83a3dc63022980ed3bd28a,4736,5864,JPEG
Office sketches 5x8_Page_40_00004.jpg,6974507,Office sketches 5x8_Page_40.jpg,1aadce3c840777b038ea07b2e1417e2c,4736,5864,JPEG
Office sketches 5x8_Page_40_00005.jpg,7439113,Office sketches 5x8_Page_40.jpg,68ba09002c241d2dd8d3b1d748311f0d,4736,5864,JPEG
Office sketches 5x8_Page_40_00006.jpg,7404984,Office sketches 5x8_Page_40.jpg,5643c3366ea638332be418d2bd9bf16b,4736,5864,JPEG
Office sketches 5x8_Page_40_00007.jpg,7069444,Office sketches 5x8_Page_40.jpg,73e1bb04dd3dbc1f3ec8b6085327597a,4736,5864,JPEG
Office sketches 5x8_Page_40_00008.jpg,7185628,Office sketches 5x8_Page_40.jpg,068933ea7bcb007089d2f593c9cb31eb,4736,5864,JPEG
Office sketches 5x8_Page_40_00009.jpg,7241455,Office sketches 5x8_Page_40.jpg,a0ad3bb477936a8ac0575910fec74179,4736,5864,JPEG
Office sketches 5x8_Page_40_00010.jpg,7271540,Office sketches 5x8_Page_40.jpg,28b24efaf925eccd95e7fb5e6e5f4b65,4736,5864,JPEG
Office sketches 5x8_Page_41_00001.jpg,5081629,Office sketches 5x8_Page_41.jpg,e7ba5b7458a4bbcc355b59642ad8530a,4776,6000,JPEG
Office sketches 5x8_Page_41_00002.jpg,4969553,Office sketches 5x8_Page_41.jpg,a6956afa4ad6667f4ded2c042d22d08f,4776,6000,JPEG
Office sketches 5x8_Page_41_00003.jpg,4884645,Office sketches 5x8_Page_41.jpg,2db8be0ccd698a979465b191513eff59,4776,6000,JPEG
Office sketches 5x8_Page_41_00004.jpg,4816414,Office sketches 5x8_Page_41.jpg,c2844aa0b30adec086bf062573de7e3e,4776,6000,JPEG
Office sketches 5x8_Page_41_00005.jpg,4936047,Office sketches 5x8_Page_41.jpg,fffc793f0fa82173e44501acfea16da5,4776,6000,JPEG
Office sketches 5x8_Page_41_00006.jpg,4966874,Office sketches 5x8_Page_41.jpg,fcca528c9bc8531146a0355c0bb69530,4776,6000,JPEG
Office sketches 5x8_Page_41_00007.jpg,4975605,Office sketches 5x8_Page_41.jpg,b08337d301f87c34ff251ba6353f4c9a,4776,6000,JPEG
Office sketches 5x8_Page_41_00008.jpg,5102920,Office sketches 5x8_Page_41.jpg,5e14c9c3acd19e951c2cd142b18ac000,4776,6000,JPEG
Office sketches 5x8_Page_41_00009.jpg,4654844,Office sketches 5x8_Page_41.jpg,64de3814eab43d66f888705aab3db32c,4776,6000,JPEG
Office sketches 5x8_Page_41_00010.jpg,5012917,Office sketches 5x8_Page_41.jpg,def4c2299008efa1a13b6b5b3243a65c,4776,6000,JPEG
Office sketches 5x8_Page_42_00001.jpg,4252250,Office sketches 5x8_Page_42.jpg,2342a513ac9ee9ed6788d9cc7680bf12,4768,5904,JPEG
Office sketches 5x8_Page_42_00002.jpg,4157143,Office sketches 5x8_Page_42.jpg,3f985d855aa19b014bc9b6ebbbf5d3c9,4768,5904,JPEG
Office sketches 5x8_Page_42_00003.jpg,3910487,Office sketches 5x8_Page_42.jpg,c94db1aeda499f087c29e7086ebf5649,4768,5904,JPEG
Office sketches 5x8_Page_42_00004.jpg,4265286,Office sketches 5x8_Page_42.jpg,2d5efc156628b755ec187cee253955b6,4768,5904,JPEG
Office sketches 5x8_Page_42_00005.jpg,4301898,Office sketches 5x8_Page_42.jpg,0d6d8cfe5983fb8af08de11274e5d3d1,4768,5904,JPEG
Office sketches 5x8_Page_42_00006.jpg,4076813,Office sketches 5x8_Page_42.jpg,57478b6256ea94203349ceb85aa4f573,4768,5904,JPEG
Office sketches 5x8_Page_42_00007.jpg,4723630,Office sketches 5x8_Page_42.jpg,1a8096a7dc9221bccfdbd1f263b4ba6b,4768,5904,JPEG
Office sketches 5x8_Page_42_00008.jpg,4441746,Office sketches 5x8_Page_42.jpg,e06a4663c12040c15bd9da40db950a5b,4768,5904,JPEG
Office sketches 5x8_Page_42_00009.jpg,4599706,Office sketches 5x8_Page_42.jpg,7a7a973d15d299ae81c878364212e170,4768,5904,JPEG
Office sketches 5x8_Page_42_00010.jpg,4754246,Office sketches 5x8_Page_42.jpg,3b227fba3f284220165aff398057682f,4768,5904,JPEG
Office sketches 5x8_Page_43_00001.jpg,3687957,Office sketches 5x8_Page_43.jpg,b06abe2c6bf6264bd3a5e020ab63f992,4752,5360,JPEG
Office sketches 5x8_Page_43_00002.jpg,3607984,Office sketches 5x8_Page_43.jpg,c8feba38921504181505cd00c572fca0,4752,5360,JPEG
Office sketches 5x8_Page_43_00003.jpg,3646749,Office sketches 5x8_Page_43.jpg,39565e56bc8521a87db2b83f21cc3586,4752,5360,JPEG
Office sketches 5x8_Page_43_00004.jpg,3600569,Office sketches 5x8_Page_43.jpg,a53b2c909451441edf450f01c674ecad,4752,5360,JPEG
Office sketches 5x8_Page_43_00005.jpg,3851864,Office sketches 5x8_Page_43.jpg,32c4994723aa9917226eeb33ed8077ef,4752,5360,JPEG
Office sketches 5x8_Page_43_00006.jpg,3868250,Office sketches 5x8_Page_43.jpg,ae31dbd449b0756dd8c8cdbddefee4a4,4752,5360,JPEG
Office sketches 5x8_Page_43_00007.jpg,3574641,Office sketches 5x8_Page_43.jpg,d8b7fd21157f1f572e9944901dba64e6,4752,5360,JPEG
Office sketches 5x8_Page_43_00008.jpg,4120570,Office sketches 5x8_Page_43.jpg,9f2891f68f42077cfcba35f8d8ec8e14,4752,5360,JPEG
Office sketches 5x8_Page_43_00009.jpg,3820076,Office sketches 5x8_Page_43.jpg,ce446e059bd027c5ada4ae06826d7b94,4752,5360,JPEG
Office sketches 5x8_Page_43_00010.jpg,4196202,Office sketches 5x8_Page_43.jpg,398cdc8f3ed1580749bc9f22361f3ba1,4752,5360,JPEG
Office sketches 5x8_Page_44_00001.jpg,6378091,Office sketches 5x8_Page_44.jpg,30f40c2be1e62caf45ff3a965859e181,4760,5824,JPEG
Office sketches 5x8_Page_44_00002.jpg,6659766,Office sketches 5x8_Page_44.jpg,6ad4face2b6e8eefce836e4919d659bb,4760,5824,JPEG
Office sketches 5x8_Page_44_00003.jpg,6259514,Office sketches 5x8_Page_44.jpg,456478ef6db079f455a17e8f5c14a2d0,4760,5824,JPEG
Office sketches 5x8_Page_44_00004.jpg,6173868,Office sketches 5x8_Page_44.jpg,385062ade1b22e65b3124fecd388a3fc,4760,5824,JPEG
Office sketches 5x8_Page_44_00005.jpg,6112719,Office sketches 5x8_Page_44.jpg,6d76aecabdd9b6da33cf02c46db63061,4760,5824,JPEG
Office sketches 5x8_Page_44_00006.jpg,6132033,Office sketches 5x8_Page_44.jpg,a32b8273074424af3844b7a5c0ffac24,4760,5824,JPEG
Office sketches 5x8_Page_44_00007.jpg,6191003,Office sketches 5x8_Page_44.jpg,a4d1e62a34a22b57577c4c9facb34e28,4760,5824,JPEG
Office sketches 5x8_Page_44_00008.jpg,6452136,Office sketches 5x8_Page_44.jpg,2982d89e849cbbdc35406eb0238280fe,4760,5824,JPEG
Office sketches 5x8_Page_44_00009.jpg,6066528,Office sketches 5x8_Page_44.jpg,8b0a70edd4a76e917a0ccc8bdbc57f54,4760,5824,JPEG
Office sketches 5x8_Page_44_00010.jpg,6667022,Office sketches 5x8_Page_44.jpg,2f502b9e6e518c7b3f9f4f2101cd5bcc,4760,5824,JPEG
Office sketches 5x8_Page_45_00001.jpg,5587429,Office sketches 5x8_Page_45.jpg,7665ebfe33ea3d1325ad06dfb79b1b2b,4792,5960,JPEG
Office sketches 5x8_Page_45_00002.jpg,5516407,Office sketches 5x8_Page_45.jpg,956b1b1c3cfd6a10d37f8111cadda32e,4792,5960,JPEG
Office sketches 5x8_Page_45_00003.jpg,5808294,Office sketches 5x8_Page_45.jpg,90dc2df0c641fb90a82b03e279c3e454,4792,5960,JPEG
Office sketches 5x8_Page_45_00004.jpg,5913220,Office sketches 5x8_Page_45.jpg,2b25ddcb9e6d5ac94845af7a779b7eba,4792,5960,JPEG
Office sketches 5x8_Page_45_00005.jpg,5614715,Office sketches 5x8_Page_45.jpg,b6da98fd2e9814f45d79aeff39fdf6c6,4792,5960,JPEG
Office sketches 5x8_Page_45_00006.jpg,5610367,Office sketches 5x8_Page_45.jpg,b712d5d1eaae392d51d0f19c9453a256,4792,5960,JPEG
Office sketches 5x8_Page_45_00007.jpg,5516278,Office sketches 5x8_Page_45.jpg,0a83da7ebec8a09036d2c4392cec312f,4792,5960,JPEG
Office sketches 5x8_Page_45_00008.jpg,5667398,Office sketches 5x8_Page_45.jpg,eaae31d0fdbb131b766e233cf2fd0684,4792,5960,JPEG
Office sketches 5x8_Page_45_00009.jpg,5568790,Office sketches 5x8_Page_45.jpg,41f59b08e29ad5053867c30f78b0770f,4792,5960,JPEG
Office sketches 5x8_Page_45_00010.jpg,5600761,Office sketches 5x8_Page_45.jpg,05c16a744c10b7e7e72a8f3ad3121877,4792,5960,JPEG
Office sketches 5x8_Page_46_00001.jpg,4389565,Office sketches 5x8_Page_46.jpg,e222e74de42530889d11a84572c3e2b1,5096,6560,JPEG
Office sketches 5x8_Page_46_00002.jpg,4195479,Office sketches 5x8_Page_46.jpg,4ee0c0d267e7dd9f15bb54f6d4027853,5096,6560,JPEG
Office sketches 5x8_Page_46_00003.jpg,4736305,Office sketches 5x8_Page_46.jpg,6dec8aa0536504b5635510f66abe940e,5096,6560,JPEG
Office sketches 5x8_Page_46_00004.jpg,4242950,Office sketches 5x8_Page_46.jpg,0d9dab49ad509ca25344e2ba91f67f75,5096,6560,JPEG
Office sketches 5x8_Page_46_00005.jpg,4477797,Office sketches 5x8_Page_46.jpg,a66256447161c3575141fe865c67041f,5096,6560,JPEG
Office sketches 5x8_Page_46_00006.jpg,4423390,Office sketches 5x8_Page_46.jpg,f7d8c273380c375f939bfa921490c556,5096,6560,JPEG
Office sketches 5x8_Page_46_00007.jpg,4050511,Office sketches 5x8_Page_46.jpg,abcf89f2b2af4a923f795d9613e57174,5096,6560,JPEG
Office sketches 5x8_Page_46_00008.jpg,4194374,Office sketches 5x8_Page_46.jpg,4756ab8aaa154aba99c81ba242fdbb21,5096,6560,JPEG
Office sketches 5x8_Page_46_00009.jpg,3971232,Office sketches 5x8_Page_46.jpg,14e85090c922e837d34e049349a1a296,5096,6560,JPEG
Office sketches 5x8_Page_46_00010.jpg,4298647,Office sketches 5x8_Page_46.jpg,359e7f090f1690c82a83a75a889dab4e,5096,6560,JPEG
Office sketches 5x8_Page_47_00001.jpg,4972039,Office sketches 5x8_Page_47.jpg,7636df7a687ffd5a1da5e9e13d832543,4808,5984,JPEG
Office sketches 5x8_Page_47_00002.jpg,5464094,Office sketches 5x8_Page_47.jpg,61b2ac05321690c5e10de8e2e4f66ba6,4808,5984,JPEG
Office sketches 5x8_Page_47_00003.jpg,5102865,Office sketches 5x8_Page_47.jpg,7416e6eaec93840facf96c451278e7d2,4808,5984,JPEG
Office sketches 5x8_Page_47_00004.jpg,5002803,Office sketches 5x8_Page_47.jpg,a06b930bb3ed87a26d5c6949e8f446f8,4808,5984,JPEG
Office sketches 5x8_Page_47_00005.jpg,5034594,Office sketches 5x8_Page_47.jpg,932baa018a986d18daf97cabb9ffa03b,4808,5984,JPEG
Office sketches 5x8_Page_47_00006.jpg,5898851,Office sketches 5x8_Page_47.jpg,d22c873f67d613b53cdc16df042a2f4b,4808,5984,JPEG
Office sketches 5x8_Page_47_00007.jpg,5130605,Office sketches 5x8_Page_47.jpg,6dcbfeeafa401ef88424500677be14bb,4808,5984,JPEG
Office sketches 5x8_Page_47_00008.jpg,5727374,Office sketches 5x8_Page_47.jpg,7ed72aeee813bdc562eff4ce28acdfd4,4808,5984,JPEG
Office sketches 5x8_Page_47_00009.jpg,5249570,Office sketches 5x8_Page_47.jpg,fe78dd963ce32e1a2d120d79336cef7a,4808,5984,JPEG
Office sketches 5x8_Page_47_00010.jpg,4959810,Office sketches 5x8_Page_47.jpg,63261f8509f6bfb9d99f3d240854f1bc,4808,5984,JPEG
Office sketches 5x8_Page_48_00001.jpg,6175609,Office sketches 5x8_Page_48.jpg,21c437f6eb7e8239a4ecc150a6954874,4808,5944,JPEG
Office sketches 5x8_Page_48_00002.jpg,6129171,Office sketches 5x8_Page_48.jpg,159622a7778f84d788b5617a3e15fd7b,4808,5944,JPEG
Office sketches 5x8_Page_48_00003.jpg,5980032,Office sketches 5x8_Page_48.jpg,7ff2f146dd5ecf7eef582784cbc932f2,4808,5944,JPEG
Office sketches 5x8_Page_48_00004.jpg,5822052,Office sketches 5x8_Page_48.jpg,378d5fa5a943fe41076f251ce0c1272c,4808,5944,JPEG
Office sketches 5x8_Page_48_00005.jpg,6140440,Office sketches 5x8_Page_48.jpg,52013ef079030feafa376e11c3b320ae,4808,5944,JPEG
Office sketches 5x8_Page_48_00006.jpg,5793223,Office sketches 5x8_Page_48.jpg,fc611f228737db25244d9c5cf529a55a,4808,5944,JPEG
Office sketches 5x8_Page_48_00007.jpg,6095465,Office sketches 5x8_Page_48.jpg,4897cdfdedaa6d90961225ca93f17e2e,4808,5944,JPEG
Office sketches 5x8_Page_48_00008.jpg,5820962,Office sketches 5x8_Page_48.jpg,fd1fc48906f2cad5b12f34a585abea7f,4808,5944,JPEG
Office sketches 5x8_Page_48_00009.jpg,5980570,Office sketches 5x8_Page_48.jpg,5ae4857f236c5f1d094eafb5e70041da,4808,5944,JPEG
Office sketches 5x8_Page_48_00010.jpg,5766091,Office sketches 5x8_Page_48.jpg,f399923aff2b3f7a425c3059908bc3b4,4808,5944,JPEG
Office sketches 5x8_Page_49_00001.jpg,6087636,Office sketches 5x8_Page_49.jpg,48b22b9af4094496dea5df764727d915,4792,5992,JPEG
Office sketches 5x8_Page_49_00002.jpg,6061310,Office sketches 5x8_Page_49.jpg,0fc7bc076f8178f9de333302c05a1ff7,4792,5992,JPEG
Office sketches 5x8_Page_49_00003.jpg,6318782,Office sketches 5x8_Page_49.jpg,3550ef2ac96b38c5c4d7b82fc92133c3,4792,5992,JPEG
Office sketches 5x8_Page_49_00004.jpg,6034028,Office sketches 5x8_Page_49.jpg,7e71c7f9390ff35b022b1c8ea5bd661a,4792,5992,JPEG
Office sketches 5x8_Page_49_00005.jpg,6646483,Office sketches 5x8_Page_49.jpg,d6d897c854a25ea81200c53a5966b345,4792,5992,JPEG
Office sketches 5x8_Page_49_00006.jpg,5958391,Office sketches 5x8_Page_49.jpg,818a4854a7834cd5b49d784edc214906,4792,5992,JPEG
Office sketches 5x8_Page_49_00007.jpg,6243783,Office sketches 5x8_Page_49.jpg,c67fa8160d9855ad1a97f84001d31fa4,4792,5992,JPEG
Office sketches 5x8_Page_49_00008.jpg,6293245,Office sketches 5x8_Page_49.jpg,18b22ef6a43e689e159f7d7b65e9cad9,4792,5992,JPEG
Office sketches 5x8_Page_49_00009.jpg,6207363,Office sketches 5x8_Page_49.jpg,431fb13bbe437d2b739be4c49228cc3f,4792,5992,JPEG
Office sketches 5x8_Page_49_00010.jpg,6431157,Office sketches 5x8_Page_49.jpg,3108e5827821cc3bb188b6e7ac32af06,4792,5992,JPEG
Office sketches 5x8_Page_50_00001.jpg,4388139,Office sketches 5x8_Page_50.jpg,9dfc337b9da33e7f03fa4814042dc260,4792,5256,JPEG
Office sketches 5x8_Page_50_00002.jpg,4564007,Office sketches 5x8_Page_50.jpg,a6db5cb6e6f26b0bb5785559915ec56a,4792,5256,JPEG
Office sketches 5x8_Page_50_00003.jpg,4220491,Office sketches 5x8_Page_50.jpg,22c5431e420614f850def229bee21aa8,4792,5256,JPEG
Office sketches 5x8_Page_50_00004.jpg,4499394,Office sketches 5x8_Page_50.jpg,9be4e595563620e3302293d225133790,4792,5256,JPEG
Office sketches 5x8_Page_50_00005.jpg,4154667,Office sketches 5x8_Page_50.jpg,9e36b9f3a76891f100547e2759ccb69a,4792,5256,JPEG
Office sketches 5x8_Page_50_00006.jpg,4490194,Office sketches 5x8_Page_50.jpg,4231ab267684b6d90fec1e10491d1b95,4792,5256,JPEG
Office sketches 5x8_Page_50_00007.jpg,4713166,Office sketches 5x8_Page_50.jpg,36a15778a972841317c06b050e28cdc4,4792,5256,JPEG
Office sketches 5x8_Page_50_00008.jpg,4376888,Office sketches 5x8_Page_50.jpg,0dab3a71b6432fab2bcb05614af413c4,4792,5256,JPEG
Office sketches 5x8_Page_50_00009.jpg,4228854,Office sketches 5x8_Page_50.jpg,07fc9f01828772d97c287f450554c705,4792,5256,JPEG
Office sketches 5x8_Page_50_00010.jpg,4140445,Office sketches 5x8_Page_50.jpg,1a3cdc72ea01b1e12c453d448845b1a0,4792,5256,JPEG
Office sketches 5x8_Page_51_00001.jpg,6102456,Office sketches 5x8_Page_51.jpg,976b266dc00337db2e6920ee1c8cd464,4792,5992,JPEG
Office sketches 5x8_Page_51_00002.jpg,5957236,Office sketches 5x8_Page_51.jpg,9f37d2d1bf995c091d1a04bb9a9d5f69,4792,5992,JPEG
Office sketches 5x8_Page_51_00003.jpg,6257569,Office sketches 5x8_Page_51.jpg,fdc405f88ddb9f23376cb51f9201925c,4792,5992,JPEG
Office sketches 5x8_Page_51_00004.jpg,6023715,Office sketches 5x8_Page_51.jpg,728b2452bfad9ce61555f7ca3f55c8c9,4792,5992,JPEG
Office sketches 5x8_Page_51_00005.jpg,6187948,Office sketches 5x8_Page_51.jpg,9a21fdd6b15865a81d77bf8cfb32872c,4792,5992,JPEG
Office sketches 5x8_Page_51_00006.jpg,5970781,Office sketches 5x8_Page_51.jpg,0708c46c6ccc1d5fdc0f4d60dd3fa6ab,4792,5992,JPEG
Office sketches 5x8_Page_51_00007.jpg,5916910,Office sketches 5x8_Page_51.jpg,0a21104fb9f3c6a34086eb481e929e37,4792,5992,JPEG
Office sketches 5x8_Page_51_00008.jpg,5914136,Office sketches 5x8_Page_51.jpg,4c15f4cd8006e19c7230565366549864,4792,5992,JPEG
Office sketches 5x8_Page_51_00009.jpg,6420357,Office sketches 5x8_Page_51.jpg,07a61b1082d623cc411533f80a5a6521,4792,5992,JPEG
Office sketches 5x8_Page_51_00010.jpg,6262204,Office sketches 5x8_Page_51.jpg,f87e7209db8312bf3efd662769c19c2e,4792,5992,JPEG
Office sketches 5x8_Page_52_00001.jpg,3706679,Office sketches 5x8_Page_52.jpg,f50c3cf57dcc05ba37998c7bfd56c6cd,4800,5288,JPEG
Office sketches 5x8_Page_52_00002.jpg,3807861,Office sketches 5x8_Page_52.jpg,f04da5b52b9275d1649aef372cc5294d,4800,5288,JPEG
Office sketches 5x8_Page_52_00003.jpg,4037633,Office sketches 5x8_Page_52.jpg,ffacd179181d367aa8f61aca914596be,4800,5288,JPEG
Office sketches 5x8_Page_52_00004.jpg,4362829,Office sketches 5x8_Page_52.jpg,50f2afdd3eb236daf5947ff3afd3dff4,4800,5288,JPEG
Office sketches 5x8_Page_52_00005.jpg,4221703,Office sketches 5x8_Page_52.jpg,0e9beb2e034ece46ee862e6989aacd74,4800,5288,JPEG
Office sketches 5x8_Page_52_00006.jpg,3903669,Office sketches 5x8_Page_52.jpg,b485cf8097d5ed48bbfb1a8bb41701f3,4800,5288,JPEG
Office sketches 5x8_Page_52_00007.jpg,4022100,Office sketches 5x8_Page_52.jpg,c0f3919fbb7197dd258442e7dd0e5688,4800,5288,JPEG
Office sketches 5x8_Page_52_00008.jpg,3830706,Office sketches 5x8_Page_52.jpg,b41e05cff339e8a2c60f20956e0b5279,4800,5288,JPEG
Office sketches 5x8_Page_52_00009.jpg,4203005,Office sketches 5x8_Page_52.jpg,5af64bc124574d57f244c765d22e5a91,4800,5288,JPEG
Office sketches 5x8_Page_52_00010.jpg,3852937,Office sketches 5x8_Page_52.jpg,79afcd1787b829e7c177bcb7dffca260,4800,5288,JPEG
Office sketches 5x8_Page_53_00001.jpg,4153233,Office sketches 5x8_Page_53.jpg,1bf20643e077154ecb12c80d299c87a0,4760,5872,JPEG
Office sketches 5x8_Page_53_00002.jpg,4128551,Office sketches 5x8_Page_53.jpg,60aae82d3606ad09e564cb130a17dd89,4760,5872,JPEG
Office sketches 5x8_Page_53_00003.jpg,4085660,Office sketches 5x8_Page_53.jpg,90fd4a02fa235102d45f5d132f101d0f,4760,5872,JPEG
Office sketches 5x8_Page_53_00004.jpg,3875782,Office sketches 5x8_Page_53.jpg,8145ff7504905c016623a0e221091282,4760,5872,JPEG
Office sketches 5x8_Page_53_00005.jpg,4195751,Office sketches 5x8_Page_53.jpg,ec3f5dcc4a110bacac865219f4187948,4760,5872,JPEG
Office sketches 5x8_Page_53_00006.jpg,4045964,Office sketches 5x8_Page_53.jpg,95df4264688fcb5e69e8caf2284cf41f,4760,5872,JPEG
Office sketches 5x8_Page_53_00007.jpg,3849013,Office sketches 5x8_Page_53.jpg,ee5b55ad5bf055d06e655d46de5bad02,4760,5872,JPEG
Office sketches 5x8_Page_53_00008.jpg,4553113,Office sketches 5x8_Page_53.jpg,5080558dd38b2034c64f9fae9e2d9392,4760,5872,JPEG
Office sketches 5x8_Page_53_00009.jpg,3731107,Office sketches 5x8_Page_53.jpg,9afdce5d33629b354f02483d37629f8c,4760,5872,JPEG
Office sketches 5x8_Page_53_00010.jpg,4204120,Office sketches 5x8_Page_53.jpg,484b7d5c8711d53e7539459b0aae93c5,4760,5872,JPEG
Office sketches 5x8_Page_54_00001.jpg,6635346,Office sketches 5x8_Page_54.jpg,12be7efa8fcce861456e5f37408b50b3,4784,6000,JPEG
Office sketches 5x8_Page_54_00002.jpg,6739145,Office sketches 5x8_Page_54.jpg,9a611bef0e7ee7a28320167967dea1e2,4784,6000,JPEG
Office sketches 5x8_Page_54_00003.jpg,7365719,Office sketches 5x8_Page_54.jpg,f8ec8f73f5bc35684b51fab2405c7b9e,4784,6000,JPEG
Office sketches 5x8_Page_54_00004.jpg,7199802,Office sketches 5x8_Page_54.jpg,e2fe02bef8d84870dde1cf7b406be9dd,4784,6000,JPEG
Office sketches 5x8_Page_54_00005.jpg,7363157,Office sketches 5x8_Page_54.jpg,86b8b8a19a0d9ae6d7ff60c08ac43a15,4784,6000,JPEG
Office sketches 5x8_Page_54_00006.jpg,7026306,Office sketches 5x8_Page_54.jpg,a9edd5ac438b2c087a3a7bbe22096b1d,4784,6000,JPEG
Office sketches 5x8_Page_54_00007.jpg,6580384,Office sketches 5x8_Page_54.jpg,3503a23992f945046ae6841f29109808,4784,6000,JPEG
Office sketches 5x8_Page_54_00008.jpg,7065412,Office sketches 5x8_Page_54.jpg,e0ae77ea737a2c16fd4386274fec3ed6,4784,6000,JPEG
Office sketches 5x8_Page_54_00009.jpg,7171178,Office sketches 5x8_Page_54.jpg,f8f67933bcd321c89d8733b768c330be,4784,6000,JPEG
Office sketches 5x8_Page_54_00010.jpg,6866123,Office sketches 5x8_Page_54.jpg,6c3e29a7fd52f1ce57d35a3094799064,4784,6000,JPEG
Office sketches 5x8_Page_55_00001.jpg,7307443,Office sketches 5x8_Page_55.jpg,6e4879e4e0523d2bd46fd2a4cd5be7c3,4792,5992,JPEG
Office sketches 5x8_Page_55_00002.jpg,7680873,Office sketches 5x8_Page_55.jpg,4edaf51a88907bd453c61c6fd80050f7,4792,5992,JPEG
Office sketches 5x8_Page_55_00003.jpg,7002485,Office sketches 5x8_Page_55.jpg,8d5b110404669cb796e6b6d36d54224d,4792,5992,JPEG
Office sketches 5x8_Page_55_00004.jpg,6940314,Office sketches 5x8_Page_55.jpg,1a180b398b511a1603759052d8ea33ff,4792,5992,JPEG
Office sketches 5x8_Page_55_00005.jpg,7274378,Office sketches 5x8_Page_55.jpg,536a3391326c08b4934a551cc5cb9888,4792,5992,JPEG
Office sketches 5x8_Page_55_00006.jpg,7020957,Office sketches 5x8_Page_55.jpg,a9622748105ff679551c1918e4b2d0b2,4792,5992,JPEG
Office sketches 5x8_Page_55_00007.jpg,7283880,Office sketches 5x8_Page_55.jpg,14bfa0028020e46c6c103462c1422888,4792,5992,JPEG
Office sketches 5x8_Page_55_00008.jpg,7274743,Office sketches 5x8_Page_55.jpg,8749f5f7b395ec8652b3adc6d85f67be,4792,5992,JPEG
Office sketches 5x8_Page_55_00009.jpg,7007926,Office sketches 5x8_Page_55.jpg,4546ea29c539fd928cb26952be26d963,4792,5992,JPEG
Office sketches 5x8_Page_55_00010.jpg,7123290,Office sketches 5x8_Page_55.jpg,4fafb06bf7f01d8bba39121e1e777722,4792,5992,JPEG
P-sc_0001_00001.jpg,3945392,P-sc_0001.jpg,d817dd4209b80b86cc4f45b90b432c5b,2561,5176,JPEG
P-sc_0001_00002.jpg,4055228,P-sc_0001.jpg,b7e55bdd6bcce3517f28ac6dac4af0f7,2561,5176,JPEG
P-sc_0001_00003.jpg,4187035,P-sc_0001.jpg,7c67ca9dd63b6527b6b3431e0eda6c54,2561,5176,JPEG
P-sc_0001_00004.jpg,3891834,P-sc_0001.jpg,7ee59e639e85b88a36e623aea827a0ba,2561,5176,JPEG
P-sc_0001_00005.jpg,3977031,P-sc_0001.jpg,fb2ecc9d8c4780ea9532eda61e8c0de7,2561,5176,JPEG
P-sc_0001_00006.jpg,4135869,P-sc_0001.jpg,573bdef3cc176c9c6d702e649b744b26,2561,5176,JPEG
P-sc_0001_00007.jpg,4139525,P-sc_0001.jpg,112d6b34c600fa3e9528954f627c4167,2561,5176,JPEG
P-sc_0001_00008.jpg,4010279,P-sc_0001.jpg,c075832d7d37388b3a244639b34c739d,2561,5176,JPEG
P-sc_0001_00009.jpg,3928919,P-sc_0001.jpg,692b2d8c8ce7b21c766edb1a59fb52f9,2561,5176,JPEG
P-sc_0001_00010.jpg,3930450,P-sc_0001.jpg,7346f277ba5b947f565ddfc70f4cd1d7,2561,5176,JPEG
P-sc_0002_00001.jpg,4817549,P-sc_0002.jpg,13d33797c91f641df352ad51455eb2b0,3492,4784,JPEG
P-sc_0002_00002.jpg,4710481,P-sc_0002.jpg,52aa3206129dabd6d1408901dce15c73,3492,4784,JPEG
P-sc_0002_00003.jpg,4808621,P-sc_0002.jpg,9081e4063cbaf5f47379b295aa6d7232,3492,4784,JPEG
P-sc_0002_00004.jpg,4783916,P-sc_0002.jpg,71f03380516390ec2ec0e4e12d035d0b,3492,4784,JPEG
P-sc_0002_00005.jpg,4794158,P-sc_0002.jpg,092d7cb90be8fbecf6594bd6eadeef5c,3492,4784,JPEG
P-sc_0002_00006.jpg,4666416,P-sc_0002.jpg,f79f22b73681852d6e59991609489d98,3492,4784,JPEG
P-sc_0002_00007.jpg,4592994,P-sc_0002.jpg,edca038f6b056510dd21b515fca71cf3,3492,4784,JPEG
P-sc_0002_00008.jpg,4761521,P-sc_0002.jpg,cfecb76d744213ac00caa028e01e672e,3492,4784,JPEG
P-sc_0002_00009.jpg,4728389,P-sc_0002.jpg,e045de3e90e12b4b9daffff7041dd30b,3492,4784,JPEG
P-sc_0002_00010.jpg,4621850,P-sc_0002.jpg,0504431517f747361bcfae8132debab4,3492,4784,JPEG
P-sc_0003_00001.jpg,3248232,P-sc_0003.jpg,726ab59b21ad04b246aa6e1428f6e9bc,2259,5080,JPEG
P-sc_0003_00002.jpg,3386763,P-sc_0003.jpg,6b839d68aba9376311f209376ec7745b,2259,5080,JPEG
P-sc_0003_00003.jpg,3361856,P-sc_0003.jpg,3f87c58a46afb32162210edfe2bba4d9,2259,5080,JPEG
P-sc_0003_00004.jpg,3237759,P-sc_0003.jpg,8b65fa0919fa2b0c894c05e09751442f,2259,5080,JPEG
P-sc_0003_00005.jpg,3236478,P-sc_0003.jpg,4d5dd1f7bf8eed878b9b051e40f70640,2259,5080,JPEG
P-sc_0003_00006.jpg,3270933,P-sc_0003.jpg,134ca7b2d59bdac6f8b139c948dc080c,2259,5080,JPEG
P-sc_0003_00007.jpg,3388957,P-sc_0003.jpg,f0926c3fff037bfc6dd5381669d506f4,2259,5080,JPEG
P-sc_0003_00008.jpg,3229647,P-sc_0003.jpg,f539a7d40c2efece34df6ce3dbc95901,2259,5080,JPEG
P-sc_0003_00009.jpg,3232474,P-sc_0003.jpg,3f2eb0bd6c0d6574e9ff7d70c7b9233b,2259,5080,JPEG
P-sc_0003_00010.jpg,3317550,P-sc_0003.jpg,6997366ac0b2313e66a47f250bbf2af7,2259,5080,JPEG
P-sc_0004_00001.jpg,4059262,P-sc_0004.jpg,07ed1f67c1bfbfad947405103ac7d7c4,2586,5384,JPEG
P-sc_0004_00002.jpg,4352916,P-sc_0004.jpg,39f3dacf7f206a738c4ca076d8b3f973,2586,5384,JPEG
P-sc_0004_00003.jpg,4140374,P-sc_0004.jpg,98578c749f021f76d0d48766f5bbaebb,2586,5384,JPEG
P-sc_0004_00004.jpg,4229346,P-sc_0004.jpg,53bc76b90bc95d725018f9b279cbc0c5,2586,5384,JPEG
P-sc_0004_00005.jpg,4235670,P-sc_0004.jpg,9f1adb763affdf46fa0a83d4a1df6573,2586,5384,JPEG
P-sc_0004_00006.jpg,4113175,P-sc_0004.jpg,1dddc3b27c4198b9927d97430466381c,2586,5384,JPEG
P-sc_0004_00007.jpg,4187497,P-sc_0004.jpg,66221de609d18ad7a81b9112342efe45,2586,5384,JPEG
P-sc_0004_00008.jpg,4256684,P-sc_0004.jpg,84ebc5b0865e79b4111536ac145dcfe8,2586,5384,JPEG
P-sc_0004_00009.jpg,4149543,P-sc_0004.jpg,541740f07e098f0acf77e565f5353d6c,2586,5384,JPEG
P-sc_0004_00010.jpg,4264448,P-sc_0004.jpg,95d1e48fb9590bf17d33dbb8cdb53d96,2586,5384,JPEG
P-sc_0005_00001.jpg,5492726,P-sc_0005.jpg,c38390174aa4896ba4594b6fd0295157,3544,5482,JPEG
P-sc_0005_00002.jpg,5555605,P-sc_0005.jpg,6c152440f996c2202a42953de7892442,3544,5482,JPEG
P-sc_0005_00003.jpg,5667279,P-sc_0005.jpg,3641ede56517e1b958bc51873edbd19d,3544,5482,JPEG
P-sc_0005_00004.jpg,5704606,P-sc_0005.jpg,b411ec14a850b7ed4c4f660aff57c7b5,3544,5482,JPEG
P-sc_0005_00005.jpg,5579110,P-sc_0005.jpg,f1d5456240bcd38f2793584fdba1f066,3544,5482,JPEG
P-sc_0005_00006.jpg,5767172,P-sc_0005.jpg,cfe50642bf3658fd121eb796d3023e37,3544,5482,JPEG
P-sc_0005_00007.jpg,5772042,P-sc_0005.jpg,dd88b6174902ebaf07eaaa091d5b090f,3544,5482,JPEG
P-sc_0005_00008.jpg,5527489,P-sc_0005.jpg,f7bee995c1825c39e902625c7836f4eb,3544,5482,JPEG
P-sc_0005_00009.jpg,5625145,P-sc_0005.jpg,f422f5ceee739b0448338a5f248616b8,3544,5482,JPEG
P-sc_0005_00010.jpg,5730749,P-sc_0005.jpg,8d879941b49692fbb71cf5c877089cea,3544,5482,JPEG
P-sc_0006_00001.jpg,3420346,P-sc_0006.jpg,86d1b7cd0c2d9ad8203441fc99fe985e,2147,5360,JPEG
P-sc_0006_00002.jpg,3465846,P-sc_0006.jpg,719517a7f574860d5b0b34d8d753b8e1,2147,5360,JPEG
P-sc_0006_00003.jpg,3377352,P-sc_0006.jpg,81c70dbb52cefc0afc8ba15933d0f3a4,2147,5360,JPEG
P-sc_0006_00004.jpg,3333123,P-sc_0006.jpg,905c5eae40c1fd7ea6a3121280c695e4,2147,5360,JPEG
P-sc_0006_00005.jpg,3397274,P-sc_0006.jpg,ded595d2d02affc7b8b26a6dbee7a92f,2147,5360,JPEG
P-sc_0006_00006.jpg,3396511,P-sc_0006.jpg,17d057452e29c8ace95ddf97c4dccae8,2147,5360,JPEG
P-sc_0006_00007.jpg,3311419,P-sc_0006.jpg,a7a3a66bd2748bfd4a1fe3d90f15a35c,2147,5360,JPEG
P-sc_0006_00008.jpg,3364154,P-sc_0006.jpg,5bce67f005e19fa383dc40e58f63fb14,2147,5360,JPEG
P-sc_0006_00009.jpg,3433835,P-sc_0006.jpg,e858b4716c1a471a0e1f7a330e32d4ba,2147,5360,JPEG
P-sc_0006_00010.jpg,3339917,P-sc_0006.jpg,a1733baa680f838eb2e014c117777c95,2147,5360,JPEG
P-sc_0007_00001.jpg,4735698,P-sc_0007.jpg,cfb0a14c4f93f3f8f003d793440bb1f3,2529,5120,JPEG
P-sc_0007_00002.jpg,4667048,P-sc_0007.jpg,e1f819da7152dccb360d7068a1900189,2529,5120,JPEG
P-sc_0007_00003.jpg,4596271,P-sc_0007.jpg,673fbf5ed675a7dc2e377d6f1a0009a2,2529,5120,JPEG
P-sc_0007_00004.jpg,4736231,P-sc_0007.jpg,05407db9580c84aaba7b13796f042c11,2529,5120,JPEG
P-sc_0007_00005.jpg,4707276,P-sc_0007.jpg,efc1e848096257365aef56e6178a4adb,2529,5120,JPEG
P-sc_0007_00006.jpg,4626534,P-sc_0007.jpg,13ad02bea69f3847205a96c0a00a599d,2529,5120,JPEG
P-sc_0007_00007.jpg,4695491,P-sc_0007.jpg,a25c631fb10120cf45cf4f2564518f88,2529,5120,JPEG
P-sc_0007_00008.jpg,4599119,P-sc_0007.jpg,2dc0145f35b1feb30beeecce2ca5e27f,2529,5120,JPEG
P-sc_0007_00009.jpg,4668204,P-sc_0007.jpg,0e7862c71ceeaeadaaba34cba29112f4,2529,5120,JPEG
P-sc_0007_00010.jpg,4681392,P-sc_0007.jpg,e29f9da223c41f802493eef5976dad82,2529,5120,JPEG
P-sc_0008_00001.jpg,5708190,P-sc_0008.jpg,b409a57cd1ab6d4933e4c1d2b392ec15,4768,3648,JPEG
P-sc_0008_00002.jpg,5738871,P-sc_0008.jpg,a64b9a022737a38b278e913c383b4a6b,4768,3648,JPEG
P-sc_0008_00003.jpg,5352855,P-sc_0008.jpg,af608bdaa570fcab384f4f2b8f7fd72f,4768,3648,JPEG
P-sc_0008_00004.jpg,5546712,P-sc_0008.jpg,cf66eda517d95f3a67caede27c6b8388,4768,3648,JPEG
P-sc_0008_00005.jpg,5557945,P-sc_0008.jpg,2a632692053d73892b4098b3cd3a43c1,4768,3648,JPEG
P-sc_0008_00006.jpg,5620582,P-sc_0008.jpg,3152e34cdd1e983de936ffd5e57f4311,4768,3648,JPEG
P-sc_0008_00007.jpg,5629026,P-sc_0008.jpg,72b7396cbce5d5911303eddf950831cd,4768,3648,JPEG
P-sc_0008_00008.jpg,5457937,P-sc_0008.jpg,40d0e28eed7d72738399f6e868a1cb8b,4768,3648,JPEG
P-sc_0008_00009.jpg,5266779,P-sc_0008.jpg,9126ff316e6fc437b41505633a375538,4768,3648,JPEG
P-sc_0008_00010.jpg,5533262,P-sc_0008.jpg,ceb7cc5e265eef838e77278a96ddcc69,4768,3648,JPEG
P-sc_0009_00001.jpg,4619275,P-sc_0009.jpg,b0c351a16400bd94b5fa439a15886a62,3280,4256,JPEG
P-sc_0009_00002.jpg,4356972,P-sc_0009.jpg,6a40ca6399c15d4a17b8fb02bd3f0b12,3280,4256,JPEG
P-sc_0009_00003.jpg,4303906,P-sc_0009.jpg,688ebf141fb214bd2a579e0fe6cc91f0,3280,4256,JPEG
P-sc_0009_00004.jpg,4515603,P-sc_0009.jpg,5fcf51b5a9f78a509e8c83307b843239,3280,4256,JPEG
P-sc_0009_00005.jpg,4557762,P-sc_0009.jpg,798e9787ea4c5d0a7facd7a67b82e972,3280,4256,JPEG
P-sc_0009_00006.jpg,4372959,P-sc_0009.jpg,0222436b61f673d65c2f1914ef389815,3280,4256,JPEG
P-sc_0009_00007.jpg,4304391,P-sc_0009.jpg,ebd735420b6fc76c9336f4ad4da776d3,3280,4256,JPEG
P-sc_0009_00008.jpg,4430099,P-sc_0009.jpg,adc46d4f4f67109b04b6a6fdd53bdd7d,3280,4256,JPEG
P-sc_0009_00009.jpg,4470102,P-sc_0009.jpg,d64306c9f79eefef9d9e27c2122014ea,3280,4256,JPEG
P-sc_0009_00010.jpg,4341236,P-sc_0009.jpg,191c90a450e654d46cd2a7b82f2e8fb4,3280,4256,JPEG
P-sc_0010_00001.jpg,4772632,P-sc_0010.jpg,e8ae5de66e73cb5f32138f9e0b507b3a,2960,5504,JPEG
P-sc_0010_00002.jpg,4632203,P-sc_0010.jpg,30845cc3dcd205a0b43f11517b92bc8c,2960,5504,JPEG
P-sc_0010_00003.jpg,4599112,P-sc_0010.jpg,43884feb14acba8df2f3a85744a849c2,2960,5504,JPEG
P-sc_0010_00004.jpg,4662486,P-sc_0010.jpg,76da3d9381dabe018b6129377543c1d5,2960,5504,JPEG
P-sc_0010_00005.jpg,4636037,P-sc_0010.jpg,6400d28bbb07153b8f17cc5a688cd558,2960,5504,JPEG
P-sc_0010_00006.jpg,4547339,P-sc_0010.jpg,353c092d99c497f81c1e416229d622c8,2960,5504,JPEG
P-sc_0010_00007.jpg,4770184,P-sc_0010.jpg,1f5b5d9e50dab33cf59a827a7331fc09,2960,5504,JPEG
P-sc_0010_00008.jpg,4658158,P-sc_0010.jpg,3f36767d092f32647afc288212fbb200,2960,5504,JPEG
P-sc_0010_00009.jpg,4605395,P-sc_0010.jpg,f313639f28eb396ba7c0062a51201018,2960,5504,JPEG
P-sc_0010_00010.jpg,4849213,P-sc_0010.jpg,1360702b61fd44511f07c8a9415a7506,2960,5504,JPEG
P-sc_0011_00001.jpg,5826782,P-sc_0011.jpg,25ab7989617293114802eabd38909e8e,3640,6344,JPEG
P-sc_0011_00002.jpg,5885277,P-sc_0011.jpg,2f71bcc0c977a999ca5b3036af82cfe2,3640,6344,JPEG
P-sc_0011_00003.jpg,5884608,P-sc_0011.jpg,be71e874895854f6f12f85754db061cd,3640,6344,JPEG
P-sc_0011_00004.jpg,6138304,P-sc_0011.jpg,dabe94ed4b26a5576e771c619ccd6f7b,3640,6344,JPEG
P-sc_0011_00005.jpg,6001716,P-sc_0011.jpg,253a4c323ef04bee6ba532717eaacea5,3640,6344,JPEG
P-sc_0011_00006.jpg,6240720,P-sc_0011.jpg,867b9054c3e506aa17028aee71103cca,3640,6344,JPEG
P-sc_0011_00007.jpg,5994624,P-sc_0011.jpg,dee3089028ea18c57cc1905615c35764,3640,6344,JPEG
P-sc_0011_00008.jpg,5809321,P-sc_0011.jpg,029af78a23fc5ea3d22b7dd8df6ee576,3640,6344,JPEG
P-sc_0011_00009.jpg,6023196,P-sc_0011.jpg,ef0178ff1d3b1b25c8220c36af1eac81,3640,6344,JPEG
P-sc_0011_00010.jpg,5893481,P-sc_0011.jpg,0a65ece1e9cfd5e17bd8926b5b1b8992,3640,6344,JPEG
P-sc_0012_00001.jpg,3114850,P-sc_0012.jpg,ce71094296215c0ea96ff71818a441df,2386,5031,JPEG
P-sc_0012_00002.jpg,3098869,P-sc_0012.jpg,3c1644c48bf9951bb23cf10c7fc09122,2386,5031,JPEG
P-sc_0012_00003.jpg,3351481,P-sc_0012.jpg,acd5f5bbdada8960520b7c88deaaf52a,2386,5031,JPEG
P-sc_0012_00004.jpg,3193586,P-sc_0012.jpg,3efd44f30c1a3aa07f46c2c365e4ffbe,2386,5031,JPEG
P-sc_0012_00005.jpg,3152583,P-sc_0012.jpg,7135107f3d571fb1e5427fb4346adf23,2386,5031,JPEG
P-sc_0012_00006.jpg,3149886,P-sc_0012.jpg,4e4d41e8761230024c890c5e63216f1d,2386,5031,JPEG
P-sc_0012_00007.jpg,3116320,P-sc_0012.jpg,ef32735463f7c10c36b3725502884299,2386,5031,JPEG
P-sc_0012_00008.jpg,3273031,P-sc_0012.jpg,69331e15da0633d90d83763cb13da54c,2386,5031,JPEG
P-sc_0012_00009.jpg,3366407,P-sc_0012.jpg,f434bd39a299e44bc351637b4c5ff1cd,2386,5031,JPEG
P-sc_0012_00010.jpg,3190871,P-sc_0012.jpg,b297c0fac017d2180001de24358c4c2f,2386,5031,JPEG
P-sc_0013_00001.jpg,1803570,P-sc_0013.jpg,672071ef8a0328014b3447da3e8574d5,2578,2375,JPEG
P-sc_0013_00002.jpg,1963061,P-sc_0013.jpg,69a05e5b81da0f69adba883d374cf708,2578,2375,JPEG
P-sc_0013_00003.jpg,1804954,P-sc_0013.jpg,81f0100eb62eb3d822ba199a6535474e,2578,2375,JPEG
P-sc_0013_00004.jpg,1806948,P-sc_0013.jpg,5a3ab301256989b062291210989d860a,2578,2375,JPEG
P-sc_0013_00005.jpg,1874343,P-sc_0013.jpg,8cea76798de1dfca94fb8906c4ae164c,2578,2375,JPEG
P-sc_0013_00006.jpg,1847033,P-sc_0013.jpg,bd7cfa01b9e4c241704731d02d5275d4,2578,2375,JPEG
P-sc_0013_00007.jpg,2102094,P-sc_0013.jpg,ce0207b8332bc42eb4cd04953897e5c3,2578,2375,JPEG
P-sc_0013_00008.jpg,1974738,P-sc_0013.jpg,2cd42118f3374644574f7a1f54eeeb45,2578,2375,JPEG
P-sc_0013_00009.jpg,1893770,P-sc_0013.jpg,11c78c9c4c0107ed6d48e5888e45747f,2578,2375,JPEG
P-sc_0013_00010.jpg,1936133,P-sc_0013.jpg,d2396991d248e67be0c34e59331c9cf6,2578,2375,JPEG
P-sc_0014_00001.jpg,2244985,P-sc_0014.jpg,672fa588c2ec7fccd6d13f0ffebd760f,2277,2834,JPEG
P-sc_0014_00002.jpg,2105716,P-sc_0014.jpg,b4210b88baf5497ce1ea68b651b7c25a,2277,2834,JPEG
P-sc_0014_00003.jpg,2178627,P-sc_0014.jpg,32d3a0edebcce11088b48b1b576f5a71,2277,2834,JPEG
P-sc_0014_00004.jpg,2103718,P-sc_0014.jpg,9e5f254f0e1243708da9ba9c820d15ac,2277,2834,JPEG
P-sc_0014_00005.jpg,2159112,P-sc_0014.jpg,f7b903c589e59e4797e4b6bbffbe4a29,2277,2834,JPEG
P-sc_0014_00006.jpg,2073172,P-sc_0014.jpg,b28a4041990877b6139649fcdf04bdec,2277,2834,JPEG
P-sc_0014_00007.jpg,2200444,P-sc_0014.jpg,14200f02c81d6c4d0cee5947199864eb,2277,2834,JPEG
P-sc_0014_00008.jpg,2157209,P-sc_0014.jpg,59bed27d27ea312f3ca97013b4ebe0cf,2277,2834,JPEG
P-sc_0014_00009.jpg,2202618,P-sc_0014.jpg,a9d8defe0a4d0b624c106f2d70726ac8,2277,2834,JPEG
P-sc_0014_00010.jpg,2159844,P-sc_0014.jpg,bad4bff4db82bf6e27a8be5f3266f25f,2277,2834,JPEG
P-sc_0015_00001.jpg,547173,P-sc_0015.jpg,714f65cecbf85b27fd9539659a71402d,1592,891,JPEG
P-sc_0015_00002.jpg,580821,P-sc_0015.jpg,e053591cbb4eba130acb920700b6b8a5,1592,891,JPEG
P-sc_0015_00003.jpg,692782,P-sc_0015.jpg,7d2e56be8692fe4c77b405b73e57b83c,1592,891,JPEG
P-sc_0015_00004.jpg,555852,P-sc_0015.jpg,80308d39a5e34e61e7edd18f87ac8d7a,1592,891,JPEG
P-sc_0015_00005.jpg,474765,P-sc_0015.jpg,8b3e8290af3cf7405bcef030dd71ee16,1592,891,JPEG
P-sc_0015_00006.jpg,509418,P-sc_0015.jpg,1bf4e55b2d1f1a146d7a485fd0fa9587,1592,891,JPEG
P-sc_0015_00007.jpg,513276,P-sc_0015.jpg,eae1788f0343328c3b2ae1eba3a41200,1592,891,JPEG
P-sc_0015_00008.jpg,492339,P-sc_0015.jpg,8d411031f13c8c1315fbf32db7321592,1592,891,JPEG
P-sc_0015_00009.jpg,562843,P-sc_0015.jpg,e93f8188e397f85bdc1726a7d2000a50,1592,891,JPEG
P-sc_0015_00010.jpg,565420,P-sc_0015.jpg,98e299d92a11a3ece512349fc8ed81cf,1592,891,JPEG
P-sc_0016_00001.jpg,2060143,P-sc_0016.jpg,bad661ca88f3349bb42fc8894078393a,2705,2979,JPEG
P-sc_0016_00002.jpg,2280087,P-sc_0016.jpg,d0bcd353bd8101ab8625195105fbe96c,2705,2979,JPEG
P-sc_0016_00003.jpg,2211714,P-sc_0016.jpg,7966fe73f10795ed3360159d43e90b20,2705,2979,JPEG
P-sc_0016_00004.jpg,2183462,P-sc_0016.jpg,fcd79c8a2b950e19fdbb4198457db259,2705,2979,JPEG
P-sc_0016_00005.jpg,2136979,P-sc_0016.jpg,f473e87005dec8ebacf8592140024dc5,2705,2979,JPEG
P-sc_0016_00006.jpg,2298388,P-sc_0016.jpg,71ae7209362e826fcb586da238abb190,2705,2979,JPEG
P-sc_0016_00007.jpg,2036318,P-sc_0016.jpg,a2ba3ab42637f1cfb00c5e0373e63918,2705,2979,JPEG
P-sc_0016_00008.jpg,2065692,P-sc_0016.jpg,078b99b717918f31c841ce6a5f92167f,2705,2979,JPEG
P-sc_0016_00009.jpg,2061543,P-sc_0016.jpg,2736df4376681d66b6faf43e9e10a279,2705,2979,JPEG
P-sc_0016_00010.jpg,2093234,P-sc_0016.jpg,32e01e46c27101496e8405e27636db98,2705,2979,JPEG
P-sc_0017_00001.jpg,586492,P-sc_0017.jpg,7a14efb4f80b4a5d94179506237a4cc8,1852,827,JPEG
P-sc_0017_00002.jpg,623138,P-sc_0017.jpg,b7272b11387a9af731283c26987990cf,1852,827,JPEG
P-sc_0017_00003.jpg,568638,P-sc_0017.jpg,fadf1e2d3148f7f5b70fcad644ed5a1b,1852,827,JPEG
P-sc_0017_00004.jpg,585467,P-sc_0017.jpg,56f12efc75a40d2bb9cc0667e45f4d3b,1852,827,JPEG
P-sc_0017_00005.jpg,496969,P-sc_0017.jpg,2e7d4d912e39c5a9478bbf44f66b8c8e,1852,827,JPEG
P-sc_0017_00006.jpg,537867,P-sc_0017.jpg,68c6d51058d7c5c5e5fe81cf852b22aa,1852,827,JPEG
P-sc_0017_00007.jpg,515518,P-sc_0017.jpg,3931c6b9b642ef39ebaa1c5cb1f54200,1852,827,JPEG
P-sc_0017_00008.jpg,528075,P-sc_0017.jpg,7ee7cfa0c77d4a48576d14ed35ad9bd6,1852,827,JPEG
P-sc_0017_00009.jpg,612106,P-sc_0017.jpg,711308bac7c78f7fc996b58fa10ef341,1852,827,JPEG
P-sc_0017_00010.jpg,637410,P-sc_0017.jpg,8605d5075ad8de89b7d1452364bf37f2,1852,827,JPEG
P-sc_0018_00001.jpg,2180848,P-sc_0018.jpg,78bb7473414d36b0802953afd4b80c12,2529,2595,JPEG
P-sc_0018_00002.jpg,2092750,P-sc_0018.jpg,0d02558f854130c786c634578ca53670,2529,2595,JPEG
P-sc_0018_00003.jpg,2059853,P-sc_0018.jpg,3a019eae6b290a7b9b54b29d7570f2db,2529,2595,JPEG
P-sc_0018_00004.jpg,2131882,P-sc_0018.jpg,524d4dcae874b7e6f66e3d8a2200465c,2529,2595,JPEG
P-sc_0018_00005.jpg,2222548,P-sc_0018.jpg,54eed514b64b3e7831ff1443f4681bf9,2529,2595,JPEG
P-sc_0018_00006.jpg,2172224,P-sc_0018.jpg,70b8f9753090ab35f5479a3a22111ab7,2529,2595,JPEG
P-sc_0018_00007.jpg,2132473,P-sc_0018.jpg,87d9527b586346275ca5fe452460f04b,2529,2595,JPEG
P-sc_0018_00008.jpg,2214497,P-sc_0018.jpg,6810a0a9ca8579c9cf14896f00126427,2529,2595,JPEG
P-sc_0018_00009.jpg,2144033,P-sc_0018.jpg,85909ea1ffdf733b9355f8b47c9e44cd,2529,2595,JPEG
P-sc_0018_00010.jpg,2019222,P-sc_0018.jpg,37315f3a5ac3585b9961989caf616095,2529,2595,JPEG
P-sc_0019_00001.jpg,2016277,P-sc_0019.jpg,18dffe8b5bfdf20ec3f5c3f919e44ff4,2554,2740,JPEG
P-sc_0019_00002.jpg,2275046,P-sc_0019.jpg,b0e986045e64d85f96ef9513c4b28f54,2554,2740,JPEG
P-sc_0019_00003.jpg,2194053,P-sc_0019.jpg,ed077540be4017822f218042c1361a63,2554,2740,JPEG
P-sc_0019_00004.jpg,2216258,P-sc_0019.jpg,1fab61394bc438de374183e19388bf74,2554,2740,JPEG
P-sc_0019_00005.jpg,2054751,P-sc_0019.jpg,19cdcb08e41c580c9aa31041c472fb38,2554,2740,JPEG
P-sc_0019_00006.jpg,2274106,P-sc_0019.jpg,9343a581d66c163fe63e470bad8239df,2554,2740,JPEG
P-sc_0019_00007.jpg,2134639,P-sc_0019.jpg,f9cd96ed103fcc9793690e8294c8eb1b,2554,2740,JPEG
P-sc_0019_00008.jpg,2153715,P-sc_0019.jpg,21da5046d717a65054c5e9706c964ff3,2554,2740,JPEG
P-sc_0019_00009.jpg,1952227,P-sc_0019.jpg,37e8a037539ddb3431153e13233ffd48,2554,2740,JPEG
P-sc_0019_00010.jpg,2185733,P-sc_0019.jpg,884b52da5e882a90900f9b007e3079b4,2554,2740,JPEG
P-sc_0020_00001.jpg,1192973,P-sc_0020.jpg,c7eebff027a608444c6cdfdb396498bb,2882,1369,JPEG
P-sc_0020_00002.jpg,1100867,P-sc_0020.jpg,8f04d1591ae433383acf5951aa125135,2882,1369,JPEG
P-sc_0020_00003.jpg,1283985,P-sc_0020.jpg,53300632b427f94a762f0682fa417751,2882,1369,JPEG
P-sc_0020_00004.jpg,1131655,P-sc_0020.jpg,f93e3c48a3a035106a4bc893dee1e8f3,2882,1369,JPEG
P-sc_0020_00005.jpg,1103966,P-sc_0020.jpg,355f01b93bc8234d201a91a9fc557996,2882,1369,JPEG
P-sc_0020_00006.jpg,1120923,P-sc_0020.jpg,6c0d0bf69d83b0f598034275d9567528,2882,1369,JPEG
P-sc_0020_00007.jpg,1121919,P-sc_0020.jpg,b6aa105a420ffb6f43bd963f89113ecb,2882,1369,JPEG
P-sc_0020_00008.jpg,1288863,P-sc_0020.jpg,a6b61dd8f49331a6600713476c027259,2882,1369,JPEG
P-sc_0020_00009.jpg,1044455,P-sc_0020.jpg,41efcf424061c3af8ca638dfc1ea2bff,2882,1369,JPEG
P-sc_0020_00010.jpg,1177804,P-sc_0020.jpg,00d5ea09988ef752467f7dbd732b2081,2882,1369,JPEG
P-sc_0021_00001.jpg,2518780,P-sc_0021.jpg,a965b2915f6b515b7442119f46114acd,2943,2984,JPEG
P-sc_0021_00002.jpg,2557195,P-sc_0021.jpg,e99fdced7bfd4b0ce4a91af177c8f7bb,2943,2984,JPEG
P-sc_0021_00003.jpg,2526809,P-sc_0021.jpg,a3d8bcacc37ae60c6818bcc028f0b656,2943,2984,JPEG
P-sc_0021_00004.jpg,2488693,P-sc_0021.jpg,1124558bf0347e2c60af6b78fcf96749,2943,2984,JPEG
P-sc_0021_00005.jpg,2394627,P-sc_0021.jpg,c1d3600d9b9fec125f01b65b9ed339fc,2943,2984,JPEG
P-sc_0021_00006.jpg,2394601,P-sc_0021.jpg,39a926de227c57eaf61d9d6fc18d2094,2943,2984,JPEG
P-sc_0021_00007.jpg,2606231,P-sc_0021.jpg,3bd0f41e125743a2b702cb5fd3164bac,2943,2984,JPEG
P-sc_0021_00008.jpg,2573467,P-sc_0021.jpg,a81d1720791e0e51a83a5b5b634d8bf1,2943,2984,JPEG
P-sc_0021_00009.jpg,2843072,P-sc_0021.jpg,c4e6df1d470adcf092cc711a0b6fbea4,2943,2984,JPEG
P-sc_0021_00010.jpg,2456256,P-sc_0021.jpg,e413a7804f2ec923fdd57d844246ca6d,2943,2984,JPEG
P-sc_0022_00001.jpg,4708267,P-sc_0022.jpg,8a3077033812f26ea377b05b987292ac,4160,3000,JPEG
P-sc_0022_00002.jpg,4730293,P-sc_0022.jpg,0921e26861aa470f353f1c644901cd89,4160,3000,JPEG
P-sc_0022_00003.jpg,4613226,P-sc_0022.jpg,c6d27505da35cc41f4e78e98f0e83592,4160,3000,JPEG
P-sc_0022_00004.jpg,4746354,P-sc_0022.jpg,2384da170648005c07b96f771774d78f,4160,3000,JPEG
P-sc_0022_00005.jpg,4543067,P-sc_0022.jpg,71074bdd265e8d10cc0a619a42048387,4160,3000,JPEG
P-sc_0022_00006.jpg,4793233,P-sc_0022.jpg,c7caeed6e489a6c50f886627218bbf12,4160,3000,JPEG
P-sc_0022_00007.jpg,4696656,P-sc_0022.jpg,0b518eb72f8dd0d81f1cd93b4a8bb972,4160,3000,JPEG
P-sc_0022_00008.jpg,4905392,P-sc_0022.jpg,e67643d696deaf66628c32fbd1179af7,4160,3000,JPEG
P-sc_0022_00009.jpg,4617847,P-sc_0022.jpg,effc81f2b7e35a46474edcca2b14359b,4160,3000,JPEG
P-sc_0022_00010.jpg,4693894,P-sc_0022.jpg,1c9aa37bbe9ca8768facc5f42c8f58c5,4160,3000,JPEG
P-sc_0023_00001.jpg,2359689,P-sc_0023.jpg,6398cdd6798dccf2e79fa1805620a290,3518,2360,JPEG
P-sc_0023_00002.jpg,2037836,P-sc_0023.jpg,73b2b9fdbf2ff004ed7eb8b266aa2a2e,3518,2360,JPEG
P-sc_0023_00003.jpg,2089754,P-sc_0023.jpg,87b2e328519e3c3bdbaf6dbf48dbed21,3518,2360,JPEG
P-sc_0023_00004.jpg,2122504,P-sc_0023.jpg,d7578e7468249049a221a6bffc3e28e2,3518,2360,JPEG
P-sc_0023_00005.jpg,2382196,P-sc_0023.jpg,29f811e164fc01205f4ed37014a69cbc,3518,2360,JPEG
P-sc_0023_00006.jpg,2422852,P-sc_0023.jpg,4613b04aa1c3c3a152760808576cd585,3518,2360,JPEG
P-sc_0023_00007.jpg,2368418,P-sc_0023.jpg,0310e7f5c1e9ed7103945ee88e3d67fd,3518,2360,JPEG
P-sc_0023_00008.jpg,2040048,P-sc_0023.jpg,db6a63bb72bf54f2a7f954a58dbf098f,3518,2360,JPEG
P-sc_0023_00009.jpg,2358781,P-sc_0023.jpg,b0f19ac1d10e0fb0a3f58ead6541dd57,3518,2360,JPEG
P-sc_0023_00010.jpg,2137803,P-sc_0023.jpg,4922468a9644ee454ce3e1b34a1694c7,3518,2360,JPEG
P-sc_0024_00001.jpg,3128150,P-sc_0024.jpg,7ced02c10a8150c8f9445fdd3cbb523d,4249,3048,JPEG
P-sc_0024_00002.jpg,3008942,P-sc_0024.jpg,70b532236d47b058b03353d41e2dabb9,4249,3048,JPEG
P-sc_0024_00003.jpg,3523693,P-sc_0024.jpg,7e49a9ba714589c70dad9586ae93c1e9,4249,3048,JPEG
P-sc_0024_00004.jpg,3182966,P-sc_0024.jpg,aa2a9bb2821cbe0e3cd74f07c4e5982c,4249,3048,JPEG
P-sc_0024_00005.jpg,3226256,P-sc_0024.jpg,3263890a2f1eeb64887cb0dfff5929f1,4249,3048,JPEG
P-sc_0024_00006.jpg,3208215,P-sc_0024.jpg,6cbed447d0f2fbb335d4caef420e90d4,4249,3048,JPEG
P-sc_0024_00007.jpg,3102368,P-sc_0024.jpg,d540b13bc3080ed86868f653fa76aef0,4249,3048,JPEG
P-sc_0024_00008.jpg,3108890,P-sc_0024.jpg,c786e008005702b9ffc5181e03eefd3f,4249,3048,JPEG
P-sc_0024_00009.jpg,3481903,P-sc_0024.jpg,577679098f86f510c8c755125f34a1e7,4249,3048,JPEG
P-sc_0024_00010.jpg,3252750,P-sc_0024.jpg,179ab72a1410121a7f1531cb21666166,4249,3048,JPEG
P-sc_0025_00001.jpg,920322,P-sc_0025.jpg,f265aeeb0db32e2f4fbfe41a0d9cb435,2364,1479,JPEG
P-sc_0025_00002.jpg,1024568,P-sc_0025.jpg,0554cd744363c1c4080388008ccdd34d,2364,1479,JPEG
P-sc_0025_00003.jpg,935161,P-sc_0025.jpg,2422e766129717b836650456f6b023a0,2364,1479,JPEG
P-sc_0025_00004.jpg,980325,P-sc_0025.jpg,6322b3d07915700d9a4f262fb0a180d5,2364,1479,JPEG
P-sc_0025_00005.jpg,957320,P-sc_0025.jpg,bec85d19750b2c19aa1c76b0629b264f,2364,1479,JPEG
P-sc_0025_00006.jpg,991262,P-sc_0025.jpg,fd2ce5259d3dc200143fec5dada12875,2364,1479,JPEG
P-sc_0025_00007.jpg,946214,P-sc_0025.jpg,88108e8740bf9d41a9c4abfba76b3bcb,2364,1479,JPEG
P-sc_0025_00008.jpg,896921,P-sc_0025.jpg,9588c66759015166d1e11b5aa78240f4,2364,1479,JPEG
P-sc_0025_00009.jpg,1040610,P-sc_0025.jpg,8407a915f9fd6b2fb7192b11dc1cbd66,2364,1479,JPEG
P-sc_0025_00010.jpg,895680,P-sc_0025.jpg,809835899dd765ea31cc9e5eeddd17f4,2364,1479,JPEG
P-sc_0026_00001.jpg,2449844,P-sc_0026.jpg,59ad06feb12cc07c155cd3478b067431,2489,2890,JPEG
P-sc_0026_00002.jpg,2404469,P-sc_0026.jpg,4652ba8b2a1b811cb9d55dcef78d0eb2,2489,2890,JPEG
P-sc_0026_00003.jpg,2487524,P-sc_0026.jpg,d9e7f9d762637f354d18b64134238513,2489,2890,JPEG
P-sc_0026_00004.jpg,2557252,P-sc_0026.jpg,08c0ab51a7076f87952dee54cfbcbf19,2489,2890,JPEG
P-sc_0026_00005.jpg,2363586,P-sc_0026.jpg,a1c1f97db919c4d12819f40f56bd5129,2489,2890,JPEG
P-sc_0026_00006.jpg,2527329,P-sc_0026.jpg,6d20c5225bfc14ca25ee7e64acfe9469,2489,2890,JPEG
P-sc_0026_00007.jpg,2472478,P-sc_0026.jpg,1ed89b82567c9ad2cda515ce99f9b9e3,2489,2890,JPEG
P-sc_0026_00008.jpg,2429383,P-sc_0026.jpg,74b9c4a48a5dffa871449421405364b2,2489,2890,JPEG
P-sc_0026_00009.jpg,2397087,P-sc_0026.jpg,0bace4f01d940c6361ff257723f77781,2489,2890,JPEG
P-sc_0026_00010.jpg,2489140,P-sc_0026.jpg,d4c13bebf8004348e2429d0d852b9f0e,2489,2890,JPEG
P-sc_0027_00001.jpg,1182851,P-sc_0027.jpg,890651ae95b9d351e8514128751781cb,1780,2428,JPEG
P-sc_0027_00002.jpg,1236072,P-sc_0027.jpg,f7d9ad2b219c0ce5b62b09b6f35a636e,1780,2428,JPEG
P-sc_0027_00003.jpg,1203146,P-sc_0027.jpg,ad9efb988d918853c1b58e22cccea701,1780,2428,JPEG
P-sc_0027_00004.jpg,1357393,P-sc_0027.jpg,0659444fccce603d272321ee980dffa3,1780,2428,JPEG
P-sc_0027_00005.jpg,1201351,P-sc_0027.jpg,d8c88b58bc13d347cd8d6145214800a7,1780,2428,JPEG
P-sc_0027_00006.jpg,1173034,P-sc_0027.jpg,87cb69e5c60f784cca321710c7dbb388,1780,2428,JPEG
P-sc_0027_00007.jpg,1249694,P-sc_0027.jpg,956dccdb3fd16004a6e342bf409e1c81,1780,2428,JPEG
P-sc_0027_00008.jpg,1132413,P-sc_0027.jpg,4d12fc125f2a3360ef4bff1d5212b54f,1780,2428,JPEG
P-sc_0027_00009.jpg,1176348,P-sc_0027.jpg,7c643021260f54b289e2d74a2face025,1780,2428,JPEG
P-sc_0027_00010.jpg,1322358,P-sc_0027.jpg,a62d219899924f78c9e7d03391d412f7,1780,2428,JPEG
P-sc_0028_00001.jpg,2998396,P-sc_0028.jpg,ed2b34f231ffdd2b50a302812cc24c3c,4010,2634,JPEG
P-sc_0028_00002.jpg,3027914,P-sc_0028.jpg,285ea091ddbbed2954c16f890631846f,4010,2634,JPEG
P-sc_0028_00003.jpg,3222269,P-sc_0028.jpg,2c230f0f0f52f982235b0279b7e25261,4010,2634,JPEG
P-sc_0028_00004.jpg,3162234,P-sc_0028.jpg,54bb00b4edd929bc34e0e46d13537db9,4010,2634,JPEG
P-sc_0028_00005.jpg,3034504,P-sc_0028.jpg,fa70d48c10b716648c43712b08e2635a,4010,2634,JPEG
P-sc_0028_00006.jpg,3196435,P-sc_0028.jpg,cd75634ac42e31a77d0198024b69e415,4010,2634,JPEG
P-sc_0028_00007.jpg,3080603,P-sc_0028.jpg,23ae2f13d93030ff5679627b7648339a,4010,2634,JPEG
P-sc_0028_00008.jpg,3084327,P-sc_0028.jpg,4d4407c4926c25a1f60e7fc0ce319249,4010,2634,JPEG
P-sc_0028_00009.jpg,3245764,P-sc_0028.jpg,5bbee993b7463893ee9d73bf581f036f,4010,2634,JPEG
P-sc_0028_00010.jpg,3029078,P-sc_0028.jpg,ecbf3e31be08934a9362bbaae3899593,4010,2634,JPEG
P-sc_0029_00001.jpg,2344110,P-sc_0029.jpg,756eb9c22bd32bcea971b790c5649e98,2707,2534,JPEG
P-sc_0029_00002.jpg,2199034,P-sc_0029.jpg,c795fec0441831be5690350edfb36482,2707,2534,JPEG
P-sc_0029_00003.jpg,2273780,P-sc_0029.jpg,1a25e6b4291ab735200a5f8495d91136,2707,2534,JPEG
P-sc_0029_00004.jpg,2335935,P-sc_0029.jpg,e875b8e4e02d43dd004eecfea25f4ec2,2707,2534,JPEG
P-sc_0029_00005.jpg,2408810,P-sc_0029.jpg,3f0ad0e212f1d05d12a831985aa80bb4,2707,2534,JPEG
P-sc_0029_00006.jpg,2315685,P-sc_0029.jpg,2baf636516bd92775029f249b3cf2930,2707,2534,JPEG
P-sc_0029_00007.jpg,2364335,P-sc_0029.jpg,9528bbe696f2a268a3f0b869b041d34c,2707,2534,JPEG
P-sc_0029_00008.jpg,2298058,P-sc_0029.jpg,e72462f6a289e81b5e5b5063f9090a8b,2707,2534,JPEG
P-sc_0029_00009.jpg,2296687,P-sc_0029.jpg,2f171ac89e5558cb8b7b0d73d197fa16,2707,2534,JPEG
P-sc_0029_00010.jpg,2265974,P-sc_0029.jpg,503eaa03c7a9bdbe38e4d106ddea85e4,2707,2534,JPEG
P-sc_0030_00001.jpg,5627407,P-sc_0030.jpg,ac85a7f2b67d6da7f19f4fe025cda18c,4451,2991,JPEG
P-sc_0030_00002.jpg,5430511,P-sc_0030.jpg,c1c6ee2015523b394494ba574efed28a,4451,2991,JPEG
P-sc_0030_00003.jpg,5286796,P-sc_0030.jpg,721fc195754effc23c856cddcf5cb1c3,4451,2991,JPEG
P-sc_0030_00004.jpg,5108378,P-sc_0030.jpg,c0785c9b089bec6191dd6708e5e63dd8,4451,2991,JPEG
P-sc_0030_00005.jpg,5384330,P-sc_0030.jpg,0cac7be1fffb2fc463116bfd51170ed3,4451,2991,JPEG
P-sc_0030_00006.jpg,5175754,P-sc_0030.jpg,83a9db402e9e8010658e6ab945329ebf,4451,2991,JPEG
P-sc_0030_00007.jpg,5128907,P-sc_0030.jpg,3950e3f07d69be628ea7c02ac7d7c569,4451,2991,JPEG
P-sc_0030_00008.jpg,5375989,P-sc_0030.jpg,1ffd5dda7f5ea33a7f49e30bf0a8c637,4451,2991,JPEG
P-sc_0030_00009.jpg,5277848,P-sc_0030.jpg,71bb2ea935ef0b0faf151f8802aa832e,4451,2991,JPEG
P-sc_0030_00010.jpg,5472550,P-sc_0030.jpg,c76f3f699a3c4e7bbbaa264dff191f34,4451,2991,JPEG
P-sc_0031_00001.jpg,1545600,P-sc_0031.jpg,053fd70c5125e79886d859dd13718086,2093,2318,JPEG
P-sc_0031_00002.jpg,1590916,P-sc_0031.jpg,a2debba8b4da57a26635df2794f4c625,2093,2318,JPEG
P-sc_0031_00003.jpg,1468643,P-sc_0031.jpg,54215b38ee98e9745957dbb7a6f2d2d8,2093,2318,JPEG
P-sc_0031_00004.jpg,1344955,P-sc_0031.jpg,a290f5e0f64648beac0fe2b82b7c33c8,2093,2318,JPEG
P-sc_0031_00005.jpg,1492328,P-sc_0031.jpg,3de8379ff246261e3da42f47c0d6354f,2093,2318,JPEG
P-sc_0031_00006.jpg,1450898,P-sc_0031.jpg,43ae6364a327a7b284d346608e0ecefd,2093,2318,JPEG
P-sc_0031_00007.jpg,1392871,P-sc_0031.jpg,04e68bec4cd9687f729d375cf0072236,2093,2318,JPEG
P-sc_0031_00008.jpg,1388935,P-sc_0031.jpg,38765ab4eebfb831b05e32621d33b5af,2093,2318,JPEG
P-sc_0031_00009.jpg,1398751,P-sc_0031.jpg,dd313b6c9a1fa8c92bc55c57322e56c9,2093,2318,JPEG
P-sc_0031_00010.jpg,1429358,P-sc_0031.jpg,0da07c21dc736d7470e770df81ecae25,2093,2318,JPEG
P-sc_0032_00001.jpg,1926030,P-sc_0032.jpg,f07ee52d6da98a1ce1894d7f83ad4461,2167,3008,JPEG
P-sc_0032_00002.jpg,1961653,P-sc_0032.jpg,82f543e8b29e0cfacca2834a5307a8c8,2167,3008,JPEG
P-sc_0032_00003.jpg,1955568,P-sc_0032.jpg,f5cd526a708a71995a56f79a24272e8a,2167,3008,JPEG
P-sc_0032_00004.jpg,2020100,P-sc_0032.jpg,d6b3c8f20bdaf5a69d1345b053bd120e,2167,3008,JPEG
P-sc_0032_00005.jpg,2050606,P-sc_0032.jpg,2cf11fe8e1422cd52c65f3346f3329c4,2167,3008,JPEG
P-sc_0032_00006.jpg,2052774,P-sc_0032.jpg,a1b517804bd513547a93745faf136b2f,2167,3008,JPEG
P-sc_0032_00007.jpg,2072200,P-sc_0032.jpg,92e769733f5ebb1c160a85f22f7b5c26,2167,3008,JPEG
P-sc_0032_00008.jpg,1922485,P-sc_0032.jpg,bf28641a7f7912701ba514cebd0c593f,2167,3008,JPEG
P-sc_0032_00009.jpg,2079185,P-sc_0032.jpg,abe297e5c9bcd9704909711fba58dfc7,2167,3008,JPEG
P-sc_0032_00010.jpg,2061708,P-sc_0032.jpg,c1ee861f65380cf13a99373c49e0044c,2167,3008,JPEG
P-sc_0034_00001.jpg,2280101,P-sc_0034.jpg,c8ce6636f3008bb3877814fce2d0013b,3119,2816,JPEG
P-sc_0034_00002.jpg,2432592,P-sc_0034.jpg,0f990712497b61bbc9a8a7de5538ae25,3119,2816,JPEG
P-sc_0034_00003.jpg,2484370,P-sc_0034.jpg,05b04f90405d2cc9102832e12ecf9a4d,3119,2816,JPEG
P-sc_0034_00004.jpg,2340201,P-sc_0034.jpg,05bbd79452188bb32cce33cb7371d791,3119,2816,JPEG
P-sc_0034_00005.jpg,2437546,P-sc_0034.jpg,8fda608718a66d989235d10da65bb90d,3119,2816,JPEG
P-sc_0034_00006.jpg,2389136,P-sc_0034.jpg,39ef7d5c474d35f6edf42504759ed04f,3119,2816,JPEG
P-sc_0034_00007.jpg,2322670,P-sc_0034.jpg,c5c4c1b735df0e05e707f8b00248a6c8,3119,2816,JPEG
P-sc_0034_00008.jpg,2320385,P-sc_0034.jpg,3381d44d6172570217fc41cae677352f,3119,2816,JPEG
P-sc_0034_00009.jpg,2397847,P-sc_0034.jpg,934611eb532a765d5f6d6e950035ace8,3119,2816,JPEG
P-sc_0034_00010.jpg,2606651,P-sc_0034.jpg,f4e52d198d64b10a38684276a26281c6,3119,2816,JPEG
P-sc_0035_00001.jpg,1626402,P-sc_0035.jpg,245c01cbc58042a80d966eaaae029a54,3737,1443,JPEG
P-sc_0035_00002.jpg,1670484,P-sc_0035.jpg,fb34104fbd8bae60fed84fd776c7cf8e,3737,1443,JPEG
P-sc_0035_00003.jpg,1349256,P-sc_0035.jpg,74294eef5271e1b70c14554a9d4e27a6,3737,1443,JPEG
P-sc_0035_00004.jpg,1620465,P-sc_0035.jpg,15d25fcecaa8d7ee5c9172ea8abe73d5,3737,1443,JPEG
P-sc_0035_00005.jpg,1441964,P-sc_0035.jpg,c3334817b552eb683185ced79a1129f3,3737,1443,JPEG
P-sc_0035_00006.jpg,2016608,P-sc_0035.jpg,ce7a640466ac06096715f2a301ce4928,3737,1443,JPEG
P-sc_0035_00007.jpg,1696250,P-sc_0035.jpg,a4f025d68a7e574151fba12ba5f9199d,3737,1443,JPEG
P-sc_0035_00008.jpg,1706580,P-sc_0035.jpg,9f314d58e9e95148416778da1002aeba,3737,1443,JPEG
P-sc_0035_00009.jpg,1513210,P-sc_0035.jpg,30cfdb5d6401fc92627b4c33cdd20832,3737,1443,JPEG
P-sc_0035_00010.jpg,1408798,P-sc_0035.jpg,db0b79fdaf335cbba7afe58d980190ab,3737,1443,JPEG
P-sc_0036_00001.jpg,1472405,P-sc_0036.jpg,b4b9c3aed6fce944dd651a072afd742a,3160,1229,JPEG
P-sc_0036_00002.jpg,1277949,P-sc_0036.jpg,cf1beb5b9ceabe1c74c3b7b35387fc30,3160,1229,JPEG
P-sc_0036_00003.jpg,1277838,P-sc_0036.jpg,a0b4fdd24dd62ce8075b84838d59bf4d,3160,1229,JPEG
P-sc_0036_00004.jpg,1277475,P-sc_0036.jpg,28494fd2d2f8beae10a4eb814d11e96d,3160,1229,JPEG
P-sc_0036_00005.jpg,1540654,P-sc_0036.jpg,cfc3c993d2c63c89b0854c19ec26dc71,3160,1229,JPEG
P-sc_0036_00006.jpg,1161048,P-sc_0036.jpg,5be74d2f10410e19e72b5b30f841a2b2,3160,1229,JPEG
P-sc_0036_00007.jpg,1324448,P-sc_0036.jpg,b03dbcc348deec9e62157819fdd9387b,3160,1229,JPEG
P-sc_0036_00008.jpg,1422088,P-sc_0036.jpg,675495da28018cefb15abe572d533ac7,3160,1229,JPEG
P-sc_0036_00009.jpg,1411816,P-sc_0036.jpg,20369d7a9f1c359a36e7c5f6f859d221,3160,1229,JPEG
P-sc_0036_00010.jpg,1362374,P-sc_0036.jpg,a72f6aed8cdb8c5c70decfe5d39416fa,3160,1229,JPEG
P-sc_0037_00001.jpg,1179408,P-sc_0037.jpg,0f02472eb758a56132dd03aeedcf1ecf,3069,1125,JPEG
P-sc_0037_00002.jpg,1018946,P-sc_0037.jpg,4f2a076710275515616707d889312d11,3069,1125,JPEG
P-sc_0037_00003.jpg,894821,P-sc_0037.jpg,95b3c767208ecf052f071c6e059f0cfe,3069,1125,JPEG
P-sc_0037_00004.jpg,1099982,P-sc_0037.jpg,85e33823d0996e07b5e9d521f478cc01,3069,1125,JPEG
P-sc_0037_00005.jpg,980381,P-sc_0037.jpg,082d624f9e0970b17e3d8b9ecd4c58b9,3069,1125,JPEG
P-sc_0037_00006.jpg,1315462,P-sc_0037.jpg,aa266dd50587cf8e23b44a8843e56b47,3069,1125,JPEG
P-sc_0037_00007.jpg,974888,P-sc_0037.jpg,bab29bd6ac17f9b43a389a002922469f,3069,1125,JPEG
P-sc_0037_00008.jpg,1001694,P-sc_0037.jpg,c3061dc9639fe390c7b6424bbc89421c,3069,1125,JPEG
P-sc_0037_00009.jpg,949983,P-sc_0037.jpg,99b8cc4ad0ca66162a00015ce2a85885,3069,1125,JPEG
P-sc_0037_00010.jpg,919766,P-sc_0037.jpg,4874928561282673fc51ae89932d2c9b,3069,1125,JPEG
P-sc_0038_00001.jpg,1680558,P-sc_0038.jpg,94138cac06b222c5f58560548e85d6cd,4703,1412,JPEG
P-sc_0038_00002.jpg,1752016,P-sc_0038.jpg,a0919a4ba646a153e51e08f88bd96439,4703,1412,JPEG
P-sc_0038_00003.jpg,1822139,P-sc_0038.jpg,438b6abbce4f350113a53f000fcd45a2,4703,1412,JPEG
P-sc_0038_00004.jpg,2003134,P-sc_0038.jpg,eea92ebe130c02c6d87cb4f457b0a6e4,4703,1412,JPEG
P-sc_0038_00005.jpg,1762216,P-sc_0038.jpg,08b726f0317ba91447447db1788223f2,4703,1412,JPEG
P-sc_0038_00006.jpg,1924958,P-sc_0038.jpg,39534f2b3253c3180d04d55f8ad42c6f,4703,1412,JPEG
P-sc_0038_00007.jpg,1990749,P-sc_0038.jpg,4325c2120d044656ea7eeb95cb203cc5,4703,1412,JPEG
P-sc_0038_00008.jpg,1831836,P-sc_0038.jpg,98e894e6cfc8317b3a2a4bcaa69f8d77,4703,1412,JPEG
P-sc_0038_00009.jpg,1766191,P-sc_0038.jpg,e028878a636b430ce2577f4229c8e6e2,4703,1412,JPEG
P-sc_0038_00010.jpg,2387899,P-sc_0038.jpg,4d28153500593dd29f9e66bbaea58ae4,4703,1412,JPEG
P-sc_0039_00001.jpg,2596842,P-sc_0039.jpg,4b11560b71f47b2c1931fd7037901cc2,2611,3246,JPEG
P-sc_0039_00002.jpg,2704684,P-sc_0039.jpg,e527c4b09dac5e2e3e3257e04fd4d101,2611,3246,JPEG
P-sc_0039_00003.jpg,2636553,P-sc_0039.jpg,c55702481a051448bd42f0d91caa5d35,2611,3246,JPEG
P-sc_0039_00004.jpg,2415058,P-sc_0039.jpg,0f9815e1075b4a673aa9594f17ee4eec,2611,3246,JPEG
P-sc_0039_00005.jpg,2517636,P-sc_0039.jpg,cd56fdf13f9ccac18f5daa00503dfa5f,2611,3246,JPEG
P-sc_0039_00006.jpg,2564891,P-sc_0039.jpg,a41b5780eb5b79bf31603ed58cdf4dba,2611,3246,JPEG
P-sc_0039_00007.jpg,2462858,P-sc_0039.jpg,8dcf145a73953fb621820fa15547a812,2611,3246,JPEG
P-sc_0039_00008.jpg,2548486,P-sc_0039.jpg,fe1ff1a9ae46b8f84042f4c68b941cbf,2611,3246,JPEG
P-sc_0039_00009.jpg,2644496,P-sc_0039.jpg,4b4839cadd7689c2eaea4a108796a0bb,2611,3246,JPEG
P-sc_0039_00010.jpg,2408916,P-sc_0039.jpg,bfd01b6ac77bbc14e6d9f10d1e538490,2611,3246,JPEG
P-sc_0040_00001.jpg,3268630,P-sc_0040.jpg,e53f51615ae08a019e078ac4e2fd2834,3871,3032,JPEG
P-sc_0040_00002.jpg,2853983,P-sc_0040.jpg,141212dd06fbfd18b32f1f11bd0fe4b5,3871,3032,JPEG
P-sc_0040_00003.jpg,2737785,P-sc_0040.jpg,44adc942447e01f22a0edb5a655d5351,3871,3032,JPEG
P-sc_0040_00004.jpg,2912259,P-sc_0040.jpg,b300d31e0375ce4ae7daae781e8f6322,3871,3032,JPEG
P-sc_0040_00005.jpg,2777243,P-sc_0040.jpg,bc0e36f1562fb5055d311568408e86a9,3871,3032,JPEG
P-sc_0040_00006.jpg,2833788,P-sc_0040.jpg,c7fa4a43dd472ee4d3bfe1ac8363a6eb,3871,3032,JPEG
P-sc_0040_00007.jpg,2681530,P-sc_0040.jpg,10e3a7a194ada6fb95fd36d0958550d6,3871,3032,JPEG
P-sc_0040_00008.jpg,2977490,P-sc_0040.jpg,aa78c0cb16f13f66dbc41716d6e095f8,3871,3032,JPEG
P-sc_0040_00009.jpg,3034950,P-sc_0040.jpg,d3f2a8b8cf5049019415a6c3ad6bc705,3871,3032,JPEG
P-sc_0040_00010.jpg,2978074,P-sc_0040.jpg,e2699c29489fa5c7fd08870d2c447aba,3871,3032,JPEG
P-sc_0041_00001.jpg,2398336,P-sc_0041.jpg,52bfb6ca0912b4c3cfe601f3e9be9ead,3297,2766,JPEG
P-sc_0041_00002.jpg,2361588,P-sc_0041.jpg,36235a6a8a5ae9c3228668e260f19736,3297,2766,JPEG
P-sc_0041_00003.jpg,2295169,P-sc_0041.jpg,9710ac5b9aaf4dbd4fe9ad6b47ee7986,3297,2766,JPEG
P-sc_0041_00004.jpg,2384937,P-sc_0041.jpg,f6f0c0e16ec0ceafd887f50c05384614,3297,2766,JPEG
P-sc_0041_00005.jpg,2342776,P-sc_0041.jpg,22464e15c39cc8bf6e878c4d10f546e6,3297,2766,JPEG
P-sc_0041_00006.jpg,2306318,P-sc_0041.jpg,0ae5ee51026a231a957e75d6679bf32a,3297,2766,JPEG
P-sc_0041_00007.jpg,2794505,P-sc_0041.jpg,abf6366ba2a6a0ca9cce435017132ae8,3297,2766,JPEG
P-sc_0041_00008.jpg,2403541,P-sc_0041.jpg,58c111eea10c26446fbc7ec7101ab67b,3297,2766,JPEG
P-sc_0041_00009.jpg,2302079,P-sc_0041.jpg,d19b759ef55f87670c8ab9a7d8265567,3297,2766,JPEG
P-sc_0041_00010.jpg,2500405,P-sc_0041.jpg,e8d30cf2be56e70bb53cc64cd0bcb267,3297,2766,JPEG
P-sc_0042_00001.jpg,1471155,P-sc_0042.jpg,8d774472a8d1f0a387f392bf42957967,2492,2118,JPEG
P-sc_0042_00002.jpg,1410613,P-sc_0042.jpg,053d499ba5c34931024d585e9c268843,2492,2118,JPEG
P-sc_0042_00003.jpg,1326301,P-sc_0042.jpg,9d352477948aa86e351f8dbc9d81d0f8,2492,2118,JPEG
P-sc_0042_00004.jpg,1307124,P-sc_0042.jpg,45a612b69c9de181ec6a1df2a21bc2dc,2492,2118,JPEG
P-sc_0042_00005.jpg,1382940,P-sc_0042.jpg,e847d2c83f7d4ff677e9fade6a52fee7,2492,2118,JPEG
P-sc_0042_00006.jpg,1445274,P-sc_0042.jpg,ef8a69142ebef52fcc0d47188ede2d5a,2492,2118,JPEG
P-sc_0042_00007.jpg,1440507,P-sc_0042.jpg,d9ebd19b2c0d2d02f6649c9f5c4dd46d,2492,2118,JPEG
P-sc_0042_00008.jpg,1561898,P-sc_0042.jpg,537e2ca83ee5c67203daebc300bff496,2492,2118,JPEG
P-sc_0042_00009.jpg,1357565,P-sc_0042.jpg,0714b74b039cf269d0cc0bb37b447107,2492,2118,JPEG
P-sc_0042_00010.jpg,1541150,P-sc_0042.jpg,7a029f9e4bc51263fbfb24665e23d23d,2492,2118,JPEG
P-sc_0043_00001.jpg,1881196,P-sc_0043.jpg,ac02c68fae7668eae619f2bf99a29148,2811,2992,JPEG
P-sc_0043_00002.jpg,1969163,P-sc_0043.jpg,678056af6489deeeb10ac956a5f569c0,2811,2992,JPEG
P-sc_0043_00003.jpg,2080988,P-sc_0043.jpg,92d39a8e7d1225151a824682a6f28372,2811,2992,JPEG
P-sc_0043_00004.jpg,2085480,P-sc_0043.jpg,76b93d34638458c3152dd9853f1e1149,2811,2992,JPEG
P-sc_0043_00005.jpg,2196928,P-sc_0043.jpg,70133c1d1caf5542fe83eca9b6aa7fc1,2811,2992,JPEG
P-sc_0043_00006.jpg,1990312,P-sc_0043.jpg,2bc5a8bb348b5f8afaecc48295f71f4b,2811,2992,JPEG
P-sc_0043_00007.jpg,2149256,P-sc_0043.jpg,8054114f53de9b50e16f8e7358914b99,2811,2992,JPEG
P-sc_0043_00008.jpg,1989937,P-sc_0043.jpg,0f62bfc6ff34c56bb191d0eba1561d9d,2811,2992,JPEG
P-sc_0043_00009.jpg,2009376,P-sc_0043.jpg,70bdedb12a3f429e46888526d7d55aad,2811,2992,JPEG
P-sc_0043_00010.jpg,1945466,P-sc_0043.jpg,53f71fd2602b2e2e18664ce0246990db,2811,2992,JPEG
P-sc_0044_00001.jpg,3029102,P-sc_0044.jpg,9ca7f9b63ba68531fb01e23091cc813c,2457,4010,JPEG
P-sc_0044_00002.jpg,3152291,P-sc_0044.jpg,170a90146bf9abeb78c8da5a473e5ef0,2457,4010,JPEG
P-sc_0044_00003.jpg,2953318,P-sc_0044.jpg,f07dc7f6910e03d26503315eed4c16d1,2457,4010,JPEG
P-sc_0044_00004.jpg,3149439,P-sc_0044.jpg,f5a1344a02d24e813bec45e8d671281d,2457,4010,JPEG
P-sc_0044_00005.jpg,2999527,P-sc_0044.jpg,303e9256fbea15bf867e2c3c3dfe394d,2457,4010,JPEG
P-sc_0044_00006.jpg,3050362,P-sc_0044.jpg,58c9ab7c02ddf1cd42a32c233be716d5,2457,4010,JPEG
P-sc_0044_00007.jpg,3169424,P-sc_0044.jpg,73188761b8bc7186ee94ab40c9d4650e,2457,4010,JPEG
P-sc_0044_00008.jpg,3084190,P-sc_0044.jpg,248e51059c2f1835d74f5655d0640679,2457,4010,JPEG
P-sc_0044_00009.jpg,3113266,P-sc_0044.jpg,6d78d903ecb43ecae26fae040ced3aea,2457,4010,JPEG
P-sc_0044_00010.jpg,3137472,P-sc_0044.jpg,be2d90f2244db56500a1f251bf3f1f80,2457,4010,JPEG
P-sc_0045_00001.jpg,4120125,P-sc_0045.jpg,80c268ad7dc2ef09a5af63d29b691b14,3115,4842,JPEG
P-sc_0045_00002.jpg,3903217,P-sc_0045.jpg,4f49d4b5fadd26c38dcd7c393b35532d,3115,4842,JPEG
P-sc_0045_00003.jpg,3860581,P-sc_0045.jpg,f870611dcc911d9d5e0c5b7c94462f7e,3115,4842,JPEG
P-sc_0045_00004.jpg,3807715,P-sc_0045.jpg,49df10afabf2cf84283ba938369fc524,3115,4842,JPEG
P-sc_0045_00005.jpg,4024408,P-sc_0045.jpg,7ee5e56e18edbf5b04c62c8c53d08eba,3115,4842,JPEG
P-sc_0045_00006.jpg,3994610,P-sc_0045.jpg,3e39cec96ea875a13d87ff3feec28f65,3115,4842,JPEG
P-sc_0045_00007.jpg,3901143,P-sc_0045.jpg,049b7ffc5b03f784665e214e977465d1,3115,4842,JPEG
P-sc_0045_00008.jpg,3940890,P-sc_0045.jpg,e7af3d51aa75b05ea4087433827f7e93,3115,4842,JPEG
P-sc_0045_00009.jpg,4038225,P-sc_0045.jpg,4ca9286b138a1fd660e307e2b7c7a64b,3115,4842,JPEG
P-sc_0045_00010.jpg,3846109,P-sc_0045.jpg,54eb5be21de807f8577f4ce1fbf213f6,3115,4842,JPEG
P-sc_0046_00001.jpg,2667975,P-sc_0046.jpg,d052dbbb17e288fd87c04e365c0f260f,3306,2713,JPEG
P-sc_0046_00002.jpg,3031102,P-sc_0046.jpg,28e6d3b1a6478960422ee88e3af9f58a,3306,2713,JPEG
P-sc_0046_00003.jpg,2715412,P-sc_0046.jpg,1527e35c9cba300ef23d32ebea2a9abb,3306,2713,JPEG
P-sc_0046_00004.jpg,2814738,P-sc_0046.jpg,c4c3226bcaf0b74f95775df28c1bf973,3306,2713,JPEG
P-sc_0046_00005.jpg,2791474,P-sc_0046.jpg,829dbb634b0e5c274fa79e9259cc0e49,3306,2713,JPEG
P-sc_0046_00006.jpg,2731383,P-sc_0046.jpg,eb996244c49e5b4f9bdebd634066b725,3306,2713,JPEG
P-sc_0046_00007.jpg,2917051,P-sc_0046.jpg,0ac7d9c57633f72e9ae53406832a4295,3306,2713,JPEG
P-sc_0046_00008.jpg,2815052,P-sc_0046.jpg,b11604d1fafb7cb1a3839f5b22b32d02,3306,2713,JPEG
P-sc_0046_00009.jpg,2747453,P-sc_0046.jpg,b87283479bd81dd09a1838e2c442cf0b,3306,2713,JPEG
P-sc_0046_00010.jpg,2826069,P-sc_0046.jpg,3c1b6de5137453ec76a84f2acbf31349,3306,2713,JPEG
P-sc_0047_00001.jpg,2697852,P-sc_0047.jpg,b0ac4e6ecc77205a9c0fe762a749a834,2089,3907,JPEG
P-sc_0047_00002.jpg,2880180,P-sc_0047.jpg,f1a99e868a29d471bdda2fb56cc1b492,2089,3907,JPEG
P-sc_0047_00003.jpg,2832499,P-sc_0047.jpg,4997bddb2073a341008079909a942aeb,2089,3907,JPEG
P-sc_0047_00004.jpg,2651741,P-sc_0047.jpg,1d32bbd4772e2109a4a115eb87d660ed,2089,3907,JPEG
P-sc_0047_00005.jpg,2545126,P-sc_0047.jpg,510a481b9f0eaf069fe10edd40f7fe07,2089,3907,JPEG
P-sc_0047_00006.jpg,2650206,P-sc_0047.jpg,4b60a20a91720cbdb6da5e0bea15ce6f,2089,3907,JPEG
P-sc_0047_00007.jpg,2546092,P-sc_0047.jpg,aa9d7798c96022413b61191469730008,2089,3907,JPEG
P-sc_0047_00008.jpg,2535964,P-sc_0047.jpg,28a6050281e0267492f5294ee0abc400,2089,3907,JPEG
P-sc_0047_00009.jpg,2569166,P-sc_0047.jpg,6305c0ff1cd2960a08b46df51c56a32c,2089,3907,JPEG
P-sc_0047_00010.jpg,2748617,P-sc_0047.jpg,c7e0969420ce9ab13585838dc907a095,2089,3907,JPEG
P-sc_0049_00001.jpg,7731096,P-sc_0049.jpg,f8da59c5898bdb53676b5ee0d672e2e5,5456,4820,JPEG
P-sc_0049_00002.jpg,8198821,P-sc_0049.jpg,f572ce16403778663d655e5f63c97370,5456,4820,JPEG
P-sc_0049_00003.jpg,7567741,P-sc_0049.jpg,7dd66fe20964e038403daf5b911f8880,5456,4820,JPEG
P-sc_0049_00004.jpg,7878481,P-sc_0049.jpg,112b76881b2c29ed91c930cec813df0e,5456,4820,JPEG
P-sc_0049_00005.jpg,7501457,P-sc_0049.jpg,3880e0c31d608fc8949d86bdb62e0cf0,5456,4820,JPEG
P-sc_0049_00006.jpg,7956407,P-sc_0049.jpg,dc68a1a6121dd4d0a7add091c99c83df,5456,4820,JPEG
P-sc_0049_00007.jpg,7555298,P-sc_0049.jpg,9f9ce81356608e8561b2c886826e3776,5456,4820,JPEG
P-sc_0049_00008.jpg,7890411,P-sc_0049.jpg,7caa0ed123d6311b01b3ebecb8701021,5456,4820,JPEG
P-sc_0049_00009.jpg,7577993,P-sc_0049.jpg,8950e2ba92c343f80938581786ec39c9,5456,4820,JPEG
P-sc_0049_00010.jpg,7812552,P-sc_0049.jpg,c8414642f66b94db0b95e9eb931a758b,5456,4820,JPEG
P-sc_0050_00001.jpg,1895888,P-sc_0050.jpg,a7527ac009e23e30b1ba52731309b45f,3802,1373,JPEG
P-sc_0050_00002.jpg,1818923,P-sc_0050.jpg,1605351f7a76e6e448460a71a5f40a0b,3802,1373,JPEG
P-sc_0050_00003.jpg,1858453,P-sc_0050.jpg,400ed9302bfc3891bb7c574768fb0cc4,3802,1373,JPEG
P-sc_0050_00004.jpg,1928651,P-sc_0050.jpg,edb00f2b1512dbece4ff90fe06fb459c,3802,1373,JPEG
P-sc_0050_00005.jpg,1795755,P-sc_0050.jpg,0c9ecac9bcf484bb84b9c06a0d800f38,3802,1373,JPEG
P-sc_0050_00006.jpg,1750395,P-sc_0050.jpg,6cad83f8899d3e68d88c6599462e0083,3802,1373,JPEG
P-sc_0050_00007.jpg,1836440,P-sc_0050.jpg,2bc290b23a516a19c4beac1da7c5c49b,3802,1373,JPEG
P-sc_0050_00008.jpg,1749624,P-sc_0050.jpg,9d19565c2896f8f03eea4040fef8d534,3802,1373,JPEG
P-sc_0050_00009.jpg,1789272,P-sc_0050.jpg,50e6367c2a3f339ef2cde900958ca275,3802,1373,JPEG
P-sc_0050_00010.jpg,1750058,P-sc_0050.jpg,c8d6de65de11a00328425c3d57a2bc33,3802,1373,JPEG
P-sc_0051_00001.jpg,3974476,P-sc_0051.jpg,d489373c74a8e82a0c672e51533b700d,4272,3479,JPEG
P-sc_0051_00002.jpg,4238581,P-sc_0051.jpg,11c05867a0bd7e0d19ff39da80c3e7ff,4272,3479,JPEG
P-sc_0051_00003.jpg,4031504,P-sc_0051.jpg,10b8ceaa299b0444f98a379fdce61b18,4272,3479,JPEG
P-sc_0051_00004.jpg,4072987,P-sc_0051.jpg,e71ac88a667c6fb3b28291b544c00f98,4272,3479,JPEG
P-sc_0051_00005.jpg,4526399,P-sc_0051.jpg,3200fd239f91d72ff82bf22570ab2912,4272,3479,JPEG
P-sc_0051_00006.jpg,4286489,P-sc_0051.jpg,022a13565635b2a8a538d1f9014bd38a,4272,3479,JPEG
P-sc_0051_00007.jpg,4075341,P-sc_0051.jpg,9a6452146a64339b24169e11f1dff235,4272,3479,JPEG
P-sc_0051_00008.jpg,4538774,P-sc_0051.jpg,33170eefc1accfd5ac6f49595653b1bd,4272,3479,JPEG
P-sc_0051_00009.jpg,4140689,P-sc_0051.jpg,85dd016b0c182d36c38319ec777bb414,4272,3479,JPEG
P-sc_0051_00010.jpg,4139168,P-sc_0051.jpg,906bbfc6d46fa3326f71b879c7f190bd,4272,3479,JPEG
P-sc_0052_00001.jpg,2887531,P-sc_0052.jpg,fbe6026ba88968f73ec40c30bcfbec28,3396,3060,JPEG
P-sc_0052_00002.jpg,3227160,P-sc_0052.jpg,bb3d1641e0e36b1b051b063499a84cfc,3396,3060,JPEG
P-sc_0052_00003.jpg,2901619,P-sc_0052.jpg,fd0821c22564ea47ea62dc2c5442f2d1,3396,3060,JPEG
P-sc_0052_00004.jpg,3248350,P-sc_0052.jpg,e775d2835815ac41422b45a23b7ed315,3396,3060,JPEG
P-sc_0052_00005.jpg,2963391,P-sc_0052.jpg,99dac2e78eabbf4a094d718d60ced0a4,3396,3060,JPEG
P-sc_0052_00006.jpg,3247063,P-sc_0052.jpg,8667871f9d2ea7ffea1bfc20ba1badcb,3396,3060,JPEG
P-sc_0052_00007.jpg,2997873,P-sc_0052.jpg,4e474f0ff59115db02fd171284426f40,3396,3060,JPEG
P-sc_0052_00008.jpg,2945055,P-sc_0052.jpg,8747b31717d35cc6a876a90b00bc6a72,3396,3060,JPEG
P-sc_0052_00009.jpg,3189972,P-sc_0052.jpg,0b9c86eb6de674abc6bda150ceb28c47,3396,3060,JPEG
P-sc_0052_00010.jpg,3381718,P-sc_0052.jpg,efcb3d5ff806b97c7545f063b54cc5c5,3396,3060,JPEG
P-sc_0053_00001.jpg,3846940,P-sc_0053.jpg,553b0b85bd7b6a88302ebd1e1195ad36,3488,3019,JPEG
P-sc_0053_00002.jpg,3900844,P-sc_0053.jpg,9f4f47404732c99e1f2a0ca14b76981b,3488,3019,JPEG
P-sc_0053_00003.jpg,3887603,P-sc_0053.jpg,e2e6087c44df7336814df8605dd20823,3488,3019,JPEG
P-sc_0053_00004.jpg,3839198,P-sc_0053.jpg,4206eb2431b6956bfb486b53cdeb1ceb,3488,3019,JPEG
P-sc_0053_00005.jpg,3720960,P-sc_0053.jpg,9936e063b0ab1f3eb1ddf1ccbd787db2,3488,3019,JPEG
P-sc_0053_00006.jpg,3835792,P-sc_0053.jpg,3fb7de8543641a4cd8bdfd6289c56439,3488,3019,JPEG
P-sc_0053_00007.jpg,3693154,P-sc_0053.jpg,83336b88bb8751817d6754232a4a6b86,3488,3019,JPEG
P-sc_0053_00008.jpg,3772624,P-sc_0053.jpg,9cd58af0a09e46d5024829345f103d05,3488,3019,JPEG
P-sc_0053_00009.jpg,3826886,P-sc_0053.jpg,47a72287e35672730f8d54ae1dddb0a6,3488,3019,JPEG
P-sc_0053_00010.jpg,3939596,P-sc_0053.jpg,bd6340fc29ed80cc936a577ac3ff398a,3488,3019,JPEG
P-sc_0054_00001.jpg,3384511,P-sc_0054.jpg,9e0af7815ec47a037d9ea6b3cdda86f1,3678,3410,JPEG
P-sc_0054_00002.jpg,3490777,P-sc_0054.jpg,0b8752dc34e522ef1ba7beffdf77e0b6,3678,3410,JPEG
P-sc_0054_00003.jpg,3458829,P-sc_0054.jpg,7b0ca902f9b3136cf49a03499b30445b,3678,3410,JPEG
P-sc_0054_00004.jpg,3845584,P-sc_0054.jpg,0c2a3f2ac464b90f108a9b40450c6f8e,3678,3410,JPEG
P-sc_0054_00005.jpg,3490571,P-sc_0054.jpg,5542f75a43446f3b363c1af3eb0ddbf6,3678,3410,JPEG
P-sc_0054_00006.jpg,3635979,P-sc_0054.jpg,86c8888555bac5e2eb239d729b7e84dc,3678,3410,JPEG
P-sc_0054_00007.jpg,3684373,P-sc_0054.jpg,e59e4e652eae0fdd4169ee7daec28025,3678,3410,JPEG
P-sc_0054_00008.jpg,3389409,P-sc_0054.jpg,0d1bde0a8a35b93f911d2f8bfddea9da,3678,3410,JPEG
P-sc_0054_00009.jpg,3632213,P-sc_0054.jpg,5caf6bc4f906ab35379f6e6d4fb7afc6,3678,3410,JPEG
P-sc_0054_00010.jpg,3831492,P-sc_0054.jpg,a2bb406e3a365b0fb344d6c2a1775968,3678,3410,JPEG
P-sc_0055_00001.jpg,5533164,P-sc_0055.jpg,929064110d7d93cc6a72b020571a0acb,4482,4296,JPEG
P-sc_0055_00002.jpg,5469373,P-sc_0055.jpg,71501a3a6b9a934e947a2a1215a2a4ff,4482,4296,JPEG
P-sc_0055_00003.jpg,5596301,P-sc_0055.jpg,689ac4803acb2a20b09ce546d61ed915,4482,4296,JPEG
P-sc_0055_00004.jpg,5379621,P-sc_0055.jpg,d17d39bd0d10ada4ef15489646b1c6fd,4482,4296,JPEG
P-sc_0055_00005.jpg,5763307,P-sc_0055.jpg,7ae4459804913084c390bea56d26d954,4482,4296,JPEG
P-sc_0055_00006.jpg,5428376,P-sc_0055.jpg,9a28df2c1f7a2543ea804e0d5e7bdc24,4482,4296,JPEG
P-sc_0055_00007.jpg,5536709,P-sc_0055.jpg,7dea5b24c6e9a631c7061d03d217f82f,4482,4296,JPEG
P-sc_0055_00008.jpg,5703291,P-sc_0055.jpg,d8d8d0a3abe18df119fa4986e1e77d61,4482,4296,JPEG
P-sc_0055_00009.jpg,5323848,P-sc_0055.jpg,3280b073dcf224c94bf645e1d1ccfeb9,4482,4296,JPEG
P-sc_0055_00010.jpg,5356501,P-sc_0055.jpg,f248322bd327b61839e3d1a2c7fbbc98,4482,4296,JPEG
P-sc_0056_00001.jpg,8490104,P-sc_0056.jpg,6c43554a044b1d62b74cafb23836b667,6544,5096,JPEG
P-sc_0056_00002.jpg,8579268,P-sc_0056.jpg,dbc30d46b549e1b2501866240a27e10b,6544,5096,JPEG
P-sc_0056_00003.jpg,8665626,P-sc_0056.jpg,f304fbd57455b403238cba9c1054a07a,6544,5096,JPEG
P-sc_0056_00004.jpg,8704387,P-sc_0056.jpg,71191ed2c794b73651206bf15a6a7919,6544,5096,JPEG
P-sc_0056_00005.jpg,9049900,P-sc_0056.jpg,436daf7b1041dcee7a7e64fa78e1f72f,6544,5096,JPEG
P-sc_0056_00006.jpg,8871888,P-sc_0056.jpg,3568d248f279eb5efe41691c25f5630e,6544,5096,JPEG
P-sc_0056_00007.jpg,9054829,P-sc_0056.jpg,3962d30c16a61c3f48a51e9560920b74,6544,5096,JPEG
P-sc_0056_00008.jpg,8757356,P-sc_0056.jpg,9a6b515f73164dbb7dbc4be6fd6317cf,6544,5096,JPEG
P-sc_0056_00009.jpg,8820890,P-sc_0056.jpg,d5654e6315ce90a6644ec3610efad1e5,6544,5096,JPEG
P-sc_0056_00010.jpg,8381576,P-sc_0056.jpg,c080154cbc21dc6aa0d8f97aa90dd515,6544,5096,JPEG
P-sc_0060_00001.jpg,3105472,P-sc_0060.jpg,5fc71e56e2444d64020c0a77bf53f6b6,3187,2910,JPEG
P-sc_0060_00002.jpg,2912784,P-sc_0060.jpg,9078118df3b99d8ca8e9220072b15e63,3187,2910,JPEG
P-sc_0060_00003.jpg,2757924,P-sc_0060.jpg,9995e6c81074a2aec1a4686c133a3179,3187,2910,JPEG
P-sc_0060_00004.jpg,3153841,P-sc_0060.jpg,c91089a5bccfcde5adc0cbd32ca39e71,3187,2910,JPEG
P-sc_0060_00005.jpg,2827631,P-sc_0060.jpg,e22e0dc07cba4cca9200ad25534a86f2,3187,2910,JPEG
P-sc_0060_00006.jpg,2981753,P-sc_0060.jpg,37fc4a5a683a763ef389b134ee29eb18,3187,2910,JPEG
P-sc_0060_00007.jpg,3086853,P-sc_0060.jpg,2be35c73764bb7559f9a077cd45ad2ef,3187,2910,JPEG
P-sc_0060_00008.jpg,3248558,P-sc_0060.jpg,4177d9ee483498bab7947c4806ae397f,3187,2910,JPEG
P-sc_0060_00009.jpg,2818603,P-sc_0060.jpg,833048207725bb8caa484dc6866cbdb9,3187,2910,JPEG
P-sc_0060_00010.jpg,2887914,P-sc_0060.jpg,2d79b7a34930c8df2164371f1e411c6e,3187,2910,JPEG
P-sc_0061_00001.jpg,1279130,P-sc_0061.jpg,660f96a06050135a31c4af88aa5a96ec,1466,3006,JPEG
P-sc_0061_00002.jpg,1162667,P-sc_0061.jpg,f04bda94e010d7d7cfe540f5056b0ac7,1466,3006,JPEG
P-sc_0061_00003.jpg,1276411,P-sc_0061.jpg,c21f70b003b4681948f35369153e4a4d,1466,3006,JPEG
P-sc_0061_00004.jpg,1197542,P-sc_0061.jpg,54c45d56fad31879715e6779d6fe2d1c,1466,3006,JPEG
P-sc_0061_00005.jpg,1312505,P-sc_0061.jpg,510fab80b62fe7420d96252e6dd6c641,1466,3006,JPEG
P-sc_0061_00006.jpg,1312970,P-sc_0061.jpg,defd44fc105f7658a97269a61890738f,1466,3006,JPEG
P-sc_0061_00007.jpg,1247863,P-sc_0061.jpg,f28ad0711d4def943497d266fa7d105b,1466,3006,JPEG
P-sc_0061_00008.jpg,1275231,P-sc_0061.jpg,859b247feb8eefe211682023623167ad,1466,3006,JPEG
P-sc_0061_00009.jpg,1189685,P-sc_0061.jpg,e1fbe357885dccdecbf4bc6adf1db177,1466,3006,JPEG
P-sc_0061_00010.jpg,1270996,P-sc_0061.jpg,1004cdb868c0a7595c06ee3f289269ab,1466,3006,JPEG
P-sc_0063_00001.jpg,2321973,P-sc_0063.jpg,6f31c1f1528c6881319fd32a5b8123a6,2560,3302,JPEG
P-sc_0063_00002.jpg,2445218,P-sc_0063.jpg,d00ec9fcb26eb13c35394083ceb027de,2560,3302,JPEG
P-sc_0063_00003.jpg,2326269,P-sc_0063.jpg,63727c111279061e938207f6dac9e91f,2560,3302,JPEG
P-sc_0063_00004.jpg,2306487,P-sc_0063.jpg,62073f24516b134e8ebfe2bb1a9c7e76,2560,3302,JPEG
P-sc_0063_00005.jpg,2510412,P-sc_0063.jpg,588ba3f9d7adf16da6f0bbce720e07a3,2560,3302,JPEG
P-sc_0063_00006.jpg,2416099,P-sc_0063.jpg,a5adb369de0e005daf1d2df2a2838d75,2560,3302,JPEG
P-sc_0063_00007.jpg,2380559,P-sc_0063.jpg,e6fe37a7b4d99a466a28ecce371480d3,2560,3302,JPEG
P-sc_0063_00008.jpg,2329201,P-sc_0063.jpg,0b1941d1181f0a8442831799fda36ac1,2560,3302,JPEG
P-sc_0063_00009.jpg,2464828,P-sc_0063.jpg,d8fd0e14903af292231646b75e8c502b,2560,3302,JPEG
P-sc_0063_00010.jpg,2349403,P-sc_0063.jpg,08a5906df8fe42f0e23f83fbd5013b40,2560,3302,JPEG
P-sc_0065_00001.jpg,3909980,P-sc_0065.jpg,2946954e7d0dce09e757e8485c9cd245,6328,1736,JPEG
P-sc_0065_00002.jpg,4189927,P-sc_0065.jpg,6d5dda27d3fd7811badc325f6486f2ff,6328,1736,JPEG
P-sc_0065_00003.jpg,3418287,P-sc_0065.jpg,e0c6f9e5422e7a448489256d028f8cc5,6328,1736,JPEG
P-sc_0065_00004.jpg,3401833,P-sc_0065.jpg,52a8b4914b430250e86d1f8cbdddb892,6328,1736,JPEG
P-sc_0065_00005.jpg,3473496,P-sc_0065.jpg,af973c0d8ceee82e9c3bfc06ea08631d,6328,1736,JPEG
P-sc_0065_00006.jpg,3486886,P-sc_0065.jpg,81162c60c9adfd62bfcdcadf8318ad0c,6328,1736,JPEG
P-sc_0065_00007.jpg,3384217,P-sc_0065.jpg,c369285beba3c13cbba679fd9c881831,6328,1736,JPEG
P-sc_0065_00008.jpg,3198561,P-sc_0065.jpg,4671bcab300b52d4a0af3839dc7164b6,6328,1736,JPEG
P-sc_0065_00009.jpg,3585225,P-sc_0065.jpg,34fa90431e9dca5f8e06d0a9d0c64ec8,6328,1736,JPEG
P-sc_0065_00010.jpg,3626393,P-sc_0065.jpg,58d35d96feea9a569b88918ce0761140,6328,1736,JPEG
P-sc_0066_00001.jpg,1994042,P-sc_0066.jpg,115506659b1754bd527df6dc2fa80925,4197,1253,JPEG
P-sc_0066_00002.jpg,1668544,P-sc_0066.jpg,9c19070547a6814ee22b379a7b6d7b9e,4197,1253,JPEG
P-sc_0066_00003.jpg,1876068,P-sc_0066.jpg,1d7cf6131d2f94846ac5a705ef05608e,4197,1253,JPEG
P-sc_0066_00004.jpg,1570497,P-sc_0066.jpg,76bb913e06ea1d1a8d68af4024bc3a1f,4197,1253,JPEG
P-sc_0066_00005.jpg,1874451,P-sc_0066.jpg,b3bc87951bafc5a6319a5dd5149685ed,4197,1253,JPEG
P-sc_0066_00006.jpg,1733201,P-sc_0066.jpg,fefba6a82a867135dbf56bcf04e98e7c,4197,1253,JPEG
P-sc_0066_00007.jpg,1750540,P-sc_0066.jpg,8736a65ee26caa44e229981406ea4995,4197,1253,JPEG
P-sc_0066_00008.jpg,1539155,P-sc_0066.jpg,82f7df13599fb7810d70fcfe61a28a86,4197,1253,JPEG
P-sc_0066_00009.jpg,1787478,P-sc_0066.jpg,3766a12e45d76ae2706c0892f460a28f,4197,1253,JPEG
P-sc_0066_00010.jpg,2045107,P-sc_0066.jpg,3b545a14285e15325a2774df0cf8eec1,4197,1253,JPEG
P-sc_0067_00001.jpg,2360851,P-sc_0067.jpg,13ecf77d50e4fef6e6e43aad462268c7,4153,2097,JPEG
P-sc_0067_00002.jpg,2681643,P-sc_0067.jpg,86bda37416293a073d9dd769d59c775a,4153,2097,JPEG
P-sc_0067_00003.jpg,2719285,P-sc_0067.jpg,848f2cdfeba5360079db6be05f322b01,4153,2097,JPEG
P-sc_0067_00004.jpg,2493234,P-sc_0067.jpg,242afb014b445beecd18406768073be5,4153,2097,JPEG
P-sc_0067_00005.jpg,2365181,P-sc_0067.jpg,5beb07ffdb75b790c4c644c1f8e8ef48,4153,2097,JPEG
P-sc_0067_00006.jpg,2649899,P-sc_0067.jpg,68a4dd88da8764a87db8d4bdcda1a84a,4153,2097,JPEG
P-sc_0067_00007.jpg,2549104,P-sc_0067.jpg,678947a19b6b89077bd6f5efe322d882,4153,2097,JPEG
P-sc_0067_00008.jpg,2841786,P-sc_0067.jpg,6af521535d18426041704b21690a7e2e,4153,2097,JPEG
P-sc_0067_00009.jpg,2712521,P-sc_0067.jpg,a2d725ca97a342d404715d3757f85a0e,4153,2097,JPEG
P-sc_0067_00010.jpg,2689935,P-sc_0067.jpg,2c96573d4badbee3bec20025e7b0786e,4153,2097,JPEG
P-sc_0070_00001.jpg,1659420,P-sc_0070.jpg,49fec289233b95e11a5d0918f97934c6,1514,4147,JPEG
P-sc_0070_00002.jpg,1776059,P-sc_0070.jpg,bac228bd2d0018680d43f2dcf0a11003,1514,4147,JPEG
P-sc_0070_00003.jpg,1694335,P-sc_0070.jpg,2496c902f150e6502f8936ba80fc47ec,1514,4147,JPEG
P-sc_0070_00004.jpg,1805145,P-sc_0070.jpg,56cdf1fc5a8a7cf9f73d4b15e00ff42f,1514,4147,JPEG
P-sc_0070_00005.jpg,1853330,P-sc_0070.jpg,b5cc985610ca91d87275efff3b17e4b5,1514,4147,JPEG
P-sc_0070_00006.jpg,1799905,P-sc_0070.jpg,9553efe068edc2dffe1f8e4fee10eb5a,1514,4147,JPEG
P-sc_0070_00007.jpg,1931577,P-sc_0070.jpg,0c836289b6c6ff0c398f2d8e1370f631,1514,4147,JPEG
P-sc_0070_00008.jpg,1714922,P-sc_0070.jpg,706f486814a9e38f32b84d06cdc19e18,1514,4147,JPEG
P-sc_0070_00009.jpg,1758695,P-sc_0070.jpg,71913c29e54fb6994c32e12899107312,1514,4147,JPEG
P-sc_0070_00010.jpg,1731350,P-sc_0070.jpg,12cebde47f1f51f969480041841b9ebb,1514,4147,JPEG
P-sc_0073_00001.jpg,2028301,P-sc_0073.jpg,7e854dd1faf301cbb4b44d43852089d5,1658,4152,JPEG
P-sc_0073_00002.jpg,2061062,P-sc_0073.jpg,0db8f8405f988086914fad937e603601,1658,4152,JPEG
P-sc_0073_00003.jpg,1857556,P-sc_0073.jpg,3696bfd369769e72d7e331649cc4718c,1658,4152,JPEG
P-sc_0073_00004.jpg,1889067,P-sc_0073.jpg,3cebee661e6b6b78167903e9b14d1eb6,1658,4152,JPEG
P-sc_0073_00005.jpg,1834090,P-sc_0073.jpg,30ed629b02d07b6a4be4684529e58ed4,1658,4152,JPEG
P-sc_0073_00006.jpg,1853914,P-sc_0073.jpg,ee20a7be794fd84236a43dc50c649e76,1658,4152,JPEG
P-sc_0073_00007.jpg,2022751,P-sc_0073.jpg,ec436cddb73c247a2512459aa05f3260,1658,4152,JPEG
P-sc_0073_00008.jpg,1981014,P-sc_0073.jpg,4a5d914303795c52a2699ab008bcb307,1658,4152,JPEG
P-sc_0073_00009.jpg,1846222,P-sc_0073.jpg,a6122bf66d8c79592b4931bbc114d90d,1658,4152,JPEG
P-sc_0073_00010.jpg,1906536,P-sc_0073.jpg,a11f1e8ad73218d2bd087546cfca2e61,1658,4152,JPEG
P-sc_0074_00001.jpg,4033761,P-sc_0074.jpg,775af580b8766b9c1ad92ab5c523b25d,3354,4672,JPEG
P-sc_0074_00002.jpg,3971562,P-sc_0074.jpg,19316a85fc72a864ab9ca55c617a5a7e,3354,4672,JPEG
P-sc_0074_00003.jpg,4215706,P-sc_0074.jpg,8d85e86b10229aa766ac2a59e9f05a0a,3354,4672,JPEG
P-sc_0074_00004.jpg,4119769,P-sc_0074.jpg,fed45291da9599999c75833dc670c37b,3354,4672,JPEG
P-sc_0074_00005.jpg,4222245,P-sc_0074.jpg,8dfe9c686a8e21df7e17e2e5fe8b7d4e,3354,4672,JPEG
P-sc_0074_00006.jpg,4093139,P-sc_0074.jpg,211a55862cfb8fb1f5826b77c3e23016,3354,4672,JPEG
P-sc_0074_00007.jpg,4171287,P-sc_0074.jpg,328d752f01346f4a9f6e0d5f956ece7f,3354,4672,JPEG
P-sc_0074_00008.jpg,4052890,P-sc_0074.jpg,68cfc28923fc126a9996e30235da7428,3354,4672,JPEG
P-sc_0074_00009.jpg,3994754,P-sc_0074.jpg,0dee35bdb3819650099b6de544891cec,3354,4672,JPEG
P-sc_0074_00010.jpg,4307465,P-sc_0074.jpg,815a6509ab0eef60b9eef352b8df0133,3354,4672,JPEG
P-sc_0075_00001.jpg,8984382,P-sc_0075.jpg,d8e0fc20ff86a51aad7aeea5416fe595,4792,6272,JPEG
P-sc_0075_00002.jpg,8802115,P-sc_0075.jpg,3529fd8fe677660291c4c74eac5ec9d4,4792,6272,JPEG
P-sc_0075_00003.jpg,9015211,P-sc_0075.jpg,41c62f38ca17d4222cc0ee949fdbe9c3,4792,6272,JPEG
P-sc_0075_00004.jpg,9030913,P-sc_0075.jpg,315339dbcefe4ad909d8466ad5a9f72a,4792,6272,JPEG
P-sc_0075_00005.jpg,8754456,P-sc_0075.jpg,35adbf442417f263773cd609360f15e8,4792,6272,JPEG
P-sc_0075_00006.jpg,8878076,P-sc_0075.jpg,e55a7ff4d9f418ed58840fa03e9f9f6d,4792,6272,JPEG
P-sc_0075_00007.jpg,8944083,P-sc_0075.jpg,2fbdaaf8daf88a78d4ae7746907a3c46,4792,6272,JPEG
P-sc_0075_00008.jpg,9088581,P-sc_0075.jpg,c811a4f41a238f1f55b8c608756b660b,4792,6272,JPEG
P-sc_0075_00009.jpg,9320900,P-sc_0075.jpg,7aa6d4b2a7fcd832863e8d29f50af23c,4792,6272,JPEG
P-sc_0075_00010.jpg,8993388,P-sc_0075.jpg,6c2365b82f3bf1f8f71ce5bf6758cd19,4792,6272,JPEG
P-sc_0076_00001.jpg,2474609,P-sc_0076.jpg,f829909c001744363810f6f66288b985,2587,2651,JPEG
P-sc_0076_00002.jpg,2217508,P-sc_0076.jpg,72a11ef22b15fe3374cd788771ae92a3,2587,2651,JPEG
P-sc_0076_00003.jpg,2497846,P-sc_0076.jpg,ad906839044d5aadee50e0c81d247461,2587,2651,JPEG
P-sc_0076_00004.jpg,2220974,P-sc_0076.jpg,ba78e0cb8fe6138b309f497c36c222b9,2587,2651,JPEG
P-sc_0076_00005.jpg,2198284,P-sc_0076.jpg,441a17543ef02875856edeb9d9ff6a68,2587,2651,JPEG
P-sc_0076_00006.jpg,2286808,P-sc_0076.jpg,8939b89960e19754124c7ef5e43638e6,2587,2651,JPEG
P-sc_0076_00007.jpg,2205003,P-sc_0076.jpg,fb06d65673f3b17323ef37e1c2fb69a9,2587,2651,JPEG
P-sc_0076_00008.jpg,2225510,P-sc_0076.jpg,08b50cddfff8d7388c2c4b5837b02d2d,2587,2651,JPEG
P-sc_0076_00009.jpg,2178374,P-sc_0076.jpg,97f76e83567cb02d063095d7ee54a9ae,2587,2651,JPEG
P-sc_0076_00010.jpg,2139025,P-sc_0076.jpg,617808e5aa9626c14ccbbb3794f87698,2587,2651,JPEG
P-sc_0077_00001.jpg,2695931,P-sc_0077.jpg,fee301ba2a1208f39f8c9cd670f4ace2,2676,3134,JPEG
P-sc_0077_00002.jpg,2620634,P-sc_0077.jpg,f8b431263b4c3084edf9919d1e7b58fc,2676,3134,JPEG
P-sc_0077_00003.jpg,2711691,P-sc_0077.jpg,eb4ea099cf777e1241394c509a405c7f,2676,3134,JPEG
P-sc_0077_00004.jpg,2758065,P-sc_0077.jpg,161becb57c7d26cfc1c3422356bae972,2676,3134,JPEG
P-sc_0077_00005.jpg,2748619,P-sc_0077.jpg,0644a4aaabed9847224781a22389a9be,2676,3134,JPEG
P-sc_0077_00006.jpg,2626720,P-sc_0077.jpg,5720d1945745db90913a5dcc57166274,2676,3134,JPEG
P-sc_0077_00007.jpg,2720049,P-sc_0077.jpg,1c66e95720a5bef7db5be8a8a3ff399e,2676,3134,JPEG
P-sc_0077_00008.jpg,2589837,P-sc_0077.jpg,7def61e5a2517a75905c1cd397b0b82b,2676,3134,JPEG
P-sc_0077_00009.jpg,2665028,P-sc_0077.jpg,2925e9282af01cd68b999cd0b0320454,2676,3134,JPEG
P-sc_0077_00010.jpg,2911140,P-sc_0077.jpg,600831a5fdcbcf74ac34e187a1e5d240,2676,3134,JPEG
P-sc_0078_00001.jpg,2282693,P-sc_0078.jpg,af271dcc42ea605abaae8638c10ffc67,2236,3066,JPEG
P-sc_0078_00002.jpg,2271482,P-sc_0078.jpg,7a129aa25aa63124820643b34064d67f,2236,3066,JPEG
P-sc_0078_00003.jpg,2384322,P-sc_0078.jpg,bc038b7c767cdbdd4c10ec0c40fd2f47,2236,3066,JPEG
P-sc_0078_00004.jpg,2195572,P-sc_0078.jpg,a27e21dc69e30dc3839a10820d07b7b0,2236,3066,JPEG
P-sc_0078_00005.jpg,2419719,P-sc_0078.jpg,0906514198784bc2440e2636ee816c84,2236,3066,JPEG
P-sc_0078_00006.jpg,2255083,P-sc_0078.jpg,53b0ccecf84ee2bc810c0283e19d4a8a,2236,3066,JPEG
P-sc_0078_00007.jpg,2198668,P-sc_0078.jpg,7de36c5520e46360770f0ac0f7a6c8d7,2236,3066,JPEG
P-sc_0078_00008.jpg,2335004,P-sc_0078.jpg,ab5029b97fa3ddf765813d737680399b,2236,3066,JPEG
P-sc_0078_00009.jpg,2189374,P-sc_0078.jpg,67bc71335eb6c884a7b128b85d10bf1f,2236,3066,JPEG
P-sc_0078_00010.jpg,2354740,P-sc_0078.jpg,4ef5d16d6c04c83bb4ea41f7e1ebb556,2236,3066,JPEG
P-sc_0079_00001.jpg,2643599,P-sc_0079.jpg,a6eb5776eda854465e40311e451d10ef,2708,2729,JPEG
P-sc_0079_00002.jpg,2546208,P-sc_0079.jpg,7f6fb898bf851f14fbd67f5d2d9f5fb9,2708,2729,JPEG
P-sc_0079_00003.jpg,2562212,P-sc_0079.jpg,49eb4acc4b53ebc607ca8dee0c89ea45,2708,2729,JPEG
P-sc_0079_00004.jpg,2609983,P-sc_0079.jpg,1d174257d91b01762b735379a1ffdb9b,2708,2729,JPEG
P-sc_0079_00005.jpg,2456974,P-sc_0079.jpg,df70fedc8b7dfe4f4a8d463f7532b242,2708,2729,JPEG
P-sc_0079_00006.jpg,2681243,P-sc_0079.jpg,931866cfacbca704433f641ff89e654b,2708,2729,JPEG
P-sc_0079_00007.jpg,2439495,P-sc_0079.jpg,1d23e0eecea71e8e76c444085c2d129b,2708,2729,JPEG
P-sc_0079_00008.jpg,2495261,P-sc_0079.jpg,d975549cbf64d33286d0f8fb36fbbe5b,2708,2729,JPEG
P-sc_0079_00009.jpg,2567393,P-sc_0079.jpg,88c2d40fc452e3c95de7a1574e4a5cc9,2708,2729,JPEG
P-sc_0079_00010.jpg,2386063,P-sc_0079.jpg,c77609d87ab88a7ba737a58afb730785,2708,2729,JPEG
P-sc_0080_00001.jpg,4185306,P-sc_0080.jpg,4ec0e10f9d80951db6a0c773710ac1e1,3854,3684,JPEG
P-sc_0080_00002.jpg,4201210,P-sc_0080.jpg,a3f07f3374d8f7eb6d8287580b09ad58,3854,3684,JPEG
P-sc_0080_00003.jpg,4351523,P-sc_0080.jpg,76ad020101f0a737bb03133adaeeee7f,3854,3684,JPEG
P-sc_0080_00004.jpg,4218775,P-sc_0080.jpg,049bb23255f1fba58b127914ec754d11,3854,3684,JPEG
P-sc_0080_00005.jpg,4114588,P-sc_0080.jpg,67a96c5df34f45e20ff2d1157e7aae7c,3854,3684,JPEG
P-sc_0080_00006.jpg,4211934,P-sc_0080.jpg,01dacfaa137ff26da34461c10b0b8c4a,3854,3684,JPEG
P-sc_0080_00007.jpg,3987228,P-sc_0080.jpg,3063c65d0d6cf4d9995c5fe846c80667,3854,3684,JPEG
P-sc_0080_00008.jpg,4287491,P-sc_0080.jpg,c966c37086a926c607facaafb06119b3,3854,3684,JPEG
P-sc_0080_00009.jpg,4088736,P-sc_0080.jpg,7691853a7d00bc188baadad72fc15752,3854,3684,JPEG
P-sc_0080_00010.jpg,4229817,P-sc_0080.jpg,ff2376f8926759304ddd457f2074e0d8,3854,3684,JPEG
P-sc_0081_00001.jpg,3241427,P-sc_0081.jpg,a9d2b9645ea46b0e6a673c3ee683716a,3347,3827,JPEG
P-sc_0081_00002.jpg,3333031,P-sc_0081.jpg,98678752ca6c2ae981e33d3ff5edade9,3347,3827,JPEG
P-sc_0081_00003.jpg,3311467,P-sc_0081.jpg,7ecabc1a961947e1e240e5ba45f71bc0,3347,3827,JPEG
P-sc_0081_00004.jpg,3634354,P-sc_0081.jpg,059f45e429592d3257bfd25b12f0a01d,3347,3827,JPEG
P-sc_0081_00005.jpg,3414890,P-sc_0081.jpg,0a599a169c27443b324a689ceff5f16d,3347,3827,JPEG
P-sc_0081_00006.jpg,3652960,P-sc_0081.jpg,54b63ffe4b43085b06951e76fd219286,3347,3827,JPEG
P-sc_0081_00007.jpg,3301665,P-sc_0081.jpg,6c8d9b3bb0d2bf463ed67cf28aebc7ef,3347,3827,JPEG
P-sc_0081_00008.jpg,3261316,P-sc_0081.jpg,42f7d5eb45aa60ef33895e1bc4d99b9f,3347,3827,JPEG
P-sc_0081_00009.jpg,3423245,P-sc_0081.jpg,3006fb5792050abf5439dfd353f7acc2,3347,3827,JPEG
P-sc_0081_00010.jpg,3256578,P-sc_0081.jpg,76cbf4967e18724a5a2107ce2fdcbebf,3347,3827,JPEG
P-sc_0082_00001.jpg,5706430,P-sc_0082.jpg,d43d516d3973df250f02943f233127bf,4483,3800,JPEG
P-sc_0082_00002.jpg,5649147,P-sc_0082.jpg,50ad8feb8ab77069fb3c00dd8b6774be,4483,3800,JPEG
P-sc_0082_00003.jpg,5675469,P-sc_0082.jpg,90b4c2145f9444c1a71d37bb4034eaff,4483,3800,JPEG
P-sc_0082_00004.jpg,6086336,P-sc_0082.jpg,75f205e1b87ea036c2a422c1e9e1796c,4483,3800,JPEG
P-sc_0082_00005.jpg,6000243,P-sc_0082.jpg,49c7d25114f36e854602043e479d4571,4483,3800,JPEG
P-sc_0082_00006.jpg,5647181,P-sc_0082.jpg,a83b1a5c817eb8d73b9b3134429ed837,4483,3800,JPEG
P-sc_0082_00007.jpg,5744018,P-sc_0082.jpg,a71f9d6b91c33bf48347ac104ff07623,4483,3800,JPEG
P-sc_0082_00008.jpg,5724341,P-sc_0082.jpg,048379ce7703348d27be940a6a90475e,4483,3800,JPEG
P-sc_0082_00009.jpg,5787480,P-sc_0082.jpg,329fc8b99a91053b43069d633f67daa4,4483,3800,JPEG
P-sc_0082_00010.jpg,5897611,P-sc_0082.jpg,5ede9eefd9c01cb034e73cdf308ba1c0,4483,3800,JPEG
P-sc_0084_00001.jpg,4114665,P-sc_0084.jpg,9c2bf67741184b5503f8231a651d57d7,3326,4787,JPEG
P-sc_0084_00002.jpg,4093162,P-sc_0084.jpg,92036d0e1de33388b1a892128c0b57e7,3326,4787,JPEG
P-sc_0084_00003.jpg,4088863,P-sc_0084.jpg,fc32507172eaebebfe4c16e27a04d1be,3326,4787,JPEG
P-sc_0084_00004.jpg,4008027,P-sc_0084.jpg,80db43a04a5c92c3d0b9511d466aad78,3326,4787,JPEG
P-sc_0084_00005.jpg,4049984,P-sc_0084.jpg,5f7c7167e9190b33ff0f80a7f14b7881,3326,4787,JPEG
P-sc_0084_00006.jpg,4116210,P-sc_0084.jpg,22e470beca1d30773c3f8ddb587ae0ce,3326,4787,JPEG
P-sc_0084_00007.jpg,3976138,P-sc_0084.jpg,ae8aec54a4485ebd40fbe2c26fe2dbcf,3326,4787,JPEG
P-sc_0084_00008.jpg,4161351,P-sc_0084.jpg,5c90c2f3789eaee50666f0ed3f566e33,3326,4787,JPEG
P-sc_0084_00009.jpg,4004946,P-sc_0084.jpg,4661783d40bcb118671b97328eb9d5e0,3326,4787,JPEG
P-sc_0084_00010.jpg,4353988,P-sc_0084.jpg,0877818bb7b77ce0ae2787641771ce66,3326,4787,JPEG
P-sc_0085_00001.jpg,3347250,P-sc_0085.jpg,05dd06adf3049aefb44068b3f3ac44ad,3039,4249,JPEG
P-sc_0085_00002.jpg,3270776,P-sc_0085.jpg,c77e808b8fa58a684fe7d02d471b663d,3039,4249,JPEG
P-sc_0085_00003.jpg,3217050,P-sc_0085.jpg,d85119e968a7770bf4fd76b46a2729d6,3039,4249,JPEG
P-sc_0085_00004.jpg,3368565,P-sc_0085.jpg,661ddd98e4fba6af2e6e35545b51d7f9,3039,4249,JPEG
P-sc_0085_00005.jpg,3235466,P-sc_0085.jpg,23963386d937529dca2f8e0d5056c17f,3039,4249,JPEG
P-sc_0085_00006.jpg,3471495,P-sc_0085.jpg,8133c4412fbfdcda1da56abb37c9b7c6,3039,4249,JPEG
P-sc_0085_00007.jpg,3391795,P-sc_0085.jpg,0e30a43460868663a693b20af4e3c8cf,3039,4249,JPEG
P-sc_0085_00008.jpg,3435268,P-sc_0085.jpg,2b4e4e3f244ef9657ba8a3bbc5d16888,3039,4249,JPEG
P-sc_0085_00009.jpg,3263344,P-sc_0085.jpg,944a7df06628d86c5b4f44489f52c95c,3039,4249,JPEG
P-sc_0085_00010.jpg,3665766,P-sc_0085.jpg,5e72f3145ca7b6c61e5279e28d355060,3039,4249,JPEG
P-sc_0086_00001.jpg,1144403,P-sc_0086.jpg,f921f12af8513884694376d4a2e804c3,2640,1181,JPEG
P-sc_0086_00002.jpg,1380663,P-sc_0086.jpg,4be85162f7d1130d9ba7b311965f3e03,2640,1181,JPEG
P-sc_0086_00003.jpg,1090553,P-sc_0086.jpg,87039c4874e5415d26c31129d27dd229,2640,1181,JPEG
P-sc_0086_00004.jpg,1005175,P-sc_0086.jpg,414a58e77d58522f200eeead6ce066e7,2640,1181,JPEG
P-sc_0086_00005.jpg,1209770,P-sc_0086.jpg,18652a1a96a1a37685de5708b188e44e,2640,1181,JPEG
P-sc_0086_00006.jpg,1095961,P-sc_0086.jpg,c82e65923ccbeed5ed95f06e66e7e231,2640,1181,JPEG
P-sc_0086_00007.jpg,1037690,P-sc_0086.jpg,a94f78fe3dfd6813e0e17e7b633e76ab,2640,1181,JPEG
P-sc_0086_00008.jpg,1217651,P-sc_0086.jpg,9277b919a7279ea95d6fecec3b4689b9,2640,1181,JPEG
P-sc_0086_00009.jpg,1312327,P-sc_0086.jpg,2d588ce0992bd7788736f0df74932fd4,2640,1181,JPEG
P-sc_0086_00010.jpg,1195821,P-sc_0086.jpg,426e7331ed8730c12d69341e45ea217f,2640,1181,JPEG
P-sc_0087_00001.jpg,5120275,P-sc_0087.jpg,1207dbba1f3717588a962eea4655ffe7,3966,3731,JPEG
P-sc_0087_00002.jpg,5133078,P-sc_0087.jpg,b8e1105c1217874731dc3be96c3dc150,3966,3731,JPEG
P-sc_0087_00003.jpg,5202784,P-sc_0087.jpg,d63262b95d4c476d92ed49ca590efa22,3966,3731,JPEG
P-sc_0087_00004.jpg,5165682,P-sc_0087.jpg,62f32f0b7bd958f163136700386e3efa,3966,3731,JPEG
P-sc_0087_00005.jpg,5164289,P-sc_0087.jpg,74d0f7058b8b3da5a3c14c631f2d2375,3966,3731,JPEG
P-sc_0087_00006.jpg,5329008,P-sc_0087.jpg,a09541780f4531f00d4c7ff56ac63f2e,3966,3731,JPEG
P-sc_0087_00007.jpg,5019037,P-sc_0087.jpg,30a27e75cab9393f13c1771867eddf3a,3966,3731,JPEG
P-sc_0087_00008.jpg,5037545,P-sc_0087.jpg,c222c4e6c863da96fe344c1b6f50b5d0,3966,3731,JPEG
P-sc_0087_00009.jpg,5094973,P-sc_0087.jpg,1da74d72aacee60643501bc62b0f1558,3966,3731,JPEG
P-sc_0087_00010.jpg,5270885,P-sc_0087.jpg,b50652aea2765c9df470445bbb8f4be9,3966,3731,JPEG
P-sc_0088_00001.jpg,1427863,P-sc_0088.jpg,9b43a1073610b848e00a862783adc6fa,3716,1150,JPEG
P-sc_0088_00002.jpg,1395563,P-sc_0088.jpg,f100319b8a723540fa97441488c8f31e,3716,1150,JPEG
P-sc_0088_00003.jpg,1647161,P-sc_0088.jpg,26ab6e2699e25efeed54a32bb127027e,3716,1150,JPEG
P-sc_0088_00004.jpg,1299539,P-sc_0088.jpg,045ea4703ef520d0706690cf5b305165,3716,1150,JPEG
P-sc_0088_00005.jpg,1463694,P-sc_0088.jpg,4a89bea10132348bb809019fee17cc37,3716,1150,JPEG
P-sc_0088_00006.jpg,1527425,P-sc_0088.jpg,36d84532695f0bbe5d81e5a15c7c456d,3716,1150,JPEG
P-sc_0088_00007.jpg,1371271,P-sc_0088.jpg,0be17a1d1ff4808a280354d8a5bce2a2,3716,1150,JPEG
P-sc_0088_00008.jpg,1447285,P-sc_0088.jpg,a557291aa7f6a995c4c842fcbbab272b,3716,1150,JPEG
P-sc_0088_00009.jpg,1388171,P-sc_0088.jpg,f4c273d1198b6d6c8011762b20426a4a,3716,1150,JPEG
P-sc_0088_00010.jpg,1506982,P-sc_0088.jpg,f4ea35623383933067e33b003e055c64,3716,1150,JPEG
P-sc_0089_00001.jpg,2213745,P-sc_0089.jpg,a91f68b65a5e12105ccf2d1c0782e5bc,4752,1307,JPEG
P-sc_0089_00002.jpg,2144087,P-sc_0089.jpg,87ba7bc8af523cc345747715343d98fe,4752,1307,JPEG
P-sc_0089_00003.jpg,2011083,P-sc_0089.jpg,f77a041a77a7a97330f450e4ff8a297b,4752,1307,JPEG
P-sc_0089_00004.jpg,2026791,P-sc_0089.jpg,f4d365723f9e4324c383e2570b27236f,4752,1307,JPEG
P-sc_0089_00005.jpg,2121403,P-sc_0089.jpg,3c6c255bcfc941745f974091cb0a74d2,4752,1307,JPEG
P-sc_0089_00006.jpg,2190991,P-sc_0089.jpg,6cbef5b60240d0f430eecd9b48e0b78e,4752,1307,JPEG
P-sc_0089_00007.jpg,1970526,P-sc_0089.jpg,ff724a8770a105fb4ec2b33003675e7c,4752,1307,JPEG
P-sc_0089_00008.jpg,2405635,P-sc_0089.jpg,c677b481a8afceb84ce593f4a7246d60,4752,1307,JPEG
P-sc_0089_00009.jpg,2367371,P-sc_0089.jpg,6be04765d5dc7a5328889a1a115867fe,4752,1307,JPEG
P-sc_0089_00010.jpg,2183649,P-sc_0089.jpg,6302a2e3e8862375598f335a29f28e0c,4752,1307,JPEG
P-sc_0090_00001.jpg,7055881,P-sc_0090.jpg,b58b3ea756c66d1c6d8bfcff73a52a41,4840,6280,JPEG
P-sc_0090_00002.jpg,6629846,P-sc_0090.jpg,74a01768c622c6a3c4657962fb15006a,4840,6280,JPEG
P-sc_0090_00003.jpg,6567136,P-sc_0090.jpg,bda13e13022e7c2ff8efbd8084b3f248,4840,6280,JPEG
P-sc_0090_00004.jpg,6807851,P-sc_0090.jpg,256ec469370f7b0edabd3f0ea0d57437,4840,6280,JPEG
P-sc_0090_00005.jpg,6870032,P-sc_0090.jpg,a84be07afc6973177e4a2ce8b82ad1ce,4840,6280,JPEG
P-sc_0090_00006.jpg,7149837,P-sc_0090.jpg,fb95c02e12b33558cb96df37b740c407,4840,6280,JPEG
P-sc_0090_00007.jpg,6814980,P-sc_0090.jpg,a0394e3224a0a4398c40defb2f654643,4840,6280,JPEG
P-sc_0090_00008.jpg,7211338,P-sc_0090.jpg,28547c1fda3f2b376af48f2f900d65d7,4840,6280,JPEG
P-sc_0090_00009.jpg,6983602,P-sc_0090.jpg,92dd7a4a4a46efdc32a74a47889f0e10,4840,6280,JPEG
P-sc_0090_00010.jpg,6749489,P-sc_0090.jpg,19a52abb7c8bd9a1de0d717599590f6a,4840,6280,JPEG
P-sc_0092_00001.jpg,4573710,P-sc_0092.jpg,7e6cc4f730d6c2795a40d5e6bd03b0b9,3285,5180,JPEG
P-sc_0092_00002.jpg,4716689,P-sc_0092.jpg,0f5106f264c9589ffbff25d593009d16,3285,5180,JPEG
P-sc_0092_00003.jpg,4570343,P-sc_0092.jpg,1f68f52dd222ef556229355eb201d914,3285,5180,JPEG
P-sc_0092_00004.jpg,4468710,P-sc_0092.jpg,2537b742775473703d88477da56913ba,3285,5180,JPEG
P-sc_0092_00005.jpg,4923475,P-sc_0092.jpg,b67d1139c2bc45d64e683dc6feb3ff2a,3285,5180,JPEG
P-sc_0092_00006.jpg,4560993,P-sc_0092.jpg,bdbd9940053a030319eadff80e24501a,3285,5180,JPEG
P-sc_0092_00007.jpg,4680834,P-sc_0092.jpg,fdcfe873dd7924f2bbabf668118ae797,3285,5180,JPEG
P-sc_0092_00008.jpg,4447554,P-sc_0092.jpg,aedb01f0856bfafdec2ddeb007050dc1,3285,5180,JPEG
P-sc_0092_00009.jpg,4528756,P-sc_0092.jpg,02d8c6716a108446839be228b86e7c75,3285,5180,JPEG
P-sc_0092_00010.jpg,4426017,P-sc_0092.jpg,58ec034483db26d25d4468f8e876d63a,3285,5180,JPEG
P-sc_0093_00001.jpg,3249410,P-sc_0093.jpg,9e1696e57433bf5b520b6fec09cf901e,3253,3553,JPEG
P-sc_0093_00002.jpg,2916574,P-sc_0093.jpg,4d013c72f9af1873702202c204bb79fa,3253,3553,JPEG
P-sc_0093_00003.jpg,3280887,P-sc_0093.jpg,ebb635d97fb13bdf5b3df06cfd4f4b80,3253,3553,JPEG
P-sc_0093_00004.jpg,3001724,P-sc_0093.jpg,243d35102817865f3bdef20dc0061f7e,3253,3553,JPEG
P-sc_0093_00005.jpg,2947490,P-sc_0093.jpg,375051872b8fdc434a83c316bbc12804,3253,3553,JPEG
P-sc_0093_00006.jpg,3099720,P-sc_0093.jpg,5c82cd4a40c648125fb7b3b44dde099b,3253,3553,JPEG
P-sc_0093_00007.jpg,3084551,P-sc_0093.jpg,223a3925b08f97b2e0020447d3dfab3d,3253,3553,JPEG
P-sc_0093_00008.jpg,3116860,P-sc_0093.jpg,533529a0136b5d10a219d1626c55b316,3253,3553,JPEG
P-sc_0093_00009.jpg,3103069,P-sc_0093.jpg,215c1c5652f928b2448441768739b17b,3253,3553,JPEG
P-sc_0093_00010.jpg,3413952,P-sc_0093.jpg,ab8d3b337b25d8b4145467b0bae80155,3253,3553,JPEG
P-sc_0097_00001.jpg,4110826,P-sc_0097.jpg,2a1a301ef09f969725c6c5141950f316,3809,3989,JPEG
P-sc_0097_00002.jpg,3948885,P-sc_0097.jpg,7f1f2f8f78b646d7f8a5b0ee4240a035,3809,3989,JPEG
P-sc_0097_00003.jpg,3973587,P-sc_0097.jpg,d63086739b733a543a782478b98672e9,3809,3989,JPEG
P-sc_0097_00004.jpg,4355322,P-sc_0097.jpg,105a1b4acdededb1640fe80c42f89678,3809,3989,JPEG
P-sc_0097_00005.jpg,4237309,P-sc_0097.jpg,a4ece9654a76e008799e7fb0764937a5,3809,3989,JPEG
P-sc_0097_00006.jpg,4154030,P-sc_0097.jpg,efc585602e1917d2462220f3ebf0e7d5,3809,3989,JPEG
P-sc_0097_00007.jpg,3954405,P-sc_0097.jpg,e8e7f630bd45e54a0c3f63e932619b5f,3809,3989,JPEG
P-sc_0097_00008.jpg,4064696,P-sc_0097.jpg,a8239b52144cc1ea22851c2e30bf7ef4,3809,3989,JPEG
P-sc_0097_00009.jpg,4140070,P-sc_0097.jpg,be014e26a86d61dc033d471b25009387,3809,3989,JPEG
P-sc_0097_00010.jpg,3917456,P-sc_0097.jpg,6f4aa4d155b7918dc904951aa397b199,3809,3989,JPEG
P-sc_0098_00001.jpg,4040317,P-sc_0098.jpg,e23252143603ef0eafcb90dfea4d1baf,3711,3420,JPEG
P-sc_0098_00002.jpg,3754837,P-sc_0098.jpg,103e4d16663769e2e20200c261119449,3711,3420,JPEG
P-sc_0098_00003.jpg,3861327,P-sc_0098.jpg,fd4b290b073461ec4eb3707f9cb1a648,3711,3420,JPEG
P-sc_0098_00004.jpg,3716112,P-sc_0098.jpg,c91410342cf0d844a87bf56247aed579,3711,3420,JPEG
P-sc_0098_00005.jpg,3760017,P-sc_0098.jpg,702cec8e2baf6e61dd4f7411c4fed53e,3711,3420,JPEG
P-sc_0098_00006.jpg,3967449,P-sc_0098.jpg,694cf940e5b140848bbe1d49b1327f0d,3711,3420,JPEG
P-sc_0098_00007.jpg,4319156,P-sc_0098.jpg,948964781169283e732a78ca2af60841,3711,3420,JPEG
P-sc_0098_00008.jpg,4341891,P-sc_0098.jpg,b27977f9cfa16108bc880fb20a0101d2,3711,3420,JPEG
P-sc_0098_00009.jpg,3976935,P-sc_0098.jpg,9e0cf1341c39423a960c8038ed7eb3b8,3711,3420,JPEG
P-sc_0098_00010.jpg,4065864,P-sc_0098.jpg,23c7b8fd25afab6397e68fd4cde5c823,3711,3420,JPEG
P-sc_0121_00001.jpg,8313458,P-sc_0121.jpg,c5e0719e32a4c2c02224c8bc756fb6c6,5096,6600,JPEG
P-sc_0121_00002.jpg,7984757,P-sc_0121.jpg,7e870cca6a62fac7ea1d7d809914ed89,5096,6600,JPEG
P-sc_0121_00003.jpg,8199655,P-sc_0121.jpg,9d7ceb2ce91c8672968f1c2d61766b53,5096,6600,JPEG
P-sc_0121_00004.jpg,8327654,P-sc_0121.jpg,bd6d7a34d6dff7fb2a7ea91c91369ad1,5096,6600,JPEG
P-sc_0121_00005.jpg,8224245,P-sc_0121.jpg,2b92f30f51e51dc4972a64d06bec3a91,5096,6600,JPEG
P-sc_0121_00006.jpg,8225340,P-sc_0121.jpg,ce5451fdcb2d15757015ffa9013272c2,5096,6600,JPEG
P-sc_0121_00007.jpg,8039745,P-sc_0121.jpg,502dad8ff120a86e2b9196c81bce0552,5096,6600,JPEG
P-sc_0121_00008.jpg,8215804,P-sc_0121.jpg,5f340de4392fa50042cad95d069b70de,5096,6600,JPEG
P-sc_0121_00009.jpg,8058601,P-sc_0121.jpg,2a3e0e38013f5797e800bdf5003ec12d,5096,6600,JPEG
P-sc_0121_00010.jpg,8415105,P-sc_0121.jpg,eacb34c6efc7a197b831d313cb6ead19,5096,6600,JPEG
P-sc_0122_00001.jpg,5567637,P-sc_0122.jpg,775e0a9dc7113dcd7101bbc4e1af9609,3685,5364,JPEG
P-sc_0122_00002.jpg,5354443,P-sc_0122.jpg,d0acb188ef1a755c55f999878cddc27c,3685,5364,JPEG
P-sc_0122_00003.jpg,5353774,P-sc_0122.jpg,75f8819f082ed5e20f423c6203299187,3685,5364,JPEG
P-sc_0122_00004.jpg,5473469,P-sc_0122.jpg,a593ff8b7ad8714fc14f01f5bb08202e,3685,5364,JPEG
P-sc_0122_00005.jpg,5493054,P-sc_0122.jpg,6a88d6afc647982c09432d3d1baf0ae7,3685,5364,JPEG
P-sc_0122_00006.jpg,5541537,P-sc_0122.jpg,4eaf1b046088e051d9559f2b682b7748,3685,5364,JPEG
P-sc_0122_00007.jpg,5266715,P-sc_0122.jpg,99665c55b5d4bfa5b7e3780dde8a58e6,3685,5364,JPEG
P-sc_0122_00008.jpg,5761490,P-sc_0122.jpg,59505baf587ee8e87041264aca454113,3685,5364,JPEG
P-sc_0122_00009.jpg,5623128,P-sc_0122.jpg,2b4d0e45ae110af3540da885c8483333,3685,5364,JPEG
P-sc_0122_00010.jpg,5552448,P-sc_0122.jpg,fd1e7d33cbb012dd821b53d938797972,3685,5364,JPEG
P-sc_0124_00001.jpg,2269318,P-sc_0124.jpg,d5d1d06adf1f24de338dc6154dac5b2e,3089,2886,JPEG
P-sc_0124_00002.jpg,2353677,P-sc_0124.jpg,cecf208c724a654d23ecef10be077b96,3089,2886,JPEG
P-sc_0124_00003.jpg,2344607,P-sc_0124.jpg,cc90c884f52548f0f9c90a8b8e2bcdd5,3089,2886,JPEG
P-sc_0124_00004.jpg,2392826,P-sc_0124.jpg,290535bfeec4475ebc265fc42fe4c2ef,3089,2886,JPEG
P-sc_0124_00005.jpg,2212879,P-sc_0124.jpg,5acdea0fc399611483c7e527fdfe87e5,3089,2886,JPEG
P-sc_0124_00006.jpg,2265884,P-sc_0124.jpg,9eddf171cd8e831bf456c363a32a52c6,3089,2886,JPEG
P-sc_0124_00007.jpg,2318497,P-sc_0124.jpg,3c561ac002f05d2ce9408e535d90a233,3089,2886,JPEG
P-sc_0124_00008.jpg,2319491,P-sc_0124.jpg,563b8710e2c9f4de2da5d5f9e073c1c4,3089,2886,JPEG
P-sc_0124_00009.jpg,2285750,P-sc_0124.jpg,78b50d0dc1609978abb0ce8ebded920b,3089,2886,JPEG
P-sc_0124_00010.jpg,2358087,P-sc_0124.jpg,948a959ecb0ec3b60fe01bda509974eb,3089,2886,JPEG
P-sc_0147_00001.jpg,4450361,P-sc_0147.jpg,300267bb41d5b03be918ff22fe0e5e8f,4734,3450,JPEG
P-sc_0147_00002.jpg,4789636,P-sc_0147.jpg,59972bf207a2408911aa42a94435ab3c,4734,3450,JPEG
P-sc_0147_00003.jpg,4536666,P-sc_0147.jpg,14df7bc205f10a5e95add5aa5e5f1ffa,4734,3450,JPEG
P-sc_0147_00004.jpg,4399131,P-sc_0147.jpg,c364652b21c3e9030e8316de1e7150c1,4734,3450,JPEG
P-sc_0147_00005.jpg,4407823,P-sc_0147.jpg,f44d26d050b075db6024981d749d3eb9,4734,3450,JPEG
P-sc_0147_00006.jpg,4601328,P-sc_0147.jpg,cb8657c5a1578e5ed79daeee60eddb2e,4734,3450,JPEG
P-sc_0147_00007.jpg,4493653,P-sc_0147.jpg,9c86ee5be53be1cea5f9fa7f54092724,4734,3450,JPEG
P-sc_0147_00008.jpg,4251773,P-sc_0147.jpg,db7354c432a504a6679a20a949bf98a0,4734,3450,JPEG
P-sc_0147_00009.jpg,4606270,P-sc_0147.jpg,5677d905bf9860ab979e314362643572,4734,3450,JPEG
P-sc_0147_00010.jpg,4589128,P-sc_0147.jpg,ebe20267c58071a3a7f54186f3da74f9,4734,3450,JPEG
P-sc_0148_00001.jpg,8577187,P-sc_0148.jpg,3f7c787dcae0afbcb16d55be0084a3af,5096,6024,JPEG
P-sc_0148_00002.jpg,8748063,P-sc_0148.jpg,d3d349379a8c4e75660d01b41465351c,5096,6024,JPEG
P-sc_0148_00003.jpg,8878764,P-sc_0148.jpg,1af7718ec83efefb2002133d232c948c,5096,6024,JPEG
P-sc_0148_00004.jpg,8771014,P-sc_0148.jpg,4ade00b0a4c77bf9fb27fd9caca28175,5096,6024,JPEG
P-sc_0148_00005.jpg,9007856,P-sc_0148.jpg,170d4c1480d605491e6d1ce803c43b1e,5096,6024,JPEG
P-sc_0148_00006.jpg,9467888,P-sc_0148.jpg,2dbfeb521edaf351636b559f30197fcb,5096,6024,JPEG
P-sc_0148_00007.jpg,8836802,P-sc_0148.jpg,6659ad6fa2822a451d08b2e2c357756d,5096,6024,JPEG
P-sc_0148_00008.jpg,9174428,P-sc_0148.jpg,c9ae9e25ab0a1d8b4c6d90bfc2fd2011,5096,6024,JPEG
P-sc_0148_00009.jpg,8583586,P-sc_0148.jpg,471b266b47895323a0f866af1714e9c4,5096,6024,JPEG
P-sc_0148_00010.jpg,8588312,P-sc_0148.jpg,9dfe07ccdcb28e8104c777866cc6afeb,5096,6024,JPEG
P-sc_0149_00001.jpg,8842860,P-sc_0149.jpg,0b678243df12cefb00bc72cd825161b5,5096,6248,JPEG
P-sc_0149_00002.jpg,9172963,P-sc_0149.jpg,0712060c03996dcad15c19ad993b7cf3,5096,6248,JPEG
P-sc_0149_00003.jpg,9002036,P-sc_0149.jpg,bc64befa68a4016b5c8faf8b3cec006d,5096,6248,JPEG
P-sc_0149_00004.jpg,8950028,P-sc_0149.jpg,1ebcca0eeee50acd2865b11b4dfabed7,5096,6248,JPEG
P-sc_0149_00005.jpg,8818893,P-sc_0149.jpg,a61678f701bf5c155218eb9988f69485,5096,6248,JPEG
P-sc_0149_00006.jpg,8640544,P-sc_0149.jpg,21513cedafa60def71f4422d052754d2,5096,6248,JPEG
P-sc_0149_00007.jpg,8913272,P-sc_0149.jpg,05daeb3b9e80265ca61a07107101b37a,5096,6248,JPEG
P-sc_0149_00008.jpg,9063325,P-sc_0149.jpg,d51beac5e45a648747799c377fbbeab5,5096,6248,JPEG
P-sc_0149_00009.jpg,8960416,P-sc_0149.jpg,411287370f45c99e7490357e0c569e0a,5096,6248,JPEG
P-sc_0149_00010.jpg,8992113,P-sc_0149.jpg,e0a229368068c10c151d52e06b5e01db,5096,6248,JPEG
P-sc_0150_00001.jpg,1886117,P-sc_0150.jpg,6cb945c00d6bf9215f8f7965bd1b97a2,2297,2630,JPEG
P-sc_0150_00002.jpg,1531499,P-sc_0150.jpg,a922206cdc395312bc91cf0725e39c55,2297,2630,JPEG
P-sc_0150_00003.jpg,1531548,P-sc_0150.jpg,4134cbec9e872661af38fa396da3f1ed,2297,2630,JPEG
P-sc_0150_00004.jpg,1578367,P-sc_0150.jpg,fed4fa86b7ff73dd0a6a078ea9592728,2297,2630,JPEG
P-sc_0150_00005.jpg,1659242,P-sc_0150.jpg,60629023cd5441bb7151fc89b6cba997,2297,2630,JPEG
P-sc_0150_00006.jpg,1779173,P-sc_0150.jpg,c1fd1558239c3d6afee530a091485d2c,2297,2630,JPEG
P-sc_0150_00007.jpg,1603848,P-sc_0150.jpg,0e41bcf614dcc5602de10d5733c38f99,2297,2630,JPEG
P-sc_0150_00008.jpg,1719966,P-sc_0150.jpg,46984fcca9a02fca36be617252b8eeff,2297,2630,JPEG
P-sc_0150_00009.jpg,1670778,P-sc_0150.jpg,95afaf74fac15599e8bbb7c716f2db1e,2297,2630,JPEG
P-sc_0150_00010.jpg,1591660,P-sc_0150.jpg,0b03e7e91ef4134c2b7c8d408af8b3c7,2297,2630,JPEG
P-sc_0151_00001.jpg,6938228,P-sc_0151.jpg,9b10e5cf122fef2728c6aea724ea7dab,4776,6264,JPEG
P-sc_0151_00002.jpg,6804905,P-sc_0151.jpg,de17a8ee6cb3cbb2098eb0b638bf3a80,4776,6264,JPEG
P-sc_0151_00003.jpg,7164121,P-sc_0151.jpg,8bcd824a84bdcf054d546f6da2edbbf5,4776,6264,JPEG
P-sc_0151_00004.jpg,7164565,P-sc_0151.jpg,ed129a1fbb7eeacaa440415df38a6d48,4776,6264,JPEG
P-sc_0151_00005.jpg,6816058,P-sc_0151.jpg,a1c55956c71cb84065aab5c111eb9789,4776,6264,JPEG
P-sc_0151_00006.jpg,6963734,P-sc_0151.jpg,5f02f26771296951943bef6132707707,4776,6264,JPEG
P-sc_0151_00007.jpg,7100044,P-sc_0151.jpg,89f65b292fab490ed28bfa723b2a594e,4776,6264,JPEG
P-sc_0151_00008.jpg,6881162,P-sc_0151.jpg,6ea4fab25bb09a0c832d14236ffb2db5,4776,6264,JPEG
P-sc_0151_00009.jpg,6946477,P-sc_0151.jpg,157af4c3fc8aaa503a9a35cd42d645f3,4776,6264,JPEG
P-sc_0151_00010.jpg,6964586,P-sc_0151.jpg,426a86d0baf1ac3d6766abaa29638d3a,4776,6264,JPEG
P-sc_0152_00001.jpg,7420373,P-sc_0152.jpg,9fad5dfd21a4d5888d1fe5740802a505,4752,6272,JPEG
P-sc_0152_00002.jpg,7140536,P-sc_0152.jpg,16b1bfc5b0d3ccdfa2e06173ffe9cc0d,4752,6272,JPEG
P-sc_0152_00003.jpg,7218213,P-sc_0152.jpg,e44a6a926f2c4f0bf4ef07d72a9d8246,4752,6272,JPEG
P-sc_0152_00004.jpg,7396346,P-sc_0152.jpg,d2c580117b66f6f0565cb69275b43b6b,4752,6272,JPEG
P-sc_0152_00005.jpg,6996354,P-sc_0152.jpg,a6488a843f24bcd6c4e8a203338d6f16,4752,6272,JPEG
P-sc_0152_00006.jpg,7148401,P-sc_0152.jpg,88e2745a25776ac08324e8d6e1551981,4752,6272,JPEG
P-sc_0152_00007.jpg,7366191,P-sc_0152.jpg,a2f1ff2d1fb81c56a3e8801f6fce161f,4752,6272,JPEG
P-sc_0152_00008.jpg,7495647,P-sc_0152.jpg,04508205b133454408956aa6597772cb,4752,6272,JPEG
P-sc_0152_00009.jpg,7176730,P-sc_0152.jpg,cc0ab8968d6b28e24b9c74639a30d362,4752,6272,JPEG
P-sc_0152_00010.jpg,7794887,P-sc_0152.jpg,df4868c4fd1f6682f7146615bdd4671c,4752,6272,JPEG
P-sc_0153_00001.jpg,8729456,P-sc_0153.jpg,7ac6292f03074628597d02523be4ee8d,5096,6592,JPEG
P-sc_0153_00002.jpg,8821660,P-sc_0153.jpg,db5dae204b076a37cfc24b2167200ce0,5096,6592,JPEG
P-sc_0153_00003.jpg,8833701,P-sc_0153.jpg,7d66d3ba5f25f85a9f834f7ad7decd41,5096,6592,JPEG
P-sc_0153_00004.jpg,9199818,P-sc_0153.jpg,397ff2d852c7d8de8f280ee938a57eef,5096,6592,JPEG
P-sc_0153_00005.jpg,9099316,P-sc_0153.jpg,383247d811507ba08e06b23268982a11,5096,6592,JPEG
P-sc_0153_00006.jpg,8998721,P-sc_0153.jpg,40dd2ad8f5d022680712b3797981650c,5096,6592,JPEG
P-sc_0153_00007.jpg,9299276,P-sc_0153.jpg,e8093ef5c010ca2d0fe645c09d68ada4,5096,6592,JPEG
P-sc_0153_00008.jpg,8806700,P-sc_0153.jpg,08633bc3d463f4b9a1a575c6ddc3242f,5096,6592,JPEG
P-sc_0153_00009.jpg,8747823,P-sc_0153.jpg,c89ec8578d9d46411cb219569a05bc51,5096,6592,JPEG
P-sc_0153_00010.jpg,9011453,P-sc_0153.jpg,4f5134ddc02aa01aa743efcf226b724a,5096,6592,JPEG
P-sc_0154_00001.jpg,8865536,P-sc_0154.jpg,868af8087d66d65979a5bf237dd9732d,5096,6608,JPEG
P-sc_0154_00002.jpg,8798125,P-sc_0154.jpg,9568be8f24022db36fa481a0f9339f3b,5096,6608,JPEG
P-sc_0154_00003.jpg,8978051,P-sc_0154.jpg,fe36c7c98f746c0c6061026cfc4eaea2,5096,6608,JPEG
P-sc_0154_00004.jpg,8982605,P-sc_0154.jpg,74def1ecb1c1432ecaed3aeccdb02a99,5096,6608,JPEG
P-sc_0154_00005.jpg,8830709,P-sc_0154.jpg,6efb4d3a860ace1afaf3bdf5c10197c2,5096,6608,JPEG
P-sc_0154_00006.jpg,8597571,P-sc_0154.jpg,0e1433b33f4d2f9aacd487befe6a564c,5096,6608,JPEG
P-sc_0154_00007.jpg,8731937,P-sc_0154.jpg,4e40785ed4e6ea2b3ff5b12992b5205b,5096,6608,JPEG
P-sc_0154_00008.jpg,8864590,P-sc_0154.jpg,598f8048a08823646c3328a8dd897aeb,5096,6608,JPEG
P-sc_0154_00009.jpg,8798231,P-sc_0154.jpg,253d31d546b908a3eb543afe4f488af2,5096,6608,JPEG
P-sc_0154_00010.jpg,8491262,P-sc_0154.jpg,18dd5e5df2b399318702b3bbb9ef5ad3,5096,6608,JPEG
P-sc_0155_00001.jpg,8450362,P-sc_0155.jpg,c25988505d82aaddcb85a962de4ecd2e,5096,6600,JPEG
P-sc_0155_00002.jpg,8854545,P-sc_0155.jpg,f876a37c7d5100bb70aa9f3ab7473f2c,5096,6600,JPEG
P-sc_0155_00003.jpg,8669114,P-sc_0155.jpg,f1b94959dac31d41aa8ff548020114f5,5096,6600,JPEG
P-sc_0155_00004.jpg,8583712,P-sc_0155.jpg,e93ea82fd23b4f1b777af133c8831692,5096,6600,JPEG
P-sc_0155_00005.jpg,9122631,P-sc_0155.jpg,7201b4f57af605042bb6b75a13dd8f9d,5096,6600,JPEG
P-sc_0155_00006.jpg,8491023,P-sc_0155.jpg,0baed7f58f05ce1bef96e22be1381eef,5096,6600,JPEG
P-sc_0155_00007.jpg,9010644,P-sc_0155.jpg,27a9c0b6b216557974c951bcf91cbf87,5096,6600,JPEG
P-sc_0155_00008.jpg,8681862,P-sc_0155.jpg,1b9b2ae9aafc234036d51de41552481d,5096,6600,JPEG
P-sc_0155_00009.jpg,8378650,P-sc_0155.jpg,0497fcdc43a59d2104dca18f81bddad6,5096,6600,JPEG
P-sc_0155_00010.jpg,8666770,P-sc_0155.jpg,c2a289ba008bea7149ff4fb8a186971f,5096,6600,JPEG
P-sc_0156_00001.jpg,7651395,P-sc_0156.jpg,ef7123b53ae50991ba8ce25e72e77c27,5024,6568,JPEG
P-sc_0156_00002.jpg,7325918,P-sc_0156.jpg,b2b1b41b4c3e8233b0e0430fd35a7710,5024,6568,JPEG
P-sc_0156_00003.jpg,7797144,P-sc_0156.jpg,07320214e3228fc68fbb9a030559ccf0,5024,6568,JPEG
P-sc_0156_00004.jpg,7652343,P-sc_0156.jpg,8d7d59b970c4d666644d15b7fa37e334,5024,6568,JPEG
P-sc_0156_00005.jpg,7493620,P-sc_0156.jpg,449f52195a5d3858c4c6ed75f09b1687,5024,6568,JPEG
P-sc_0156_00006.jpg,7715501,P-sc_0156.jpg,29a31bbb9c44a3d9b0c89ca570ec02da,5024,6568,JPEG
P-sc_0156_00007.jpg,7771297,P-sc_0156.jpg,157a5e87e6cec641f0e57c86d3312428,5024,6568,JPEG
P-sc_0156_00008.jpg,7513147,P-sc_0156.jpg,fe76a376a14d902413e475dbda271d36,5024,6568,JPEG
P-sc_0156_00009.jpg,7441637,P-sc_0156.jpg,0430b65494e06077f262a8ee18d119d0,5024,6568,JPEG
P-sc_0156_00010.jpg,7467242,P-sc_0156.jpg,5c8dc2b51e9bc51fc6c5ae718b5a67e3,5024,6568,JPEG
P-sc_0157_00001.jpg,6122855,P-sc_0157.jpg,bc89f5fa8c47eea0cd4ace627b1aa035,6584,2990,JPEG
P-sc_0157_00002.jpg,6341636,P-sc_0157.jpg,59420c9668748bb2c61cb356659c3229,6584,2990,JPEG
P-sc_0157_00003.jpg,6237179,P-sc_0157.jpg,fc7fc44f45a8bf96b2e6e5f3b46ff3d8,6584,2990,JPEG
P-sc_0157_00004.jpg,6571816,P-sc_0157.jpg,1b23a95d7233f908504e0a306dd2a9a3,6584,2990,JPEG
P-sc_0157_00005.jpg,6199107,P-sc_0157.jpg,5eb29d74dc2102d5140830cc681a36c3,6584,2990,JPEG
P-sc_0157_00006.jpg,6534180,P-sc_0157.jpg,85b1f780e152229f102cbaabd554da8e,6584,2990,JPEG
P-sc_0157_00007.jpg,6475803,P-sc_0157.jpg,c734f9b3b59ca639c30c0fbe0cf4d277,6584,2990,JPEG
P-sc_0157_00008.jpg,6134988,P-sc_0157.jpg,ea439c3d44175e1efd8a919d3481caf2,6584,2990,JPEG
P-sc_0157_00009.jpg,6753627,P-sc_0157.jpg,d504ba93e6f81d2cc58d56ce94e8cd70,6584,2990,JPEG
P-sc_0157_00010.jpg,6193281,P-sc_0157.jpg,57bf854ed248fae9eba56e9aad3f2bfd,6584,2990,JPEG
P-sc_0158_00001.jpg,5609059,P-sc_0158.jpg,29f9151fe6645f8e5a47a6b767afad31,4368,4103,JPEG
P-sc_0158_00002.jpg,5438457,P-sc_0158.jpg,62c2f86d48ff2d71ecd8c1d8c78c37dc,4368,4103,JPEG
P-sc_0158_00003.jpg,5540191,P-sc_0158.jpg,f3862eb9b2d39edd30d27a2edd381385,4368,4103,JPEG
P-sc_0158_00004.jpg,5403151,P-sc_0158.jpg,92f7f2dbaf14023abc2975f4fae7c468,4368,4103,JPEG
P-sc_0158_00005.jpg,5595997,P-sc_0158.jpg,7aa61a81bd7c0e487880d7eadbf28982,4368,4103,JPEG
P-sc_0158_00006.jpg,5710688,P-sc_0158.jpg,7f730ff7026d9027a5056ebe7d9bebc9,4368,4103,JPEG
P-sc_0158_00007.jpg,5433155,P-sc_0158.jpg,77b3bad420a747cccc4ae39f6c4c2f46,4368,4103,JPEG
P-sc_0158_00008.jpg,5740016,P-sc_0158.jpg,ca4aad8cdccfefc1f123c15d0dc27e72,4368,4103,JPEG
P-sc_0158_00009.jpg,5923277,P-sc_0158.jpg,2df3fe5e646a17347b30c66964519868,4368,4103,JPEG
P-sc_0158_00010.jpg,5638622,P-sc_0158.jpg,6f100384782e4e40092413767fc639a2,4368,4103,JPEG
P-sc_0159_00001.jpg,4723414,P-sc_0159.jpg,00bef6a1d65c92198be67e0edc24b273,4011,4291,JPEG
P-sc_0159_00002.jpg,4800658,P-sc_0159.jpg,545caf7651f767c6ca6f23bd745593f1,4011,4291,JPEG
P-sc_0159_00003.jpg,4704327,P-sc_0159.jpg,1e6da1bad1d298cfcf7ff755dd2100fd,4011,4291,JPEG
P-sc_0159_00004.jpg,4774758,P-sc_0159.jpg,72c3c9a82701c43e5b34698574d132a4,4011,4291,JPEG
P-sc_0159_00005.jpg,4636284,P-sc_0159.jpg,7c93ca5792c881efe15efb540bc1bd92,4011,4291,JPEG
P-sc_0159_00006.jpg,4467629,P-sc_0159.jpg,f5d46c2cb1774a10947550e149859007,4011,4291,JPEG
P-sc_0159_00007.jpg,4442949,P-sc_0159.jpg,3b97cfac2f5e853b712ad0eed9db6349,4011,4291,JPEG
P-sc_0159_00008.jpg,4774844,P-sc_0159.jpg,2102e078ec31fa9bc872e6189131439b,4011,4291,JPEG
P-sc_0159_00009.jpg,4425735,P-sc_0159.jpg,30c3233b6017f31829c1a749b3f64698,4011,4291,JPEG
P-sc_0159_00010.jpg,4456147,P-sc_0159.jpg,b3f8842d3bbb80d239da91f2ad0fd845,4011,4291,JPEG
P-sc_0160_00001.jpg,6128607,P-sc_0160.jpg,afd836880dbd009fe525a45fb8e10573,4393,4784,JPEG
P-sc_0160_00002.jpg,5979977,P-sc_0160.jpg,c9e9aedb9fda8d5f0abc002a65553f0a,4393,4784,JPEG
P-sc_0160_00003.jpg,6132273,P-sc_0160.jpg,6cfcc46a6750ec0dea8f71e0058f342b,4393,4784,JPEG
P-sc_0160_00004.jpg,5583872,P-sc_0160.jpg,704e5192db641499ab50128066c1b12d,4393,4784,JPEG
P-sc_0160_00005.jpg,5854339,P-sc_0160.jpg,bf8297eb9306855b45bab1a058b665fb,4393,4784,JPEG
P-sc_0160_00006.jpg,5527564,P-sc_0160.jpg,a65f3efc51e26d5ca8783b70327b1d80,4393,4784,JPEG
P-sc_0160_00007.jpg,5404684,P-sc_0160.jpg,eaea02ad63b1bc7956088f4cb8c4a932,4393,4784,JPEG
P-sc_0160_00008.jpg,5526579,P-sc_0160.jpg,5e8630f59ec3152c36c478879f6eb995,4393,4784,JPEG
P-sc_0160_00009.jpg,5496932,P-sc_0160.jpg,cbd26be7659531368b3fa9018217e0bd,4393,4784,JPEG
P-sc_0160_00010.jpg,5485659,P-sc_0160.jpg,5545d02e27455a45a32800971d43f64f,4393,4784,JPEG
P-sc_0161_00001.jpg,8076587,P-sc_0161.jpg,befca5db32a93cdd8d2e71bc100cf650,5096,5327,JPEG
P-sc_0161_00002.jpg,8577054,P-sc_0161.jpg,fccbeb6168d8dd8e5e795485d6d98164,5096,5327,JPEG
P-sc_0161_00003.jpg,8040680,P-sc_0161.jpg,7324a22a333ef52f139e09db5648caf4,5096,5327,JPEG
P-sc_0161_00004.jpg,8237985,P-sc_0161.jpg,77d191d4534f8d4dde0f08969fc9a106,5096,5327,JPEG
P-sc_0161_00005.jpg,8324112,P-sc_0161.jpg,cbad0e09676fdedf3a3a7bb30889465d,5096,5327,JPEG
P-sc_0161_00006.jpg,7990709,P-sc_0161.jpg,0a1d344da0a4a362a0174207fef6ea6d,5096,5327,JPEG
P-sc_0161_00007.jpg,7942612,P-sc_0161.jpg,cd45d1f41156039be9508d9622c7a9bf,5096,5327,JPEG
P-sc_0161_00008.jpg,8032473,P-sc_0161.jpg,ef67f2c202832c6bf72f80df2f7da2ae,5096,5327,JPEG
P-sc_0161_00009.jpg,8342723,P-sc_0161.jpg,f6ed57ef16c596c859d9d33bdb37ffd4,5096,5327,JPEG
P-sc_0161_00010.jpg,7928043,P-sc_0161.jpg,238d08362756b2c6940c54bbe2f679d9,5096,5327,JPEG
P-sc_0162_00001.jpg,3456157,P-sc_0162.jpg,948ae8917a42c41adf8f00bf8f0a7ed4,4937,2405,JPEG
P-sc_0162_00002.jpg,3829945,P-sc_0162.jpg,fca038d67aba0a9d5aec7b0bf99153cd,4937,2405,JPEG
P-sc_0162_00003.jpg,3077586,P-sc_0162.jpg,af877149764ae162228fbb89e5648ff3,4937,2405,JPEG
P-sc_0162_00004.jpg,3090878,P-sc_0162.jpg,7254afe0297ee4b43b2847906082b2d6,4937,2405,JPEG
P-sc_0162_00005.jpg,3044932,P-sc_0162.jpg,700a64208fb24af17c916325470e8608,4937,2405,JPEG
P-sc_0162_00006.jpg,3725148,P-sc_0162.jpg,2942ac1b23f2197b3b38b7653d51769d,4937,2405,JPEG
P-sc_0162_00007.jpg,3420831,P-sc_0162.jpg,cd63ba9fcb73b5959b82eb33668d8910,4937,2405,JPEG
P-sc_0162_00008.jpg,3328976,P-sc_0162.jpg,03879e3a20fdd3159cb68d9a949a43f2,4937,2405,JPEG
P-sc_0162_00009.jpg,3055961,P-sc_0162.jpg,5f4e1427d0728877b64329049c5c012f,4937,2405,JPEG
P-sc_0162_00010.jpg,3478124,P-sc_0162.jpg,89b172ff66bf0f154f6a7355aa960178,4937,2405,JPEG
P-sc_0163_00001.jpg,5112625,P-sc_0163.jpg,d23a2301b2c14c036401fa02f9689728,3960,4302,JPEG
P-sc_0163_00002.jpg,5361773,P-sc_0163.jpg,569e13ce79216263329b476bf62e7d86,3960,4302,JPEG
P-sc_0163_00003.jpg,5295826,P-sc_0163.jpg,dc0aeca34adb6d0fd3f586ea6a512912,3960,4302,JPEG
P-sc_0163_00004.jpg,5123357,P-sc_0163.jpg,b2a374fd72ad9003d06f5e909eec15bf,3960,4302,JPEG
P-sc_0163_00005.jpg,5033364,P-sc_0163.jpg,5344357d0bbd0b695bfa3668d69a23a0,3960,4302,JPEG
P-sc_0163_00006.jpg,4924380,P-sc_0163.jpg,16d7aa396e8eec5aaeddbc4a54cadd4c,3960,4302,JPEG
P-sc_0163_00007.jpg,5057489,P-sc_0163.jpg,fa7c54c927147b24d1c5c8b450faaf54,3960,4302,JPEG
P-sc_0163_00008.jpg,5062514,P-sc_0163.jpg,c4e8679251eb8338b8b6206341b16a6b,3960,4302,JPEG
P-sc_0163_00009.jpg,4980252,P-sc_0163.jpg,d745cef93baa72fee2f0adefc6494874,3960,4302,JPEG
P-sc_0163_00010.jpg,4923380,P-sc_0163.jpg,3039adab149b71b8ccd21f6099a0cce6,3960,4302,JPEG
P-sc_0164_00001.jpg,4869772,P-sc_0164.jpg,6ab2f31f0795736fb41d137c51f1a353,3683,4825,JPEG
P-sc_0164_00002.jpg,4917701,P-sc_0164.jpg,3acf6451cf5185841f39bab21a5e004f,3683,4825,JPEG
P-sc_0164_00003.jpg,4791338,P-sc_0164.jpg,964f4da3d84b78d77e83c31276498f4e,3683,4825,JPEG
P-sc_0164_00004.jpg,4968783,P-sc_0164.jpg,b1f31c6b7204283ddf3c44f29ef5f8d0,3683,4825,JPEG
P-sc_0164_00005.jpg,4887071,P-sc_0164.jpg,dda1daa6508c3a2ff5ffa6deb499611b,3683,4825,JPEG
P-sc_0164_00006.jpg,5040614,P-sc_0164.jpg,351325a78745bf8ea1c81c95fd02cf90,3683,4825,JPEG
P-sc_0164_00007.jpg,4883186,P-sc_0164.jpg,1de858a1d86a7d3fd50f32e7eaa2baea,3683,4825,JPEG
P-sc_0164_00008.jpg,4958500,P-sc_0164.jpg,fa406d6d6dfda49b29b171682a2d1750,3683,4825,JPEG
P-sc_0164_00009.jpg,4922027,P-sc_0164.jpg,29ab22d3ea6c37be85f0f45c545ec907,3683,4825,JPEG
P-sc_0164_00010.jpg,5092758,P-sc_0164.jpg,ba054814b0cadbb9615f4a7a115748ab,3683,4825,JPEG
P-sc_0165_00001.jpg,7307465,P-sc_0165.jpg,65bb4075a2bab10c8979b2e94be72ffd,5733,4524,JPEG
P-sc_0165_00002.jpg,7067332,P-sc_0165.jpg,5c0f65085d874764da69c97989b8e12f,5733,4524,JPEG
P-sc_0165_00003.jpg,7050641,P-sc_0165.jpg,9a375d1691741e58245bf63ad2e4b125,5733,4524,JPEG
P-sc_0165_00004.jpg,7221248,P-sc_0165.jpg,7639ee728eb995ae0a659e87b25e8aad,5733,4524,JPEG
P-sc_0165_00005.jpg,7073012,P-sc_0165.jpg,3e05ddc65ea56290672e5ca3295cda69,5733,4524,JPEG
P-sc_0165_00006.jpg,7126956,P-sc_0165.jpg,6228c7ec7f877f204179e1216809ab58,5733,4524,JPEG
P-sc_0165_00007.jpg,6967639,P-sc_0165.jpg,8e83c5d7e85972057b3873e13d35700d,5733,4524,JPEG
P-sc_0165_00008.jpg,7268982,P-sc_0165.jpg,f7a65fcc1d8d0b86765bca279a7d24cc,5733,4524,JPEG
P-sc_0165_00009.jpg,7361491,P-sc_0165.jpg,360146a23017fa47655eead6fa1fa654,5733,4524,JPEG
P-sc_0165_00010.jpg,7335440,P-sc_0165.jpg,85212ab939965336456327bc166c002b,5733,4524,JPEG
P-sc_0166_00001.jpg,8738483,P-sc_0166.jpg,99ac258701b442c9293952f621764959,5096,6616,JPEG
P-sc_0166_00002.jpg,8894422,P-sc_0166.jpg,392530d3b4e67e01935d9f9a9a3efa6d,5096,6616,JPEG
P-sc_0166_00003.jpg,8709956,P-sc_0166.jpg,e96c54b1b2653895064f6268af67ebf9,5096,6616,JPEG
P-sc_0166_00004.jpg,8657516,P-sc_0166.jpg,ac089e001dcdd0c4e958520901974c6a,5096,6616,JPEG
P-sc_0166_00005.jpg,9008839,P-sc_0166.jpg,92b3dec727c6c86c330c9d41941a96f6,5096,6616,JPEG
P-sc_0166_00006.jpg,8685977,P-sc_0166.jpg,e3fee9b84d0b95c9f3d7a14e43419c63,5096,6616,JPEG
P-sc_0166_00007.jpg,8976752,P-sc_0166.jpg,f0cd8d79df0c4668f0338b952dda0f23,5096,6616,JPEG
P-sc_0166_00008.jpg,8795351,P-sc_0166.jpg,65c1af979b28043079f5cf378126e0d6,5096,6616,JPEG
P-sc_0166_00009.jpg,9134085,P-sc_0166.jpg,7ca0d228c654de649797e0cf1b67fceb,5096,6616,JPEG
P-sc_0166_00010.jpg,8896685,P-sc_0166.jpg,f11f6f23da2591fac20c26fd67b3bd67,5096,6616,JPEG
P-sc_0167_00001.jpg,9122620,P-sc_0167.jpg,e3ac2621b8d1d07e418933099956cf6f,5096,6648,JPEG
P-sc_0167_00002.jpg,9004227,P-sc_0167.jpg,5a6a4578222ffbca686a028fdc94ac31,5096,6648,JPEG
P-sc_0167_00003.jpg,8989294,P-sc_0167.jpg,f068d464118a75ee2ae8399cb06dfd51,5096,6648,JPEG
P-sc_0167_00004.jpg,9322564,P-sc_0167.jpg,da0379325a73c9e7a4b6172c716d0fdb,5096,6648,JPEG
P-sc_0167_00005.jpg,9030573,P-sc_0167.jpg,4aee3fbefc8634aa09232d6f2895f9e1,5096,6648,JPEG
P-sc_0167_00006.jpg,9023166,P-sc_0167.jpg,e4ab29dc639adea3c24f5874c0d272b3,5096,6648,JPEG
P-sc_0167_00007.jpg,8959819,P-sc_0167.jpg,83bb175e0d762e11ecfdd90da953e707,5096,6648,JPEG
P-sc_0167_00008.jpg,9078738,P-sc_0167.jpg,44a62e56be8ab9658d0d09dce2dd9ec6,5096,6648,JPEG
P-sc_0167_00009.jpg,8813035,P-sc_0167.jpg,c4319a99896f4f04236937ec80c97521,5096,6648,JPEG
P-sc_0167_00010.jpg,8806801,P-sc_0167.jpg,48eef593d32533580284cd01707d8bc3,5096,6648,JPEG
P-sc_0170_00001.jpg,8378377,P-sc_0170.jpg,552b5a764a4c16d5757de7f2a674c007,4768,6256,JPEG
P-sc_0170_00002.jpg,8173603,P-sc_0170.jpg,8974c9fa2de2eb6de3d5a582e1bc8fda,4768,6256,JPEG
P-sc_0170_00003.jpg,7886722,P-sc_0170.jpg,52e081566fabb8966c9995f8168c90f3,4768,6256,JPEG
P-sc_0170_00004.jpg,8579795,P-sc_0170.jpg,35ba845c27c068a985b07d6de99aea9d,4768,6256,JPEG
P-sc_0170_00005.jpg,8153829,P-sc_0170.jpg,c02519cf9037b389c089765fc9d1279b,4768,6256,JPEG
P-sc_0170_00006.jpg,7881854,P-sc_0170.jpg,85b53386b46a3cb08a54b8cea7767129,4768,6256,JPEG
P-sc_0170_00007.jpg,7964135,P-sc_0170.jpg,3e3ccbd2e74dbcb1350c577ef71de9f8,4768,6256,JPEG
P-sc_0170_00008.jpg,7898362,P-sc_0170.jpg,946e8ee331309d3759678e6ee51c6c13,4768,6256,JPEG
P-sc_0170_00009.jpg,7946709,P-sc_0170.jpg,cd1ac00ca87903e7fda122452bb7ff5b,4768,6256,JPEG
P-sc_0170_00010.jpg,8080986,P-sc_0170.jpg,fd196343a906d91e82e38407539266ef,4768,6256,JPEG
P-sc_0171_00001.jpg,7672879,P-sc_0171.jpg,abacb05d9f7eaf0c1c2488d5662e3014,4744,6240,JPEG
P-sc_0171_00002.jpg,7330274,P-sc_0171.jpg,a0e2c35fb34349da96fc5e916625dca8,4744,6240,JPEG
P-sc_0171_00003.jpg,7524196,P-sc_0171.jpg,d8becf5843aafe7eed9112fd82e8cbe0,4744,6240,JPEG
P-sc_0171_00004.jpg,7527046,P-sc_0171.jpg,35ed47ba70a35e9cae7e8c68ebfeaff3,4744,6240,JPEG
P-sc_0171_00005.jpg,7703203,P-sc_0171.jpg,fdb362ff98511b8df75b5ea7dbabd858,4744,6240,JPEG
P-sc_0171_00006.jpg,7689522,P-sc_0171.jpg,dda3baca868bac09f5474929c46e0108,4744,6240,JPEG
P-sc_0171_00007.jpg,7508419,P-sc_0171.jpg,9141f51dbd63b96e633abb4eda426d06,4744,6240,JPEG
P-sc_0171_00008.jpg,7677481,P-sc_0171.jpg,b4c2396559e27d3de0d4c8d524cc17fc,4744,6240,JPEG
P-sc_0171_00009.jpg,8076091,P-sc_0171.jpg,1da67fab5c775764c020b11b934df520,4744,6240,JPEG
P-sc_0171_00010.jpg,7358993,P-sc_0171.jpg,24b11846ba61c5f08877dfb60d219c2d,4744,6240,JPEG
P-sc_0172_00001.jpg,7640470,P-sc_0172.jpg,54be130e996c08cf19bd84667919db07,4760,6232,JPEG
P-sc_0172_00002.jpg,7698966,P-sc_0172.jpg,02b83555416d402f79b4b2a3af34b981,4760,6232,JPEG
P-sc_0172_00003.jpg,7546308,P-sc_0172.jpg,7e6fd7ace1909a05488d5eaf95ce7718,4760,6232,JPEG
P-sc_0172_00004.jpg,7677295,P-sc_0172.jpg,3de34722feb4bc2f20c9531d61e59a91,4760,6232,JPEG
P-sc_0172_00005.jpg,7921369,P-sc_0172.jpg,1e92da8811db8bb255a7063cf9045772,4760,6232,JPEG
P-sc_0172_00006.jpg,7921205,P-sc_0172.jpg,31c66a794fdffd13f2ccd530f93692d9,4760,6232,JPEG
P-sc_0172_00007.jpg,7526285,P-sc_0172.jpg,1cf53133ab0985a4fcf89066dc33cb4e,4760,6232,JPEG
P-sc_0172_00008.jpg,7477798,P-sc_0172.jpg,67337e64d34a9fc0c10b9051f9c0e79b,4760,6232,JPEG
P-sc_0172_00009.jpg,7439318,P-sc_0172.jpg,3be0973cd578083f7735604b5e702a1e,4760,6232,JPEG
P-sc_0172_00010.jpg,7481559,P-sc_0172.jpg,f8624717e48d9db8e5eefdba25b2ebd4,4760,6232,JPEG
P-sc_0173_00001.jpg,7035900,P-sc_0173.jpg,6429192e4f71110cf54a1d591dba4f8b,4752,6296,JPEG
P-sc_0173_00002.jpg,7242820,P-sc_0173.jpg,fd2f21d30af19853140642e510a8d4ae,4752,6296,JPEG
P-sc_0173_00003.jpg,7066907,P-sc_0173.jpg,bfcbb6efa64e02bd5473c0508b5d1b81,4752,6296,JPEG
P-sc_0173_00004.jpg,6811631,P-sc_0173.jpg,0411e4f1d43c8c0eefc5c16611a806af,4752,6296,JPEG
P-sc_0173_00005.jpg,6950013,P-sc_0173.jpg,f5c3acd8fc7d6982b2a21b85173a25de,4752,6296,JPEG
P-sc_0173_00006.jpg,6769713,P-sc_0173.jpg,64049e17dcce2b16eceeb69da6b259a5,4752,6296,JPEG
P-sc_0173_00007.jpg,7105742,P-sc_0173.jpg,86d7eae1d4b8d515c2c5c2df4da3d075,4752,6296,JPEG
P-sc_0173_00008.jpg,7078447,P-sc_0173.jpg,b212d1f689db2e20d96c30d5fe28f1fd,4752,6296,JPEG
P-sc_0173_00009.jpg,6827715,P-sc_0173.jpg,d26a48d0fb11ee6565309a9b236f2f99,4752,6296,JPEG
P-sc_0173_00010.jpg,7088934,P-sc_0173.jpg,e1a51426ae345de0c4cb491f592d3a9d,4752,6296,JPEG
P-sc_0174_00001.jpg,7444752,P-sc_0174.jpg,df98bc98ec1a41dd3b935d866fc5c90f,4768,6296,JPEG
P-sc_0174_00002.jpg,7231879,P-sc_0174.jpg,c0282037b6635d612ea71126bf812320,4768,6296,JPEG
P-sc_0174_00003.jpg,7379626,P-sc_0174.jpg,0b9ba4ec9298c7e1d5ab8ee55f531fb9,4768,6296,JPEG
P-sc_0174_00004.jpg,7364981,P-sc_0174.jpg,427358ed577ef77e0126f8779f89418d,4768,6296,JPEG
P-sc_0174_00005.jpg,7503746,P-sc_0174.jpg,32a629eace524effcd3d59c7e6ad33d5,4768,6296,JPEG
P-sc_0174_00006.jpg,7410373,P-sc_0174.jpg,aed52c1e1d0826af3305d443a736a9d0,4768,6296,JPEG
P-sc_0174_00007.jpg,7579148,P-sc_0174.jpg,e346d08af96be42b5dd5ac83644700b7,4768,6296,JPEG
P-sc_0174_00008.jpg,7179206,P-sc_0174.jpg,227a332ffb3e9bb3c6d865a6ebee4a83,4768,6296,JPEG
P-sc_0174_00009.jpg,7268039,P-sc_0174.jpg,2af3a1467106a2285570bec2635a60dc,4768,6296,JPEG
P-sc_0174_00010.jpg,7397981,P-sc_0174.jpg,b9ce0081b51bc7be5832003a2ec85462,4768,6296,JPEG
P-sc_0180_00001.jpg,8246522,P-sc_0180.jpg,46ee3049dc8a8f53f1fa8909cc25caa0,5096,6616,JPEG
P-sc_0180_00002.jpg,8786614,P-sc_0180.jpg,52f739abfb6bdbfeced9f3070242dc7b,5096,6616,JPEG
P-sc_0180_00003.jpg,8332057,P-sc_0180.jpg,5c98262d4dba9e2de4cb27a906f66c48,5096,6616,JPEG
P-sc_0180_00004.jpg,8130483,P-sc_0180.jpg,dfa78e58dac1195dbf0a29d08008e9b3,5096,6616,JPEG
P-sc_0180_00005.jpg,8131413,P-sc_0180.jpg,54230b8ed8b934b0a8393cad5a473787,5096,6616,JPEG
P-sc_0180_00006.jpg,8252418,P-sc_0180.jpg,0fa1ba600932efc0e1c01a5deed54f17,5096,6616,JPEG
P-sc_0180_00007.jpg,8551404,P-sc_0180.jpg,469fb9dd762620cf9d51dde07187fcef,5096,6616,JPEG
P-sc_0180_00008.jpg,8162670,P-sc_0180.jpg,d91133a87f58a9af598f57519113d9a1,5096,6616,JPEG
P-sc_0180_00009.jpg,8160014,P-sc_0180.jpg,bae64accea7bcef7ee7c4d6386af0aa6,5096,6616,JPEG
P-sc_0180_00010.jpg,8092179,P-sc_0180.jpg,7522058987e11b47d921439091b3f126,5096,6616,JPEG
P-sc_0181_00001.jpg,8458457,P-sc_0181.jpg,d4e717c7efe6e12dc10852b725997951,5096,6600,JPEG
P-sc_0181_00002.jpg,8498626,P-sc_0181.jpg,9b887596dc40e38591e0dd11b9f669b8,5096,6600,JPEG
P-sc_0181_00003.jpg,8333176,P-sc_0181.jpg,c4df0dffd0e6ee546c304aeb91c66c48,5096,6600,JPEG
P-sc_0181_00004.jpg,8283093,P-sc_0181.jpg,fe5abcdd2980af73a4b88c1e0b7fc4af,5096,6600,JPEG
P-sc_0181_00005.jpg,8272699,P-sc_0181.jpg,6dc25a786cb800fcb8fd02de5cb56a0a,5096,6600,JPEG
P-sc_0181_00006.jpg,8054534,P-sc_0181.jpg,c90b5e1ba4fe709a87e6be9306915200,5096,6600,JPEG
P-sc_0181_00007.jpg,8007427,P-sc_0181.jpg,de611885f459868db15ef876905fc65f,5096,6600,JPEG
P-sc_0181_00008.jpg,7990210,P-sc_0181.jpg,81ee86061acbc4b7ccba287b20b5a7cd,5096,6600,JPEG
P-sc_0181_00009.jpg,8310547,P-sc_0181.jpg,a6bdd72b916f05368750b43fd32e0558,5096,6600,JPEG
P-sc_0181_00010.jpg,8086967,P-sc_0181.jpg,5b5a8e09d011752ea1c2a349d8951a03,5096,6600,JPEG
P-sc_0182_00001.jpg,9131407,P-sc_0182.jpg,c77fff367eed6006b30a9479e1dd8025,5096,6592,JPEG
P-sc_0182_00002.jpg,9247453,P-sc_0182.jpg,da4396c7ffa43aad0414d0edf83b6ca2,5096,6592,JPEG
P-sc_0182_00003.jpg,9118936,P-sc_0182.jpg,25a1d3197499546edd74aea2dac49e4f,5096,6592,JPEG
P-sc_0182_00004.jpg,9155041,P-sc_0182.jpg,919876c9c94a421b3c9b888b50ee883b,5096,6592,JPEG
P-sc_0182_00005.jpg,8880675,P-sc_0182.jpg,c6dc15097dc5a426c702acee3bb914cd,5096,6592,JPEG
P-sc_0182_00006.jpg,9291614,P-sc_0182.jpg,5f8f7604d819296e4b96e7a62d2a3e95,5096,6592,JPEG
P-sc_0182_00007.jpg,8910196,P-sc_0182.jpg,cbad3914856437c663d65a62008de7c2,5096,6592,JPEG
P-sc_0182_00008.jpg,9032705,P-sc_0182.jpg,4f3da55b4620d7cc346c40081922b57b,5096,6592,JPEG
P-sc_0182_00009.jpg,9078657,P-sc_0182.jpg,c37ad2890c487e54cdf386fda9889958,5096,6592,JPEG
P-sc_0182_00010.jpg,9094013,P-sc_0182.jpg,31740571db295691b59f486dde42381e,5096,6592,JPEG
P-sc_0183_00001.jpg,7624965,P-sc_0183.jpg,ac83e17bf5e1d4cb015f09c2e76cf1b4,4736,6304,JPEG
P-sc_0183_00002.jpg,7025317,P-sc_0183.jpg,0bb275d53eb85a612f197b4be170065d,4736,6304,JPEG
P-sc_0183_00003.jpg,7148327,P-sc_0183.jpg,a5f4f61b1ad3c99a2dfba16fadae9c0e,4736,6304,JPEG
P-sc_0183_00004.jpg,7153186,P-sc_0183.jpg,4abff1440a0e2e72c9a0979edefe7c96,4736,6304,JPEG
P-sc_0183_00005.jpg,7334696,P-sc_0183.jpg,7001af8d280bb5664da2ae7b0c60e7ed,4736,6304,JPEG
P-sc_0183_00006.jpg,7455058,P-sc_0183.jpg,2e62469c15693081df0b2458c52e5123,4736,6304,JPEG
P-sc_0183_00007.jpg,7257226,P-sc_0183.jpg,b098078c84ea7a225d5476ba3851ebb6,4736,6304,JPEG
P-sc_0183_00008.jpg,7181282,P-sc_0183.jpg,fd8d32a35290d2980f5e4d4d80524e01,4736,6304,JPEG
P-sc_0183_00009.jpg,6893040,P-sc_0183.jpg,7b0f54b1b3f818d8cd94b282736ac492,4736,6304,JPEG
P-sc_0183_00010.jpg,7444339,P-sc_0183.jpg,f38ef288338c0cbfe3e1d98b4d22f80b,4736,6304,JPEG
P-sc_0184_00001.jpg,7832186,P-sc_0184.jpg,c66dbc5248ac6ab878478c46583e1768,4744,6288,JPEG
P-sc_0184_00002.jpg,7371209,P-sc_0184.jpg,190de27697219c239c223950521b01b9,4744,6288,JPEG
P-sc_0184_00003.jpg,7531789,P-sc_0184.jpg,ecdbbecff752b03237488fd9ede7cba1,4744,6288,JPEG
P-sc_0184_00004.jpg,7327758,P-sc_0184.jpg,e5582b2ddfdb67cd256d97aed1948e13,4744,6288,JPEG
P-sc_0184_00005.jpg,7430577,P-sc_0184.jpg,357571721db649490a7b663b7a0acfca,4744,6288,JPEG
P-sc_0184_00006.jpg,7480344,P-sc_0184.jpg,980527fbdb9de495865064b94e9af808,4744,6288,JPEG
P-sc_0184_00007.jpg,7540287,P-sc_0184.jpg,a687b07a9d088951dcdd2c27481ba289,4744,6288,JPEG
P-sc_0184_00008.jpg,7446225,P-sc_0184.jpg,7d1d215a1136002aab6cc4c7ce25905b,4744,6288,JPEG
P-sc_0184_00009.jpg,7327527,P-sc_0184.jpg,1a274ad3b568fc48f81783c9866ec6be,4744,6288,JPEG
P-sc_0184_00010.jpg,7650944,P-sc_0184.jpg,4a41682c49a0b1be9c15513955fa5862,4744,6288,JPEG
P-sc_0185_00001.jpg,7652499,P-sc_0185.jpg,5ef380ed76f67a119f25aa09eb56d342,4776,6272,JPEG
P-sc_0185_00002.jpg,7381960,P-sc_0185.jpg,86a41722b965381c8ac0b0378dda4be3,4776,6272,JPEG
P-sc_0185_00003.jpg,7386920,P-sc_0185.jpg,db714a8ae3695c3f0e08f827f14d24eb,4776,6272,JPEG
P-sc_0185_00004.jpg,7405076,P-sc_0185.jpg,365a91fad4f5c1bc6e7fae2676157ceb,4776,6272,JPEG
P-sc_0185_00005.jpg,7479989,P-sc_0185.jpg,c7ad0458b0295e454d07216c317aa0e2,4776,6272,JPEG
P-sc_0185_00006.jpg,7600034,P-sc_0185.jpg,85c11303a23f3420e77d1960a3dc0449,4776,6272,JPEG
P-sc_0185_00007.jpg,7589147,P-sc_0185.jpg,6b78261a9fd4888530c398b607559133,4776,6272,JPEG
P-sc_0185_00008.jpg,7628218,P-sc_0185.jpg,2694109bedf394950b712dbee5b63cd9,4776,6272,JPEG
P-sc_0185_00009.jpg,7376140,P-sc_0185.jpg,05bcb76d1a7c9c99297c5ea8a6ed5da7,4776,6272,JPEG
P-sc_0185_00010.jpg,7986672,P-sc_0185.jpg,fea8334448796627a3653bc87c5401b6,4776,6272,JPEG
P-sc_0186_00001.jpg,4770964,P-sc_0186.jpg,8737ad0415bc6a7768bce49df98e18fa,4016,3433,JPEG
P-sc_0186_00002.jpg,4350046,P-sc_0186.jpg,a5f1082462032c6677e25be12d24245d,4016,3433,JPEG
P-sc_0186_00003.jpg,4573205,P-sc_0186.jpg,14da0bdf1444ab94cf393f60272499e6,4016,3433,JPEG
P-sc_0186_00004.jpg,5059405,P-sc_0186.jpg,49a58b1aab617b601dad44dfbdbe3df7,4016,3433,JPEG
P-sc_0186_00005.jpg,4428448,P-sc_0186.jpg,55a12318c3b7611d194fa0d3b4f70a55,4016,3433,JPEG
P-sc_0186_00006.jpg,4372687,P-sc_0186.jpg,9e74c5ae60231b0038d447723c52463b,4016,3433,JPEG
P-sc_0186_00007.jpg,4563953,P-sc_0186.jpg,48a6d9d9ff31042a0f75c9c5d7716d81,4016,3433,JPEG
P-sc_0186_00008.jpg,4382310,P-sc_0186.jpg,95adb3e14963d38c93f3308f1c23726d,4016,3433,JPEG
P-sc_0186_00009.jpg,4619178,P-sc_0186.jpg,7bbf829d41501dd8fe4f30cdb3f9d018,4016,3433,JPEG
P-sc_0186_00010.jpg,4194489,P-sc_0186.jpg,c1459f1e861337fc3ac4822b9d0b4153,4016,3433,JPEG
P-sc_0187_00001.jpg,2309088,P-sc_0187.jpg,e7c2e6b1ce717f6e1700b361eb392632,3566,2065,JPEG
P-sc_0187_00002.jpg,2552068,P-sc_0187.jpg,e1e59626e0f1d6667624824265cd7a22,3566,2065,JPEG
P-sc_0187_00003.jpg,2255078,P-sc_0187.jpg,466bbd169adae8ae6d8cbcb49c336928,3566,2065,JPEG
P-sc_0187_00004.jpg,2752281,P-sc_0187.jpg,aa768c66221468bbbc29e75c9174389b,3566,2065,JPEG
P-sc_0187_00005.jpg,2276136,P-sc_0187.jpg,36a0e1111ceefe7b0b384e86281e027c,3566,2065,JPEG
P-sc_0187_00006.jpg,2310107,P-sc_0187.jpg,cfc6100966851a6db01593325f6f6af0,3566,2065,JPEG
P-sc_0187_00007.jpg,2572739,P-sc_0187.jpg,e002ecf8a5c6ee6ad3d493835bd7addd,3566,2065,JPEG
P-sc_0187_00008.jpg,2344134,P-sc_0187.jpg,c48583ed1747d8dd34883331868015c3,3566,2065,JPEG
P-sc_0187_00009.jpg,2477072,P-sc_0187.jpg,9391b57544ec7d714781f1f0cfdbd440,3566,2065,JPEG
P-sc_0187_00010.jpg,2435971,P-sc_0187.jpg,8adfe4ed21d67478201aed2c562ec84d,3566,2065,JPEG
P-sc_0190_00001.jpg,2159947,P-sc_0190.jpg,f21612b3cb97ef4f17fee44032f9e3e2,3228,4072,JPEG
P-sc_0190_00002.jpg,2606345,P-sc_0190.jpg,b0d1ce1f5b805edfe3f272fe8848580e,3228,4072,JPEG
P-sc_0190_00003.jpg,2664094,P-sc_0190.jpg,2c2203fb5cbf55a454df2dd316f5bdd9,3228,4072,JPEG
P-sc_0190_00004.jpg,2254993,P-sc_0190.jpg,04cfe12d0626b1f106b0224aa5badada,3228,4072,JPEG
P-sc_0190_00005.jpg,2469169,P-sc_0190.jpg,2668d43a1ef5e8f8d5621eeb5dafe051,3228,4072,JPEG
P-sc_0190_00006.jpg,2282239,P-sc_0190.jpg,70f0ff4399415c71b5b88187797cf7bd,3228,4072,JPEG
P-sc_0190_00007.jpg,2097467,P-sc_0190.jpg,abcddc94ba85dbb32bc8d85a1c657079,3228,4072,JPEG
P-sc_0190_00008.jpg,2260730,P-sc_0190.jpg,1b5cf1e6091ab25a5057edf4c395b292,3228,4072,JPEG
P-sc_0190_00009.jpg,2366578,P-sc_0190.jpg,209245399287b84708e06ad5eb1f37e1,3228,4072,JPEG
P-sc_0190_00010.jpg,2222486,P-sc_0190.jpg,b44d795b3bf4e42af7ed38fc1d72ac10,3228,4072,JPEG
Sketch50s_0001_00001.jpg,8147732,Sketch50s_0001.jpg,91a9df57eb432d40278a0e6dee2afe95,5096,6616,JPEG
Sketch50s_0001_00002.jpg,8422922,Sketch50s_0001.jpg,a9ccda9986bb6ecdd7c33ae43aeead94,5096,6616,JPEG
Sketch50s_0001_00003.jpg,8148412,Sketch50s_0001.jpg,14e7260dc9d2ed570e73a07355624f3d,5096,6616,JPEG
Sketch50s_0001_00004.jpg,8027941,Sketch50s_0001.jpg,376810818cf55de383744d192299f778,5096,6616,JPEG
Sketch50s_0001_00005.jpg,8267998,Sketch50s_0001.jpg,dccd7298d9c95cc79f3c0750b75d7d21,5096,6616,JPEG
Sketch50s_0001_00006.jpg,8135133,Sketch50s_0001.jpg,294093e0a01db14c1f90a6517046d57a,5096,6616,JPEG
Sketch50s_0001_00007.jpg,8198899,Sketch50s_0001.jpg,b33410c556e1045a4efd554420a2356d,5096,6616,JPEG
Sketch50s_0001_00008.jpg,8229188,Sketch50s_0001.jpg,0457a4678c086f01b9e6329d60bd7c95,5096,6616,JPEG
Sketch50s_0001_00009.jpg,8279891,Sketch50s_0001.jpg,9ab8776c219d37cecc2e9f1488db550b,5096,6616,JPEG
Sketch50s_0001_00010.jpg,8333922,Sketch50s_0001.jpg,bd95883981a4447afc538997b5c98faf,5096,6616,JPEG
Sketch50s_0004_00001.jpg,9256945,Sketch50s_0004.jpg,cd599fb8c759a79f881045e2bb39fcfb,5096,6608,JPEG
Sketch50s_0004_00002.jpg,9272805,Sketch50s_0004.jpg,a46a511187b6fa2b652610a9c726c4d4,5096,6608,JPEG
Sketch50s_0004_00003.jpg,9233060,Sketch50s_0004.jpg,7e3619f3ab8a580ac0c75158e36ccd4b,5096,6608,JPEG
Sketch50s_0004_00004.jpg,9216457,Sketch50s_0004.jpg,2f51ddd10437e85dc2f8675f689e5290,5096,6608,JPEG
Sketch50s_0004_00005.jpg,9433027,Sketch50s_0004.jpg,d87e501b7bcee7605a313156c671be3d,5096,6608,JPEG
Sketch50s_0004_00006.jpg,9104533,Sketch50s_0004.jpg,33c0baf79c04d8d85dab65f21239f123,5096,6608,JPEG
Sketch50s_0004_00007.jpg,9345817,Sketch50s_0004.jpg,80c3bb326f6275bf2a350269ea8b96b3,5096,6608,JPEG
Sketch50s_0004_00008.jpg,9323949,Sketch50s_0004.jpg,b2223bc5ce0767ac00abb2191183e90d,5096,6608,JPEG
Sketch50s_0004_00009.jpg,9242358,Sketch50s_0004.jpg,fbe63fb004213b95c79f678c9502f396,5096,6608,JPEG
Sketch50s_0004_00010.jpg,9048203,Sketch50s_0004.jpg,b86cdba1c7c46d6e6d96012952135438,5096,6608,JPEG
Sketch50s_0005_00001.jpg,9137434,Sketch50s_0005.jpg,731970ac36d2438cc163d294a79ecfce,5096,6624,JPEG
Sketch50s_0005_00002.jpg,9887797,Sketch50s_0005.jpg,8ee0c5839b4bcb0fc54079df4c26d524,5096,6624,JPEG
Sketch50s_0005_00003.jpg,9370400,Sketch50s_0005.jpg,165aaa507f532589925380b3253c7ff7,5096,6624,JPEG
Sketch50s_0005_00004.jpg,10180126,Sketch50s_0005.jpg,7546793cfc4f099c78c23396b0a61e7a,5096,6624,JPEG
Sketch50s_0005_00005.jpg,9286639,Sketch50s_0005.jpg,ee9bb1cb188049152a3922eb45ab7f73,5096,6624,JPEG
Sketch50s_0005_00006.jpg,9557296,Sketch50s_0005.jpg,383a14b4612df56af242e88320a972f5,5096,6624,JPEG
Sketch50s_0005_00007.jpg,9484028,Sketch50s_0005.jpg,d816aa3457c8ce80204d5b825c367ec9,5096,6624,JPEG
Sketch50s_0005_00008.jpg,9449823,Sketch50s_0005.jpg,0b9693dffc4747a71b5104120410bb71,5096,6624,JPEG
Sketch50s_0005_00009.jpg,9594039,Sketch50s_0005.jpg,9ff1eaadc1e5259efa4443f010ff30f3,5096,6624,JPEG
Sketch50s_0005_00010.jpg,9539345,Sketch50s_0005.jpg,ecf469c389c9d5e212c3e33b7fa91a01,5096,6624,JPEG
Sketch50s_0006_00001.jpg,7718677,Sketch50s_0006.jpg,61973f4515a0fbeda48130e0caf2f123,5096,6304,JPEG
Sketch50s_0006_00002.jpg,8289294,Sketch50s_0006.jpg,4e37a65db871731c00b5009a21eea66e,5096,6304,JPEG
Sketch50s_0006_00003.jpg,8013196,Sketch50s_0006.jpg,f90c62b09ed2a7607803bf9d7cb5a4d6,5096,6304,JPEG
Sketch50s_0006_00004.jpg,7842524,Sketch50s_0006.jpg,fd0782fce05c56f9fb2b6be0111950b1,5096,6304,JPEG
Sketch50s_0006_00005.jpg,7961355,Sketch50s_0006.jpg,29a14e230ca7a897266af90206c239da,5096,6304,JPEG
Sketch50s_0006_00006.jpg,7767603,Sketch50s_0006.jpg,8461b25687b438d5723dc0638c495f32,5096,6304,JPEG
Sketch50s_0006_00007.jpg,7839071,Sketch50s_0006.jpg,31d975ed941cd7698d5cfaff746d2f29,5096,6304,JPEG
Sketch50s_0006_00008.jpg,8005904,Sketch50s_0006.jpg,bee0e8d46f5b9b08521a35a0adfd261a,5096,6304,JPEG
Sketch50s_0006_00009.jpg,7753651,Sketch50s_0006.jpg,7f3c4c9c0eaf5d5bdd4719bdbe77b5dc,5096,6304,JPEG
Sketch50s_0006_00010.jpg,7733550,Sketch50s_0006.jpg,a45239a26388e9c3394b025822db6f65,5096,6304,JPEG
Sketch50s_0007_00001.jpg,7745875,Sketch50s_0007.jpg,66982d08cf314568fe8454aa002579fa,5096,6280,JPEG
Sketch50s_0007_00002.jpg,7882328,Sketch50s_0007.jpg,6772c484dcf328fad9af85dab0578769,5096,6280,JPEG
Sketch50s_0007_00003.jpg,7461698,Sketch50s_0007.jpg,8026762a4ed4d9c5879024ff232ddbf1,5096,6280,JPEG
Sketch50s_0007_00004.jpg,7874155,Sketch50s_0007.jpg,32779683da0ae98768428726a31f93c0,5096,6280,JPEG
Sketch50s_0007_00005.jpg,7958638,Sketch50s_0007.jpg,259a6314fcbdc49181310ba9152bf892,5096,6280,JPEG
Sketch50s_0007_00006.jpg,7639295,Sketch50s_0007.jpg,e45501d8b5312710f7d883626fb3418f,5096,6280,JPEG
Sketch50s_0007_00007.jpg,7659609,Sketch50s_0007.jpg,0fb420e81f3a3e0deeb99994406ebe68,5096,6280,JPEG
Sketch50s_0007_00008.jpg,7598198,Sketch50s_0007.jpg,11cdfb2f0ed91420942c2ed0591dd897,5096,6280,JPEG
Sketch50s_0007_00009.jpg,7769799,Sketch50s_0007.jpg,e184458562d1314d802b0b90837981ad,5096,6280,JPEG
Sketch50s_0007_00010.jpg,7742140,Sketch50s_0007.jpg,b5fbae8cf21b851bef105481af54d6f3,5096,6280,JPEG
Sketch50s_0009_00001.jpg,3729589,Sketch50s_0009.jpg,3620cc040899d8d29a1950ef6d77228d,5188,2395,JPEG
Sketch50s_0009_00002.jpg,3780224,Sketch50s_0009.jpg,31c15c448da2e0947500850da4e7490e,5188,2395,JPEG
Sketch50s_0009_00003.jpg,3417711,Sketch50s_0009.jpg,567c149bb27dfe384c13f4dd2224d2dd,5188,2395,JPEG
Sketch50s_0009_00004.jpg,3664736,Sketch50s_0009.jpg,63337b443738a0136073a234830aadf3,5188,2395,JPEG
Sketch50s_0009_00005.jpg,3927553,Sketch50s_0009.jpg,10ce4263db1782d05f9dd619365d77c5,5188,2395,JPEG
Sketch50s_0009_00006.jpg,3657190,Sketch50s_0009.jpg,f9855f3e54f33530ca67f807383cf769,5188,2395,JPEG
Sketch50s_0009_00007.jpg,3451935,Sketch50s_0009.jpg,d7d79323974d46934e8b3e0683739221,5188,2395,JPEG
Sketch50s_0009_00008.jpg,3724452,Sketch50s_0009.jpg,fadb30aed5dc12e97bc1de2748026a90,5188,2395,JPEG
Sketch50s_0009_00009.jpg,3783723,Sketch50s_0009.jpg,d4f170d50a3a847362d842bf05963aff,5188,2395,JPEG
Sketch50s_0009_00010.jpg,3815880,Sketch50s_0009.jpg,e5e1f5af8ead1812f9cc7d8667384b5c,5188,2395,JPEG
Sketch50s_0010_00001.jpg,7270691,Sketch50s_0010.jpg,16f0c765b07eb719ca977c874d61cab9,4165,5608,JPEG
Sketch50s_0010_00002.jpg,7300354,Sketch50s_0010.jpg,78d1ed8915bbb78e047cf242416e72c7,4165,5608,JPEG
Sketch50s_0010_00003.jpg,6934868,Sketch50s_0010.jpg,4cc7b11ab5c7bd032711bcf2d3c69f4c,4165,5608,JPEG
Sketch50s_0010_00004.jpg,7204919,Sketch50s_0010.jpg,d0b9d7cee9deea2ddf32c247b42d04f2,4165,5608,JPEG
Sketch50s_0010_00005.jpg,6999044,Sketch50s_0010.jpg,9498e1d911ed24a4f5f199f3dd23735d,4165,5608,JPEG
Sketch50s_0010_00006.jpg,7118371,Sketch50s_0010.jpg,e418d88ab7b7d91d91ac73068fc8c475,4165,5608,JPEG
Sketch50s_0010_00007.jpg,6968181,Sketch50s_0010.jpg,c7d41098e64950fb962b1dc3c79b5fed,4165,5608,JPEG
Sketch50s_0010_00008.jpg,6954078,Sketch50s_0010.jpg,22d479ad5a197abce65f6c855207a5ad,4165,5608,JPEG
Sketch50s_0010_00009.jpg,7135826,Sketch50s_0010.jpg,94fda5b754d6f5f562b3ab7bba07d091,4165,5608,JPEG
Sketch50s_0010_00010.jpg,7101259,Sketch50s_0010.jpg,83fe2ec7bc45c2aa3d4eda55765f0de5,4165,5608,JPEG
Sketch50s_0014_00001.jpg,4062534,Sketch50s_0014.jpg,3e0bb098a4dd55a7fabe131ae07fceb6,3315,3474,JPEG
Sketch50s_0014_00002.jpg,4037332,Sketch50s_0014.jpg,c34e33802109c007a278035f1f128bec,3315,3474,JPEG
Sketch50s_0014_00003.jpg,4004575,Sketch50s_0014.jpg,faebff92408d2f2dca1bb0be8ff8a283,3315,3474,JPEG
Sketch50s_0014_00004.jpg,4239978,Sketch50s_0014.jpg,781e892d5efc9ab47802dade9676040c,3315,3474,JPEG
Sketch50s_0014_00005.jpg,3976548,Sketch50s_0014.jpg,2e88cb2caa667e512f2967d3686fdb9e,3315,3474,JPEG
Sketch50s_0014_00006.jpg,4164162,Sketch50s_0014.jpg,3eee6e9a1b4598d691e0d3e79606df10,3315,3474,JPEG
Sketch50s_0014_00007.jpg,3953562,Sketch50s_0014.jpg,36e6eeb22ba7c396ef2ec4035f2bfcbe,3315,3474,JPEG
Sketch50s_0014_00008.jpg,3937616,Sketch50s_0014.jpg,9fe8cf81eb6d17e60ceb2e60e549e5af,3315,3474,JPEG
Sketch50s_0014_00009.jpg,4174715,Sketch50s_0014.jpg,e5d5961399d67a3dacfe04fc0625780f,3315,3474,JPEG
Sketch50s_0014_00010.jpg,4063622,Sketch50s_0014.jpg,fdd6ff3fca51d8c9177c14e9dd2e2639,3315,3474,JPEG
Sketch50s_0015_00001.jpg,5452319,Sketch50s_0015.jpg,f5e3b359a4a1c0f2af061cc927992f1b,3697,4333,JPEG
Sketch50s_0015_00002.jpg,5428374,Sketch50s_0015.jpg,05c3c6761bb869a133831a410f9d2a00,3697,4333,JPEG
Sketch50s_0015_00003.jpg,5424934,Sketch50s_0015.jpg,2f17f526289d99db6214a4bfa43c8b54,3697,4333,JPEG
Sketch50s_0015_00004.jpg,5579721,Sketch50s_0015.jpg,18a3839543da1d5d1f063fc5cacd4f17,3697,4333,JPEG
Sketch50s_0015_00005.jpg,5308002,Sketch50s_0015.jpg,f3550a111c43026cdd2679b0712bd2f1,3697,4333,JPEG
Sketch50s_0015_00006.jpg,5536858,Sketch50s_0015.jpg,25547161039d131654dc127067ad05c7,3697,4333,JPEG
Sketch50s_0015_00007.jpg,5446625,Sketch50s_0015.jpg,5ede5194efb9d85c283ce0e6993af9f0,3697,4333,JPEG
Sketch50s_0015_00008.jpg,5499880,Sketch50s_0015.jpg,1c507c0064ac3216a00fd996db1d0a6f,3697,4333,JPEG
Sketch50s_0015_00009.jpg,5470624,Sketch50s_0015.jpg,a0cb9ace82ced6ad7af6519a96c13171,3697,4333,JPEG
Sketch50s_0015_00010.jpg,5478472,Sketch50s_0015.jpg,5257f003c1b230405a21f428a697a71e,3697,4333,JPEG
Sketch50s_0018_00001.jpg,1895524,Sketch50s_0018.jpg,70bd0f1f9706a4c242742474cbff05a5,1701,3622,JPEG
Sketch50s_0018_00002.jpg,1919142,Sketch50s_0018.jpg,e8d804efa5fbd69033f76e2601550a18,1701,3622,JPEG
Sketch50s_0018_00003.jpg,1993766,Sketch50s_0018.jpg,5337364ce2b8f0179bcabafecd9cacbf,1701,3622,JPEG
Sketch50s_0018_00004.jpg,1867648,Sketch50s_0018.jpg,6783305b0a84de1b4b25ddbb8ac03333,1701,3622,JPEG
Sketch50s_0018_00005.jpg,1881160,Sketch50s_0018.jpg,202fe4bf204c717ff05a0e0e039f5ab0,1701,3622,JPEG
Sketch50s_0018_00006.jpg,1912912,Sketch50s_0018.jpg,da64bd5ce0c6f9f141c5d60c4b0803b3,1701,3622,JPEG
Sketch50s_0018_00007.jpg,2037035,Sketch50s_0018.jpg,f2b902cd16c601bc7460aff6061e8298,1701,3622,JPEG
Sketch50s_0018_00008.jpg,1940789,Sketch50s_0018.jpg,a4343d5fe96dff49d1e8f7be01f8cb45,1701,3622,JPEG
Sketch50s_0018_00009.jpg,1900549,Sketch50s_0018.jpg,2ba758752dd7154a2acd8e728d5801e5,1701,3622,JPEG
Sketch50s_0018_00010.jpg,1900294,Sketch50s_0018.jpg,02c82d61ceac0632e5585858dd3d2772,1701,3622,JPEG
Sketch50s_0036_00001.jpg,12845669,Sketch50s_0036.jpg,b0ef9e3a2a412e5f2206c9d690469c77,5096,6616,JPEG
Sketch50s_0036_00002.jpg,13094719,Sketch50s_0036.jpg,98232c9975680495b7be850a2d16c779,5096,6616,JPEG
Sketch50s_0036_00003.jpg,12771227,Sketch50s_0036.jpg,c4c2a1dde2a6a6ba473ad4777ee3b68c,5096,6616,JPEG
Sketch50s_0036_00004.jpg,12554902,Sketch50s_0036.jpg,dd396da24d03ec91aabcc32c0934fea1,5096,6616,JPEG
Sketch50s_0036_00005.jpg,13174127,Sketch50s_0036.jpg,fcd111f61b2bf9accefee6c0cc618705,5096,6616,JPEG
Sketch50s_0036_00006.jpg,12695091,Sketch50s_0036.jpg,741da4025f421f9c572e7baaf790dbcd,5096,6616,JPEG
Sketch50s_0036_00007.jpg,12877624,Sketch50s_0036.jpg,6586738b42c2b01a5d50d575330606a8,5096,6616,JPEG
Sketch50s_0036_00008.jpg,12725487,Sketch50s_0036.jpg,08fc434da8a67bd71d6402d0d04178cb,5096,6616,JPEG
Sketch50s_0036_00009.jpg,12764750,Sketch50s_0036.jpg,56f767f855cf48bd16b529609234de56,5096,6616,JPEG
Sketch50s_0036_00010.jpg,12682205,Sketch50s_0036.jpg,f6af39d37f3c04c30c5291a91112d9b4,5096,6616,JPEG
Sketch50s_0037_00001.jpg,13934157,Sketch50s_0037.jpg,6a3c4c46ebac1403b20174130f6f9273,5096,6792,JPEG
Sketch50s_0037_00002.jpg,13758851,Sketch50s_0037.jpg,786b09f253bc47126b9590ec4e535c5b,5096,6792,JPEG
Sketch50s_0037_00003.jpg,13771145,Sketch50s_0037.jpg,3f9e3051ed4ab6c66e187738b1ab0730,5096,6792,JPEG
Sketch50s_0037_00004.jpg,13507227,Sketch50s_0037.jpg,8c7ceb6dcc4b8f743c9c548b489efe4e,5096,6792,JPEG
Sketch50s_0037_00005.jpg,13725834,Sketch50s_0037.jpg,f05cdd575bd70276e3b80539215c0ea3,5096,6792,JPEG
Sketch50s_0037_00006.jpg,13573753,Sketch50s_0037.jpg,22fbf4fc8085bce10195ed4e3ef69487,5096,6792,JPEG
Sketch50s_0037_00007.jpg,13764995,Sketch50s_0037.jpg,4602d84cafb3c9c91f326d9aaec46de0,5096,6792,JPEG
Sketch50s_0037_00008.jpg,13883172,Sketch50s_0037.jpg,fb54571dfdee81381b8eba0c30c3a483,5096,6792,JPEG
Sketch50s_0037_00009.jpg,13753199,Sketch50s_0037.jpg,f08c5af34d9826e0dc2f731d4b2e0064,5096,6792,JPEG
Sketch50s_0037_00010.jpg,13579855,Sketch50s_0037.jpg,766c4bcddb54c274d3f21333bd0f80b6,5096,6792,JPEG
Sketch50s_0038_00001.jpg,7345797,Sketch50s_0038.jpg,64945ee680cfb4ec68fbe8dfdc729797,4744,6296,JPEG
Sketch50s_0038_00002.jpg,7630650,Sketch50s_0038.jpg,b160e2938a9816156452c65aab6876f7,4744,6296,JPEG
Sketch50s_0038_00003.jpg,7217508,Sketch50s_0038.jpg,8383e4d5e6dec634f30702ead3ca9db2,4744,6296,JPEG
Sketch50s_0038_00004.jpg,7490007,Sketch50s_0038.jpg,60372c63053435cb31e87c15c3f79dfa,4744,6296,JPEG
Sketch50s_0038_00005.jpg,7567962,Sketch50s_0038.jpg,786c2f40212369d21c7e0da46a9504e4,4744,6296,JPEG
Sketch50s_0038_00006.jpg,7344412,Sketch50s_0038.jpg,cc6e38b50ab16e448a6bac6d880e2d94,4744,6296,JPEG
Sketch50s_0038_00007.jpg,7422459,Sketch50s_0038.jpg,17e6d96799df1cf6919dcd432acc7928,4744,6296,JPEG
Sketch50s_0038_00008.jpg,7480191,Sketch50s_0038.jpg,adc9ebaa77bc41a0f82e7bb7f958b06f,4744,6296,JPEG
Sketch50s_0038_00009.jpg,7186727,Sketch50s_0038.jpg,0305c0cb76cef13d647602413d10418b,4744,6296,JPEG
Sketch50s_0038_00010.jpg,7547867,Sketch50s_0038.jpg,ac0d4901a3eed2b28b67044dd12cbaf6,4744,6296,JPEG
Sketch50s_0040_00001.jpg,7276754,Sketch50s_0040.jpg,d9d2dc86170e1c62a3dad184e3a21f09,4760,6336,JPEG
Sketch50s_0040_00002.jpg,7372807,Sketch50s_0040.jpg,613eb4582293499ebf629b44287a1bbb,4760,6336,JPEG
Sketch50s_0040_00003.jpg,7498448,Sketch50s_0040.jpg,dfec7e9f9f67151c97ed525257058162,4760,6336,JPEG
Sketch50s_0040_00004.jpg,7279319,Sketch50s_0040.jpg,893da82c5d7b54a1e308a6574c8b0377,4760,6336,JPEG
Sketch50s_0040_00005.jpg,7188862,Sketch50s_0040.jpg,ab2b77601dad497ef0700ffbd54a9245,4760,6336,JPEG
Sketch50s_0040_00006.jpg,7266027,Sketch50s_0040.jpg,87549bd18f940428ee9207a53ef41a4a,4760,6336,JPEG
Sketch50s_0040_00007.jpg,7213670,Sketch50s_0040.jpg,74a73096b4feb95bab9526332c65d6ad,4760,6336,JPEG
Sketch50s_0040_00008.jpg,7500863,Sketch50s_0040.jpg,152ac0610ad04c027658a3274b2a4f6e,4760,6336,JPEG
Sketch50s_0040_00009.jpg,7473405,Sketch50s_0040.jpg,972a49092c7635361bf5799d6eecb4df,4760,6336,JPEG
Sketch50s_0040_00010.jpg,7550575,Sketch50s_0040.jpg,4322535ac6f6e659a1628d71019ee3a9,4760,6336,JPEG
Sketch50s_0041_00001.jpg,7955545,Sketch50s_0041.jpg,c274e1cd8168bc64a23d9b9f7fd17cce,4744,6312,JPEG
Sketch50s_0041_00002.jpg,7546405,Sketch50s_0041.jpg,983f427ec3b15759d6f4efa2cda9230e,4744,6312,JPEG
Sketch50s_0041_00003.jpg,7420588,Sketch50s_0041.jpg,b9c66cf724c3f0d58e461e954a59d04c,4744,6312,JPEG
Sketch50s_0041_00004.jpg,7542554,Sketch50s_0041.jpg,453b8bacfa3b200dd07f81c357a8b3b9,4744,6312,JPEG
Sketch50s_0041_00005.jpg,7299701,Sketch50s_0041.jpg,e7ca3e67b41fecb4f0765be83a7a3084,4744,6312,JPEG
Sketch50s_0041_00006.jpg,7273699,Sketch50s_0041.jpg,8c708e1060a20606a2ea311dfde5324e,4744,6312,JPEG
Sketch50s_0041_00007.jpg,7337688,Sketch50s_0041.jpg,26e59676354ffa56036e0468d374e1f4,4744,6312,JPEG
Sketch50s_0041_00008.jpg,7422406,Sketch50s_0041.jpg,f64dd85a8a41bfde5a4cdfc1cad79c5f,4744,6312,JPEG
Sketch50s_0041_00009.jpg,7357436,Sketch50s_0041.jpg,d820099c1bd297bd8d8d540059da1463,4744,6312,JPEG
Sketch50s_0041_00010.jpg,7567601,Sketch50s_0041.jpg,79c0ea21d29d85ad339630bbc3ca53ef,4744,6312,JPEG
Sketch60s_0021_00001.jpg,3539902,Sketch60s_0021.jpg,9475130d32586646ce03e12271ac09fd,3376,3682,JPEG
Sketch60s_0021_00002.jpg,3624371,Sketch60s_0021.jpg,c0939eb89d728b84b54546905cccadf0,3376,3682,JPEG
Sketch60s_0021_00003.jpg,3693593,Sketch60s_0021.jpg,222fc89d0c11fc778f151befc5ef08f5,3376,3682,JPEG
Sketch60s_0021_00004.jpg,3595754,Sketch60s_0021.jpg,6d21d9ec970f373296ec0bf7059a98f6,3376,3682,JPEG
Sketch60s_0021_00005.jpg,3592909,Sketch60s_0021.jpg,bb3ece321e649943b3ea2697c517f861,3376,3682,JPEG
Sketch60s_0021_00006.jpg,3716111,Sketch60s_0021.jpg,dc215943b82e065ab040b0f1f82b1afb,3376,3682,JPEG
Sketch60s_0021_00007.jpg,3629937,Sketch60s_0021.jpg,5753d01474a82fb730b5698daa0e9d4f,3376,3682,JPEG
Sketch60s_0021_00008.jpg,3595889,Sketch60s_0021.jpg,1e6bafe8106c08776558193d1551d6f5,3376,3682,JPEG
Sketch60s_0021_00009.jpg,3790781,Sketch60s_0021.jpg,4f4a3a133c0ef788cd9850f5be5b712f,3376,3682,JPEG
Sketch60s_0021_00010.jpg,3476631,Sketch60s_0021.jpg,c0354af2275bc3da8fcf17a6295e4ceb,3376,3682,JPEG
Sketch60s_0035_00001.jpg,7372393,Sketch60s_0035.jpg,0f5bfc8b02c52cedecbf93ed71bfb133,4224,6271,JPEG
Sketch60s_0035_00002.jpg,7473705,Sketch60s_0035.jpg,5de9cfba1a1b6520751abc4b4154bf72,4224,6271,JPEG
Sketch60s_0035_00003.jpg,7360371,Sketch60s_0035.jpg,65fd41b92ef724932281329631dee373,4224,6271,JPEG
Sketch60s_0035_00004.jpg,7245117,Sketch60s_0035.jpg,ecce38e53d4c5886d13addda7ba2e979,4224,6271,JPEG
Sketch60s_0035_00005.jpg,7148140,Sketch60s_0035.jpg,e342d5d2a41288de8194082f26ea55a3,4224,6271,JPEG
Sketch60s_0035_00006.jpg,7127445,Sketch60s_0035.jpg,4949b8f38b784e58ac79d73c25b288c0,4224,6271,JPEG
Sketch60s_0035_00007.jpg,7215403,Sketch60s_0035.jpg,ea309bbfc6ed7ee987270958148fc436,4224,6271,JPEG
Sketch60s_0035_00008.jpg,6996789,Sketch60s_0035.jpg,3f28ac5a2f2ccb3af31e5cfc778106ed,4224,6271,JPEG
Sketch60s_0035_00009.jpg,7026690,Sketch60s_0035.jpg,f7c52146e47f27e217843cf97343e1b9,4224,6271,JPEG
Sketch60s_0035_00010.jpg,7167085,Sketch60s_0035.jpg,4ba3a639a1a5956800c9c5851858a787,4224,6271,JPEG
Sketch60s_0062_00001.jpg,2718066,Sketch60s_0062.jpg,f0730412b00ca1cd661d1cb3918107d8,3212,3157,JPEG
Sketch60s_0062_00002.jpg,2491525,Sketch60s_0062.jpg,f1bf45444f2cf6142cd83a1de09a0ae9,3212,3157,JPEG
Sketch60s_0062_00003.jpg,2442345,Sketch60s_0062.jpg,79ff48e1b0f8d7fb1fc9ae1783d7c3cc,3212,3157,JPEG
Sketch60s_0062_00004.jpg,2482417,Sketch60s_0062.jpg,c97d318fffab23d81391c5f0e790b28d,3212,3157,JPEG
Sketch60s_0062_00005.jpg,2544715,Sketch60s_0062.jpg,dcc53b9c311419ac55c62446e76d5a7d,3212,3157,JPEG
Sketch60s_0062_00006.jpg,2535447,Sketch60s_0062.jpg,945cb855781bfd707b7b49c45c79fea3,3212,3157,JPEG
Sketch60s_0062_00007.jpg,2477765,Sketch60s_0062.jpg,dbd75e23ea2edecdf2caefeb539d363b,3212,3157,JPEG
Sketch60s_0062_00008.jpg,2548389,Sketch60s_0062.jpg,e63e0b48c874625daffb21f1df6676fa,3212,3157,JPEG
Sketch60s_0062_00009.jpg,2423251,Sketch60s_0062.jpg,c5b07bde15beffe64a5af4105701fd4a,3212,3157,JPEG
Sketch60s_0062_00010.jpg,2673552,Sketch60s_0062.jpg,7f476402792cb6567f577a8c5161f919,3212,3157,JPEG
Sketch60s_0063_00001.jpg,7926569,Sketch60s_0063.jpg,5700259360f241b93aac090052e19055,4688,5945,JPEG
Sketch60s_0063_00002.jpg,8236753,Sketch60s_0063.jpg,1d16211cf9658fa227f9e8763d175de9,4688,5945,JPEG
Sketch60s_0063_00003.jpg,8019173,Sketch60s_0063.jpg,e99fde7ffdfffba82c193a0540b5aae3,4688,5945,JPEG
Sketch60s_0063_00004.jpg,7967952,Sketch60s_0063.jpg,76eeb0715fc1f31768d398bee293bb89,4688,5945,JPEG
Sketch60s_0063_00005.jpg,8172303,Sketch60s_0063.jpg,383a9d3387e2f8fd73aaab169a9cb299,4688,5945,JPEG
Sketch60s_0063_00006.jpg,8120548,Sketch60s_0063.jpg,402f5931f349e2eece0628d4bf0bcfcd,4688,5945,JPEG
Sketch60s_0063_00007.jpg,8462624,Sketch60s_0063.jpg,8f1d6f73b4f2eef96e5019c07ca82798,4688,5945,JPEG
Sketch60s_0063_00008.jpg,8236706,Sketch60s_0063.jpg,8a688edb4a23f4847440521134bd0174,4688,5945,JPEG
Sketch60s_0063_00009.jpg,7919200,Sketch60s_0063.jpg,e4608a36c8baf5ef7873580abfcb24e7,4688,5945,JPEG
Sketch60s_0063_00010.jpg,8078361,Sketch60s_0063.jpg,5ef0ceb0b0baa2f70c1677adaafc7761,4688,5945,JPEG
Sketch60s_0064_00001.jpg,4462139,Sketch60s_0064.jpg,7654571c0bb42fe69abd0741eb7c47c7,3913,3863,JPEG
Sketch60s_0064_00002.jpg,4504976,Sketch60s_0064.jpg,51224c9485e11870ac3d9616a1f70139,3913,3863,JPEG
Sketch60s_0064_00003.jpg,4457398,Sketch60s_0064.jpg,f617a23a0671a42e9cbc8d6645367e14,3913,3863,JPEG
Sketch60s_0064_00004.jpg,4282295,Sketch60s_0064.jpg,449e9f79f236d39b0b58ace4bfeb2274,3913,3863,JPEG
Sketch60s_0064_00005.jpg,4309493,Sketch60s_0064.jpg,c1595c7cf597f09268820ef3843c808d,3913,3863,JPEG
Sketch60s_0064_00006.jpg,4474128,Sketch60s_0064.jpg,a45c3205fec73e8275de606616000f8b,3913,3863,JPEG
Sketch60s_0064_00007.jpg,4370226,Sketch60s_0064.jpg,93894d35ba5bbe2594bb62c82ac77b54,3913,3863,JPEG
Sketch60s_0064_00008.jpg,4458595,Sketch60s_0064.jpg,9dc2536449f0b1a27c4209b2f2cc726b,3913,3863,JPEG
Sketch60s_0064_00009.jpg,4297454,Sketch60s_0064.jpg,384cedd79df76609f3c6f99bc9531e9f,3913,3863,JPEG
Sketch60s_0064_00010.jpg,4147468,Sketch60s_0064.jpg,de6fa40318252fda110d34ec3297b035,3913,3863,JPEG
Sketch60s_0065_00001.jpg,3143370,Sketch60s_0065.jpg,3212d8183576602a3cf11a4568ed22c2,3260,4083,JPEG
Sketch60s_0065_00002.jpg,2941487,Sketch60s_0065.jpg,e911d28197211fabd8275d67d47d515d,3260,4083,JPEG
Sketch60s_0065_00003.jpg,2970901,Sketch60s_0065.jpg,69144c85884cc2bbed864df0b248db76,3260,4083,JPEG
Sketch60s_0065_00004.jpg,3379208,Sketch60s_0065.jpg,d49e0a6859f9384634ffdbbd7af03555,3260,4083,JPEG
Sketch60s_0065_00005.jpg,3039312,Sketch60s_0065.jpg,3ccea7885c47a2824cd692110ada5f18,3260,4083,JPEG
Sketch60s_0065_00006.jpg,3106819,Sketch60s_0065.jpg,3cee09ea107d5948a868c63247f74905,3260,4083,JPEG
Sketch60s_0065_00007.jpg,3163551,Sketch60s_0065.jpg,0bacf8c35d68d69b2aa90337aac686bb,3260,4083,JPEG
Sketch60s_0065_00008.jpg,3140013,Sketch60s_0065.jpg,77285cb8e820d1b679e11fbd32477230,3260,4083,JPEG
Sketch60s_0065_00009.jpg,3099506,Sketch60s_0065.jpg,9d09c510f03509808d8b93716ee7ec11,3260,4083,JPEG
Sketch60s_0065_00010.jpg,3117774,Sketch60s_0065.jpg,97b76d3d7a282119e86e2a632507d487,3260,4083,JPEG
Sketch60s_0066_00001.jpg,6734318,Sketch60s_0066.jpg,7394dbd50f7106a3bad45207584897cc,4278,5887,JPEG
Sketch60s_0066_00002.jpg,6785250,Sketch60s_0066.jpg,0b72fc37c60deec65120aa31356741ec,4278,5887,JPEG
Sketch60s_0066_00003.jpg,6448166,Sketch60s_0066.jpg,b81e277c17a466818ef2699c2a2b8dcb,4278,5887,JPEG
Sketch60s_0066_00004.jpg,6537835,Sketch60s_0066.jpg,98ef598eaafaf4a6a1f787ac8ce2243b,4278,5887,JPEG
Sketch60s_0066_00005.jpg,6730259,Sketch60s_0066.jpg,2cdf34376c867c3c1d3bcf5666abc238,4278,5887,JPEG
Sketch60s_0066_00006.jpg,6643222,Sketch60s_0066.jpg,6c27a38e547b58f0d2d05530659aef5c,4278,5887,JPEG
Sketch60s_0066_00007.jpg,6708686,Sketch60s_0066.jpg,18548286177875be78ef6c7c0409c826,4278,5887,JPEG
Sketch60s_0066_00008.jpg,6941278,Sketch60s_0066.jpg,bf8b344dada31290b1b4a437b758e843,4278,5887,JPEG
Sketch60s_0066_00009.jpg,6686397,Sketch60s_0066.jpg,674d6a465bbc72b94f15f114a8fc8236,4278,5887,JPEG
Sketch60s_0066_00010.jpg,6698476,Sketch60s_0066.jpg,c0ba2c4b6db672f07617473ffa53210d,4278,5887,JPEG
Sketch60s_0067_00001.jpg,3446657,Sketch60s_0067.jpg,75e4ae8dbe213dc72ed041982b57233c,2517,4617,JPEG
Sketch60s_0067_00002.jpg,3469249,Sketch60s_0067.jpg,c8874ce3dd0a4bb589e480c41d0084d6,2517,4617,JPEG
Sketch60s_0067_00003.jpg,3560775,Sketch60s_0067.jpg,a177741d4dfbc599c32ec52b9dd21798,2517,4617,JPEG
Sketch60s_0067_00004.jpg,3567395,Sketch60s_0067.jpg,c8e44921a0536fa38173b6fb817c60f8,2517,4617,JPEG
Sketch60s_0067_00005.jpg,3495403,Sketch60s_0067.jpg,2636007017a5316f44f57e5e0dbf8508,2517,4617,JPEG
Sketch60s_0067_00006.jpg,3580240,Sketch60s_0067.jpg,bea6c342ec4bddbd62c0505cbbe12b31,2517,4617,JPEG
Sketch60s_0067_00007.jpg,3516592,Sketch60s_0067.jpg,81ff6892422f56d429c3266457c0d4d4,2517,4617,JPEG
Sketch60s_0067_00008.jpg,3595486,Sketch60s_0067.jpg,0144b0f72862ba15ecfc91ecddf988b9,2517,4617,JPEG
Sketch60s_0067_00009.jpg,3521606,Sketch60s_0067.jpg,8019082d2aac8b929e2b66cf0420766b,2517,4617,JPEG
Sketch60s_0067_00010.jpg,3605971,Sketch60s_0067.jpg,193dff0b1ab8d382858ad8298ae128bd,2517,4617,JPEG
Sketch60s_0068_00001.jpg,2735148,Sketch60s_0068.jpg,5ee611cd3c8a921ac02be43d15d978b5,2803,3160,JPEG
Sketch60s_0068_00002.jpg,2816212,Sketch60s_0068.jpg,34eeae84716ea850e2e4c12f40612cb7,2803,3160,JPEG
Sketch60s_0068_00003.jpg,2646061,Sketch60s_0068.jpg,8c53bda663134e7fb1a0b54fd528f3ce,2803,3160,JPEG
Sketch60s_0068_00004.jpg,2588780,Sketch60s_0068.jpg,f1f5e1509b41f59294821e6c13a77b12,2803,3160,JPEG
Sketch60s_0068_00005.jpg,2785584,Sketch60s_0068.jpg,508b0e80aa0d86d3185949fa299c7941,2803,3160,JPEG
Sketch60s_0068_00006.jpg,2673622,Sketch60s_0068.jpg,b02e2724ef8c0d4f529a9bbc7d745781,2803,3160,JPEG
Sketch60s_0068_00007.jpg,2808594,Sketch60s_0068.jpg,0621dd36772b00ce93a964c7b7981a34,2803,3160,JPEG
Sketch60s_0068_00008.jpg,2733181,Sketch60s_0068.jpg,285037ffd1bae13ab7eb1174efe93182,2803,3160,JPEG
Sketch60s_0068_00009.jpg,2805707,Sketch60s_0068.jpg,8cb8d6526c8f2181cbb70ab31517d52d,2803,3160,JPEG
Sketch60s_0068_00010.jpg,2749113,Sketch60s_0068.jpg,7aa440e66317e1d46788d3e65aec0ba2,2803,3160,JPEG
Sketch60s_0069_00001.jpg,550525,Sketch60s_0069.jpg,af3e7050b9a2c6531da55c034641f940,1598,794,JPEG
Sketch60s_0069_00002.jpg,483758,Sketch60s_0069.jpg,403448b6fa8886e97bfd33556a1e0966,1598,794,JPEG
Sketch60s_0069_00003.jpg,445217,Sketch60s_0069.jpg,5a69ea2af0fea40728040ca71343e156,1598,794,JPEG
Sketch60s_0069_00004.jpg,497169,Sketch60s_0069.jpg,375ecfed96d98bc1a9b20fe19d21743b,1598,794,JPEG
Sketch60s_0069_00005.jpg,476457,Sketch60s_0069.jpg,d57db0b6027d50c20322982ec57516e3,1598,794,JPEG
Sketch60s_0069_00006.jpg,459289,Sketch60s_0069.jpg,0e049cf549ccb1db159ec3765a018a36,1598,794,JPEG
Sketch60s_0069_00007.jpg,662472,Sketch60s_0069.jpg,f980824e3d04d6f63410bc9026aafc90,1598,794,JPEG
Sketch60s_0069_00008.jpg,463272,Sketch60s_0069.jpg,dee42db939410a9d33cad076eae5806b,1598,794,JPEG
Sketch60s_0069_00009.jpg,606114,Sketch60s_0069.jpg,5e3d43eb028d8a6812d84c6f2a605925,1598,794,JPEG
Sketch60s_0069_00010.jpg,441477,Sketch60s_0069.jpg,5a8b6a0bc45ca516bc50456d6c12991d,1598,794,JPEG
Sketch60s_0070_00001.jpg,1753552,Sketch60s_0070.jpg,d11507944dec25bdcd5c6bfc2de7d32d,3588,1540,JPEG
Sketch60s_0070_00002.jpg,2004673,Sketch60s_0070.jpg,8cb3b2db43c753c1b6fb4af9949de967,3588,1540,JPEG
Sketch60s_0070_00003.jpg,2073742,Sketch60s_0070.jpg,cfee20cca9830687ee7697919e0a4ed3,3588,1540,JPEG
Sketch60s_0070_00004.jpg,2025153,Sketch60s_0070.jpg,bd7060d0037d00edd98d4b2c7a81386d,3588,1540,JPEG
Sketch60s_0070_00005.jpg,1857996,Sketch60s_0070.jpg,cde752e528549f1622b7dbe2124e82ad,3588,1540,JPEG
Sketch60s_0070_00006.jpg,1952354,Sketch60s_0070.jpg,bcb5cbdd05e4abaa7549127a1d26b5a3,3588,1540,JPEG
Sketch60s_0070_00007.jpg,2081069,Sketch60s_0070.jpg,56f28a025cc658124622dc2113191c5a,3588,1540,JPEG
Sketch60s_0070_00008.jpg,2066334,Sketch60s_0070.jpg,7389e05418ef0a8b414669a6bd17a080,3588,1540,JPEG
Sketch60s_0070_00009.jpg,1931216,Sketch60s_0070.jpg,cc108b044033816602a49d0a7b15c736,3588,1540,JPEG
Sketch60s_0070_00010.jpg,1996297,Sketch60s_0070.jpg,e1ddfa13d28ea0d41dd1804bdc4093f9,3588,1540,JPEG
Sketch60s_0071_00001.jpg,3514977,Sketch60s_0071.jpg,7aa1dddc093d1349ff8d4a8072b1bec9,3342,3360,JPEG
Sketch60s_0071_00002.jpg,3400568,Sketch60s_0071.jpg,d24dda003f0b560fc7f86b760fec6ec6,3342,3360,JPEG
Sketch60s_0071_00003.jpg,3467497,Sketch60s_0071.jpg,6ccd82d9b602ba6f546e456318ada879,3342,3360,JPEG
Sketch60s_0071_00004.jpg,3507475,Sketch60s_0071.jpg,5f8e2dc4262b1f3979e95c577e5642a8,3342,3360,JPEG
Sketch60s_0071_00005.jpg,3456494,Sketch60s_0071.jpg,ec4a047a58bfe1d0e80bc37691baa245,3342,3360,JPEG
Sketch60s_0071_00006.jpg,3137611,Sketch60s_0071.jpg,609c4417283b591a347a4175c05cf536,3342,3360,JPEG
Sketch60s_0071_00007.jpg,3297424,Sketch60s_0071.jpg,1ffc0970a3c093cfbb66bddeb174f6d3,3342,3360,JPEG
Sketch60s_0071_00008.jpg,3222793,Sketch60s_0071.jpg,2dd71e750cb11157afa76cad4a2892fb,3342,3360,JPEG
Sketch60s_0071_00009.jpg,3415280,Sketch60s_0071.jpg,de91ea3e85b2429494252abbaca668b8,3342,3360,JPEG
Sketch60s_0071_00010.jpg,3632270,Sketch60s_0071.jpg,86f756dfd7ba4d52a1568bacadeb1faf,3342,3360,JPEG
Sketch60s_0072_00001.jpg,2515982,Sketch60s_0072.jpg,cedad7f125f3de54c0ebd61d60d2cc9b,3132,2831,JPEG
Sketch60s_0072_00002.jpg,2700518,Sketch60s_0072.jpg,1838cd3ff2932e6bcb4cad6be7f46e32,3132,2831,JPEG
Sketch60s_0072_00003.jpg,2667173,Sketch60s_0072.jpg,a5695193dff2e1005d581d351d23572a,3132,2831,JPEG
Sketch60s_0072_00004.jpg,2547819,Sketch60s_0072.jpg,9f96710dcf50ec1ad4e8b2e738ba0b09,3132,2831,JPEG
Sketch60s_0072_00005.jpg,2771812,Sketch60s_0072.jpg,6776df6b547557d86a284dde58539b2d,3132,2831,JPEG
Sketch60s_0072_00006.jpg,2758287,Sketch60s_0072.jpg,0643e047eefca0abafaf5f8fb613864b,3132,2831,JPEG
Sketch60s_0072_00007.jpg,2663323,Sketch60s_0072.jpg,aa993774bfced8c5a7067d30204c33ad,3132,2831,JPEG
Sketch60s_0072_00008.jpg,2629494,Sketch60s_0072.jpg,93ec01cee702f7472139dd75b20a2508,3132,2831,JPEG
Sketch60s_0072_00009.jpg,2545835,Sketch60s_0072.jpg,672f80b05b2aa953bad4d26022b46c02,3132,2831,JPEG
Sketch60s_0072_00010.jpg,2763534,Sketch60s_0072.jpg,22f026a5dd50b39649c24d47c030ae21,3132,2831,JPEG
Sketch60s_0073_00001.jpg,861820,Sketch60s_0073.jpg,292e68e7fabd92ea9bcfc7f5fc15158b,2589,962,JPEG
Sketch60s_0073_00002.jpg,984125,Sketch60s_0073.jpg,d5e9f22de8af596301100df4b53410c0,2589,962,JPEG
Sketch60s_0073_00003.jpg,1117599,Sketch60s_0073.jpg,0aa55a2288ff790710470a3d84dbd7e8,2589,962,JPEG
Sketch60s_0073_00004.jpg,920195,Sketch60s_0073.jpg,9a9d2f0ca8ce4430b7541e0af3e03319,2589,962,JPEG
Sketch60s_0073_00005.jpg,852204,Sketch60s_0073.jpg,30d98c42a701a168e16f7ad1d04efd47,2589,962,JPEG
Sketch60s_0073_00006.jpg,962327,Sketch60s_0073.jpg,78e4393636007fa479d4fb263770c01e,2589,962,JPEG
Sketch60s_0073_00007.jpg,873262,Sketch60s_0073.jpg,efb2b9d131ec983438aea0224c91a128,2589,962,JPEG
Sketch60s_0073_00008.jpg,1181793,Sketch60s_0073.jpg,586c4fbf8103adc233e6538b0a0f0d04,2589,962,JPEG
Sketch60s_0073_00009.jpg,908360,Sketch60s_0073.jpg,274812c7624d1345bb43f60ac22ec48a,2589,962,JPEG
Sketch60s_0073_00010.jpg,957588,Sketch60s_0073.jpg,664b29b2fccb9f3bc5dab21df70b0acb,2589,962,JPEG
Sketch60s_0074_00001.jpg,5675242,Sketch60s_0074.jpg,fb81b6e27a1b939e25d0a93b107638cd,3787,4910,JPEG
Sketch60s_0074_00002.jpg,5651183,Sketch60s_0074.jpg,f8fec28b2a25cb6c820cace92efbc8f6,3787,4910,JPEG
Sketch60s_0074_00003.jpg,5656307,Sketch60s_0074.jpg,0d91e182444ffb7f308c61bd8974e968,3787,4910,JPEG
Sketch60s_0074_00004.jpg,5704566,Sketch60s_0074.jpg,40e3957db27749c05b52bf1dc238c456,3787,4910,JPEG
Sketch60s_0074_00005.jpg,5918610,Sketch60s_0074.jpg,140e3493c61c19e5f7ea6d8e72bf6c3c,3787,4910,JPEG
Sketch60s_0074_00006.jpg,5915586,Sketch60s_0074.jpg,deb8ce36267d09bb49b03bf61e845263,3787,4910,JPEG
Sketch60s_0074_00007.jpg,5834553,Sketch60s_0074.jpg,b3cdee810c44892e6b8f7532d98f7362,3787,4910,JPEG
Sketch60s_0074_00008.jpg,5707226,Sketch60s_0074.jpg,4130f43b197bb54d64b4345b2bf33295,3787,4910,JPEG
Sketch60s_0074_00009.jpg,5626329,Sketch60s_0074.jpg,d941422da457fbeda9b502bb552e1c15,3787,4910,JPEG
Sketch60s_0074_00010.jpg,5635390,Sketch60s_0074.jpg,98ccea4254a326260dd22dc67f9aefc5,3787,4910,JPEG
Sketch60s_0075_00001.jpg,6083477,Sketch60s_0075.jpg,626a7485c69ef22753322a36ee6bcc97,4343,4868,JPEG
Sketch60s_0075_00002.jpg,6031382,Sketch60s_0075.jpg,24656c932745fbecf620f0284910679a,4343,4868,JPEG
Sketch60s_0075_00003.jpg,6099157,Sketch60s_0075.jpg,0ae686108c1abecec7768766b1f342dd,4343,4868,JPEG
Sketch60s_0075_00004.jpg,6137904,Sketch60s_0075.jpg,68dece5b3391a00e6ba7280c8882026f,4343,4868,JPEG
Sketch60s_0075_00005.jpg,5966043,Sketch60s_0075.jpg,6dc5b4039f5f10283837fe63fd28c06d,4343,4868,JPEG
Sketch60s_0075_00006.jpg,6082135,Sketch60s_0075.jpg,3085a35d933b0386119a7fc96c4be0bc,4343,4868,JPEG
Sketch60s_0075_00007.jpg,6060291,Sketch60s_0075.jpg,4b43c36f2b853ab59ce4f4793f0b060c,4343,4868,JPEG
Sketch60s_0075_00008.jpg,6019693,Sketch60s_0075.jpg,363cdc9eac97eec33a90b5620b18e4bc,4343,4868,JPEG
Sketch60s_0075_00009.jpg,5969222,Sketch60s_0075.jpg,2efc6da0db3617cdb911341c9a314be9,4343,4868,JPEG
Sketch60s_0075_00010.jpg,6167152,Sketch60s_0075.jpg,6bdebb56cd4d1e0043a1edc95683fdd7,4343,4868,JPEG
Sketch60s_0076_00001.jpg,3636716,Sketch60s_0076.jpg,ea250ae1af7db63aa2fc7bf0ad7775f2,4664,2904,JPEG
Sketch60s_0076_00002.jpg,4094230,Sketch60s_0076.jpg,a79f4344afe6c26d5190558e706dd97e,4664,2904,JPEG
Sketch60s_0076_00003.jpg,3981272,Sketch60s_0076.jpg,bb8b0a07587a37062e65d9cea11cd14c,4664,2904,JPEG
Sketch60s_0076_00004.jpg,3791544,Sketch60s_0076.jpg,adde0ad78cb2c0b1d41c66b56a7d1bc1,4664,2904,JPEG
Sketch60s_0076_00005.jpg,3823302,Sketch60s_0076.jpg,72047bf4433cbc8a16f4abb5e6db994b,4664,2904,JPEG
Sketch60s_0076_00006.jpg,4092627,Sketch60s_0076.jpg,2ff8e952d75119f57c52cc311983b8d0,4664,2904,JPEG
Sketch60s_0076_00007.jpg,3685316,Sketch60s_0076.jpg,d852798bb91f1689f958a9df32459f32,4664,2904,JPEG
Sketch60s_0076_00008.jpg,3776754,Sketch60s_0076.jpg,f79d6c5970555d23f0be923159ebc3ce,4664,2904,JPEG
Sketch60s_0076_00009.jpg,3603076,Sketch60s_0076.jpg,459976e694364823c4c93dd6d1fd3166,4664,2904,JPEG
Sketch60s_0076_00010.jpg,3769378,Sketch60s_0076.jpg,26d8e84babc7d07df4d7bef3689b3ad3,4664,2904,JPEG
Sketch60s_0096_00001.jpg,8794600,Sketch60s_0096.jpg,5dfc2fa899793aabc15ffe3d0ea77f77,4752,6256,JPEG
Sketch60s_0096_00002.jpg,8745840,Sketch60s_0096.jpg,200499e787a24e6ed119ae432e04f489,4752,6256,JPEG
Sketch60s_0096_00003.jpg,8752592,Sketch60s_0096.jpg,42c0c268c81f157548a8f09d91e3306f,4752,6256,JPEG
Sketch60s_0096_00004.jpg,9233796,Sketch60s_0096.jpg,51698bae763665fdf3eafb3c6fe19a17,4752,6256,JPEG
Sketch60s_0096_00005.jpg,8776668,Sketch60s_0096.jpg,8c719f9aef3b2f16ab17685c0e181e3b,4752,6256,JPEG
Sketch60s_0096_00006.jpg,8834323,Sketch60s_0096.jpg,7bc2b30aad5ee695a9714e8894b62419,4752,6256,JPEG
Sketch60s_0096_00007.jpg,8728776,Sketch60s_0096.jpg,2b8034a344a87f4c472a0295cc550ede,4752,6256,JPEG
Sketch60s_0096_00008.jpg,8912316,Sketch60s_0096.jpg,e4c6c0298c6b4470e4bf3c2e906b41ac,4752,6256,JPEG
Sketch60s_0096_00009.jpg,8677327,Sketch60s_0096.jpg,7c02f2af4212f4ff3df672519a3f5691,4752,6256,JPEG
Sketch60s_0096_00010.jpg,9163086,Sketch60s_0096.jpg,3e9fd56cb31edb8a3428d29e227474c4,4752,6256,JPEG
Sketch60s_0097_00001.jpg,7543126,Sketch60s_0097.jpg,13cadb5f537f719c77d3c05670633821,4744,6240,JPEG
Sketch60s_0097_00002.jpg,7013890,Sketch60s_0097.jpg,ace7f4d5c536772926b1ab75515e3f0f,4744,6240,JPEG
Sketch60s_0097_00003.jpg,7189645,Sketch60s_0097.jpg,cba8ba994088c8d5c02b373e7b43f1b3,4744,6240,JPEG
Sketch60s_0097_00004.jpg,7107668,Sketch60s_0097.jpg,868ad0080ea3fa25ce0b9d0c0380b330,4744,6240,JPEG
Sketch60s_0097_00005.jpg,7060537,Sketch60s_0097.jpg,d0a4c8e3085a57e0c6ea12deae7d69a1,4744,6240,JPEG
Sketch60s_0097_00006.jpg,7076443,Sketch60s_0097.jpg,97faf8280c0e38fda2ca42eb3ef0fde1,4744,6240,JPEG
Sketch60s_0097_00007.jpg,7223458,Sketch60s_0097.jpg,b85452959fd2e4bbb4cfb8963a70683e,4744,6240,JPEG
Sketch60s_0097_00008.jpg,7130209,Sketch60s_0097.jpg,fd1fd85bac99e9c4c689ff2b0e7925c3,4744,6240,JPEG
Sketch60s_0097_00009.jpg,7321847,Sketch60s_0097.jpg,db0b3651a5b9e9404ca33d13f4bfe21e,4744,6240,JPEG
Sketch60s_0097_00010.jpg,6996641,Sketch60s_0097.jpg,6adacf0c235391f44d1d5f0709074126,4744,6240,JPEG
Sketch_0001_00001.jpg,2880340,Sketch_0001.jpg,15f8c48df353c3b7e634fc7c49e02b73,2023,3397,JPEG
Sketch_0001_00002.jpg,2887757,Sketch_0001.jpg,f583bad884218d5cf9f440e7f63d46f3,2023,3397,JPEG
Sketch_0001_00003.jpg,2922640,Sketch_0001.jpg,d58ed1726316218bd52a7376d0821a86,2023,3397,JPEG
Sketch_0001_00004.jpg,2925406,Sketch_0001.jpg,6b057e219c0ca6f7907f86783636f290,2023,3397,JPEG
Sketch_0001_00005.jpg,2866941,Sketch_0001.jpg,c04f987b7c9259d5fee2b23309b82b1c,2023,3397,JPEG
Sketch_0001_00006.jpg,2875505,Sketch_0001.jpg,dbcc661ba4f6003d3f2443224996f2e8,2023,3397,JPEG
Sketch_0001_00007.jpg,2889791,Sketch_0001.jpg,5ba988dcf405bbdf5534dc64cb9ddb16,2023,3397,JPEG
Sketch_0001_00008.jpg,2894400,Sketch_0001.jpg,18f3a51172c89ebbedcb79762cc3a5e1,2023,3397,JPEG
Sketch_0001_00009.jpg,2869037,Sketch_0001.jpg,d45ebad261041cd7043ad395212f8ccd,2023,3397,JPEG
Sketch_0001_00010.jpg,2896301,Sketch_0001.jpg,a504509f0db26ad664a0015ffb227fa8,2023,3397,JPEG
Sketch_0003_00001.jpg,4130810,Sketch_0003.jpg,825dcf1c3c303c40d6d877ae88501c52,2292,5702,JPEG
Sketch_0003_00002.jpg,4069783,Sketch_0003.jpg,d752a9ffcb62ebd0b0f3814008167117,2292,5702,JPEG
Sketch_0003_00003.jpg,3908898,Sketch_0003.jpg,bf38a0b16c638e0525e52143c4ed7486,2292,5702,JPEG
Sketch_0003_00004.jpg,3944388,Sketch_0003.jpg,fc6b628e2c749c4ce722e480f59f86c3,2292,5702,JPEG
Sketch_0003_00005.jpg,3863224,Sketch_0003.jpg,b9209d1665c6a4d052ed7f03e5f1b51e,2292,5702,JPEG
Sketch_0003_00006.jpg,3855495,Sketch_0003.jpg,be7bd67c4849d1eeacfc733cc2562c59,2292,5702,JPEG
Sketch_0003_00007.jpg,3801710,Sketch_0003.jpg,73781ff60d8b7fa0f087144aa50668a7,2292,5702,JPEG
Sketch_0003_00008.jpg,3805141,Sketch_0003.jpg,238be7431bf1cb40283f8969fb4d6151,2292,5702,JPEG
Sketch_0003_00009.jpg,4208874,Sketch_0003.jpg,fb946bd755693e14c8f57cdc44fe3e7e,2292,5702,JPEG
Sketch_0003_00010.jpg,3970343,Sketch_0003.jpg,2e15085f3d17f315b1373e561caa6c5f,2292,5702,JPEG
Sketch_0005_00001.jpg,7584974,Sketch_0005.jpg,a03d645b3ea8c569a62486d6f566eea7,4469,5831,JPEG
Sketch_0005_00002.jpg,7890654,Sketch_0005.jpg,4cfc0007b9ecd8a9bc9c7d907483aa8b,4469,5831,JPEG
Sketch_0005_00003.jpg,7547533,Sketch_0005.jpg,c96554824112bb87bc98a84573115a72,4469,5831,JPEG
Sketch_0005_00004.jpg,7921436,Sketch_0005.jpg,e906bccab8d77ace8791f9e8c66cd336,4469,5831,JPEG
Sketch_0005_00005.jpg,7407675,Sketch_0005.jpg,cd0074a2a30051c1a6e680a386fff916,4469,5831,JPEG
Sketch_0005_00006.jpg,7547048,Sketch_0005.jpg,15ec49c84c353bbea95928a647ffc2ef,4469,5831,JPEG
Sketch_0005_00007.jpg,7636249,Sketch_0005.jpg,ff9a4cbe356c85f5e4239c337f5a1541,4469,5831,JPEG
Sketch_0005_00008.jpg,7549680,Sketch_0005.jpg,999a5d14df19e81680938090005b794d,4469,5831,JPEG
Sketch_0005_00009.jpg,7699392,Sketch_0005.jpg,689ac1c97025300bef97a4a9dc395ee3,4469,5831,JPEG
Sketch_0005_00010.jpg,7569821,Sketch_0005.jpg,af14efada83f2d4f38cd68897159dcb4,4469,5831,JPEG
Sketch_0006_00001.jpg,3660234,Sketch_0006.jpg,9e5600a22747b71b6de498870d65f696,3829,3301,JPEG
Sketch_0006_00002.jpg,3749354,Sketch_0006.jpg,d653c43daed10384040d5702e9cba061,3829,3301,JPEG
Sketch_0006_00003.jpg,3654172,Sketch_0006.jpg,27b6f575d84e4e95ca21fa712ab348af,3829,3301,JPEG
Sketch_0006_00004.jpg,3721166,Sketch_0006.jpg,2612d39ee4a0b6feff2bc095ecd97052,3829,3301,JPEG
Sketch_0006_00005.jpg,3616298,Sketch_0006.jpg,0d54e0dbd95436a59b0eddee04e9961d,3829,3301,JPEG
Sketch_0006_00006.jpg,3402540,Sketch_0006.jpg,797ef827c050026d6f414e5712b68f66,3829,3301,JPEG
Sketch_0006_00007.jpg,3619121,Sketch_0006.jpg,347e6f0cfbf35c740dddce67189b3150,3829,3301,JPEG
Sketch_0006_00008.jpg,3480490,Sketch_0006.jpg,332474fe914a99537ee9b6a9846cc0a0,3829,3301,JPEG
Sketch_0006_00009.jpg,3496711,Sketch_0006.jpg,292db8d305c4c72898c55f13e0331cab,3829,3301,JPEG
Sketch_0006_00010.jpg,3641337,Sketch_0006.jpg,1c9be8fa91e5021595183285f144be10,3829,3301,JPEG
Sketch_0007_00001.jpg,2935621,Sketch_0007.jpg,634228400f829cc99fc2109dd30fc3df,2518,3976,JPEG
Sketch_0007_00002.jpg,2943289,Sketch_0007.jpg,6d36f81fb7ae49df86ad77d7ab594f45,2518,3976,JPEG
Sketch_0007_00003.jpg,2890730,Sketch_0007.jpg,641f6696d4338d62e8064aa927b3d6f8,2518,3976,JPEG
Sketch_0007_00004.jpg,3010467,Sketch_0007.jpg,378a53e5ba7b3fcbe6e9a3236c484e27,2518,3976,JPEG
Sketch_0007_00005.jpg,3075675,Sketch_0007.jpg,336398e7a67463460956419fc4f783d0,2518,3976,JPEG
Sketch_0007_00006.jpg,2845552,Sketch_0007.jpg,9f4a29764656a87daddf0ed239c19383,2518,3976,JPEG
Sketch_0007_00007.jpg,3123956,Sketch_0007.jpg,409a5059f91907b6112f270015cdd2ab,2518,3976,JPEG
Sketch_0007_00008.jpg,3014767,Sketch_0007.jpg,96897b6621b33601f5cca2c41d705786,2518,3976,JPEG
Sketch_0007_00009.jpg,2903268,Sketch_0007.jpg,b6b244c01b2253cb8bdb5f4f18fe2b81,2518,3976,JPEG
Sketch_0007_00010.jpg,2929362,Sketch_0007.jpg,d6c6a8a968f600acf7e32c9278b16167,2518,3976,JPEG
Sketch_0008_00001.jpg,5026196,Sketch_0008.jpg,a091227f15af54f7121f75973327aaae,3611,4440,JPEG
Sketch_0008_00002.jpg,5074383,Sketch_0008.jpg,6847269afcf7bb7f6f5ec306048c3be8,3611,4440,JPEG
Sketch_0008_00003.jpg,5116039,Sketch_0008.jpg,ad5a828e2c2a8d33057a4af231209943,3611,4440,JPEG
Sketch_0008_00004.jpg,5145329,Sketch_0008.jpg,c741a1486431ac9e37329733a6c699f9,3611,4440,JPEG
Sketch_0008_00005.jpg,4903646,Sketch_0008.jpg,1546e3f6346522059849ac0438330be7,3611,4440,JPEG
Sketch_0008_00006.jpg,5099705,Sketch_0008.jpg,ff845cb09e0674909267a44ee633dcb9,3611,4440,JPEG
Sketch_0008_00007.jpg,5068581,Sketch_0008.jpg,b280813e3ae4e231d40fd97cfabcdf85,3611,4440,JPEG
Sketch_0008_00008.jpg,4924801,Sketch_0008.jpg,36c60415dec906b0df6894b54a90b209,3611,4440,JPEG
Sketch_0008_00009.jpg,4917028,Sketch_0008.jpg,9ea4be30c4fe2d891efaf20a4987e6aa,3611,4440,JPEG
Sketch_0008_00010.jpg,5090687,Sketch_0008.jpg,98164c61577f60387365847b3ebf6d9f,3611,4440,JPEG
Sketch_0009_00001.jpg,8497837,Sketch_0009.jpg,26f18124487036557f1c8cf9820d1524,4400,7008,JPEG
Sketch_0009_00002.jpg,8817529,Sketch_0009.jpg,904771852c34003ce063313b324fff63,4400,7008,JPEG
Sketch_0009_00003.jpg,8544164,Sketch_0009.jpg,454cc6ed065d941e14e60151966504dc,4400,7008,JPEG
Sketch_0009_00004.jpg,8999859,Sketch_0009.jpg,e757c79bfb9f0c3c039810fe0faef2c4,4400,7008,JPEG
Sketch_0009_00005.jpg,8816151,Sketch_0009.jpg,586334b211600efa10bc2886336c919a,4400,7008,JPEG
Sketch_0009_00006.jpg,9341269,Sketch_0009.jpg,e9e91929ce7dc4ed611853d2c9329f96,4400,7008,JPEG
Sketch_0009_00007.jpg,9139851,Sketch_0009.jpg,6ab6713d74ebfd062cc50ac8ac49a85a,4400,7008,JPEG
Sketch_0009_00008.jpg,8569390,Sketch_0009.jpg,5cc7112dff0bf61b9f9582850731e4b2,4400,7008,JPEG
Sketch_0009_00009.jpg,8615571,Sketch_0009.jpg,fe6050f3decbfe47272191cda45e4d32,4400,7008,JPEG
Sketch_0009_00010.jpg,8825748,Sketch_0009.jpg,c1c2325cf75a0fa1e9a38f98cda5fd2e,4400,7008,JPEG
Sketch_0010_00001.jpg,4189007,Sketch_0010.jpg,7ef2c015d242a752b3edc2e3292ad4c3,4754,2203,JPEG
Sketch_0010_00002.jpg,3983122,Sketch_0010.jpg,52674754bfb0fc0d257cfddfccd1cf28,4754,2203,JPEG
Sketch_0010_00003.jpg,4158962,Sketch_0010.jpg,2739b70c3d3a28b0221522cf6b8968b2,4754,2203,JPEG
Sketch_0010_00004.jpg,4101893,Sketch_0010.jpg,9d834f3ac141b8cdab8f1950e8185813,4754,2203,JPEG
Sketch_0010_00005.jpg,4260369,Sketch_0010.jpg,46768795805d2642648a823c2233ef80,4754,2203,JPEG
Sketch_0010_00006.jpg,4322225,Sketch_0010.jpg,fc615be333bf30a600bb42d2dcb99421,4754,2203,JPEG
Sketch_0010_00007.jpg,4615975,Sketch_0010.jpg,88470fde9c137d57dbbb75a0f07ef7d8,4754,2203,JPEG
Sketch_0010_00008.jpg,4018827,Sketch_0010.jpg,b645bdd9cb2bcc2fcbc5a9cc2b660816,4754,2203,JPEG
Sketch_0010_00009.jpg,4187874,Sketch_0010.jpg,5ad24c631351170b1b0f1dec9f9a3531,4754,2203,JPEG
Sketch_0010_00010.jpg,4301249,Sketch_0010.jpg,41bfcfdec7debe1a46e122186e239bf1,4754,2203,JPEG
Sketch_0012_00001.jpg,1871461,Sketch_0012.jpg,d5e4c0c1d1fab528b9e7dc3287f53526,2998,1557,JPEG
Sketch_0012_00002.jpg,1764267,Sketch_0012.jpg,314312510c4d1ea65531527755cada83,2998,1557,JPEG
Sketch_0012_00003.jpg,1748778,Sketch_0012.jpg,718290268167cd57d2ce1e3726940c98,2998,1557,JPEG
Sketch_0012_00004.jpg,1787531,Sketch_0012.jpg,832385ad0785b75e2787e11661f6eefa,2998,1557,JPEG
Sketch_0012_00005.jpg,1714283,Sketch_0012.jpg,e3fc2d19f34d2b072a0cef4239f6d5f2,2998,1557,JPEG
Sketch_0012_00006.jpg,1636419,Sketch_0012.jpg,f597703087a5627ca657f90e6215bc08,2998,1557,JPEG
Sketch_0012_00007.jpg,1624790,Sketch_0012.jpg,cb79b884ec555f018f99c558e8081a9d,2998,1557,JPEG
Sketch_0012_00008.jpg,1858683,Sketch_0012.jpg,ae8e2c6427e65b778b64c7c05febf48c,2998,1557,JPEG
Sketch_0012_00009.jpg,1680801,Sketch_0012.jpg,c022e2686d7e38a48c9cf3e3db06579c,2998,1557,JPEG
Sketch_0012_00010.jpg,1682913,Sketch_0012.jpg,a5430aa4a67687bea1c508a5f819efae,2998,1557,JPEG
Sketch_0013_00001.jpg,8575688,Sketch_0013.jpg,579a264f1ce27138221b0eb9b753d7f0,4373,6477,JPEG
Sketch_0013_00002.jpg,8740217,Sketch_0013.jpg,a0847d7e027b6231fe239c3cf2077496,4373,6477,JPEG
Sketch_0013_00003.jpg,8906958,Sketch_0013.jpg,351c60e5c7421a7fd7327c514b04d187,4373,6477,JPEG
Sketch_0013_00004.jpg,8518338,Sketch_0013.jpg,0e3d77d869773357b6fc38b50defaa33,4373,6477,JPEG
Sketch_0013_00005.jpg,8440318,Sketch_0013.jpg,9c9a0ebb5e0e342907309779f56e3095,4373,6477,JPEG
Sketch_0013_00006.jpg,8487495,Sketch_0013.jpg,b6853305c003e9a50a99c5036f152bd5,4373,6477,JPEG
Sketch_0013_00007.jpg,8516134,Sketch_0013.jpg,828e36c274429a477f8e101c63851fca,4373,6477,JPEG
Sketch_0013_00008.jpg,8452458,Sketch_0013.jpg,683fba56524582f4d15fa5195c5ea18b,4373,6477,JPEG
Sketch_0013_00009.jpg,8711287,Sketch_0013.jpg,b601d862f2a7a8ef9b10d8afcf8b647a,4373,6477,JPEG
Sketch_0013_00010.jpg,8350986,Sketch_0013.jpg,39349c6ba28a9638991ef786fd843ab6,4373,6477,JPEG
Sketch_0018_00001.jpg,3161332,Sketch_0018.jpg,ef9300e2ec188949f392762857242f0f,2866,4059,JPEG
Sketch_0018_00002.jpg,3217049,Sketch_0018.jpg,054247b1aea7d7713bcca6db3e99a1e5,2866,4059,JPEG
Sketch_0018_00003.jpg,3109242,Sketch_0018.jpg,76f492d99fa51dab0cbfc31dc3524f08,2866,4059,JPEG
Sketch_0018_00004.jpg,3217674,Sketch_0018.jpg,95bba7a94b44b4d6b8e84ed91982f425,2866,4059,JPEG
Sketch_0018_00005.jpg,3197867,Sketch_0018.jpg,4cb28b914aec1fb70f1d9c758475592f,2866,4059,JPEG
Sketch_0018_00006.jpg,3167545,Sketch_0018.jpg,289afb77f8f3ef81a1104f16bbb988e8,2866,4059,JPEG
Sketch_0018_00007.jpg,3235595,Sketch_0018.jpg,a445447eb7ebeff1b032b9a16480296a,2866,4059,JPEG
Sketch_0018_00008.jpg,3364146,Sketch_0018.jpg,7280b7663389b94028fd2b83350053dc,2866,4059,JPEG
Sketch_0018_00009.jpg,3211821,Sketch_0018.jpg,8a2b815fabca83a987decc31a23ab320,2866,4059,JPEG
Sketch_0018_00010.jpg,3295414,Sketch_0018.jpg,2b448886c9877671edde521322a3f112,2866,4059,JPEG
Sketch_0019_00001.jpg,2963676,Sketch_0019.jpg,a8f4c80d83e454f9030676e4f8bd38dc,2203,5169,JPEG
Sketch_0019_00002.jpg,3058071,Sketch_0019.jpg,0c6714d709b1420c92d1628844d621f8,2203,5169,JPEG
Sketch_0019_00003.jpg,2965900,Sketch_0019.jpg,8e2c6d4be7d59466d9a3bf992fd5881b,2203,5169,JPEG
Sketch_0019_00004.jpg,3065103,Sketch_0019.jpg,d5c0afde3610c26ed08bd7d69d447f66,2203,5169,JPEG
Sketch_0019_00005.jpg,3082858,Sketch_0019.jpg,40dd04e2ecf93eac35b1e9c016feee1e,2203,5169,JPEG
Sketch_0019_00006.jpg,2915780,Sketch_0019.jpg,4bebf09018f9449c0155ef43a6da59c5,2203,5169,JPEG
Sketch_0019_00007.jpg,3046172,Sketch_0019.jpg,9b952f7f854db3d45f801c6f7205de30,2203,5169,JPEG
Sketch_0019_00008.jpg,3218559,Sketch_0019.jpg,7345ebca1123d85fe1f6e02d8ed37620,2203,5169,JPEG
Sketch_0019_00009.jpg,3135810,Sketch_0019.jpg,f561b4cf485d3e3f421b75a73110e8d7,2203,5169,JPEG
Sketch_0019_00010.jpg,3324270,Sketch_0019.jpg,0c9e93d559a3aac8bab30dba863423a5,2203,5169,JPEG
Sketch_0020_00001.jpg,3088043,Sketch_0020.jpg,baf6e07c48580392ad71a92e1e9c7f51,2236,4688,JPEG
Sketch_0020_00002.jpg,3123662,Sketch_0020.jpg,6148b3e9fbef3d72fd8018e889cb78b1,2236,4688,JPEG
Sketch_0020_00003.jpg,3076963,Sketch_0020.jpg,f2cc3a66537590ec912df69025aa509a,2236,4688,JPEG
Sketch_0020_00004.jpg,3028052,Sketch_0020.jpg,0e6a4ff0f35caf853a53269ecc8255a4,2236,4688,JPEG
Sketch_0020_00005.jpg,3068526,Sketch_0020.jpg,7aa84d389bf4d110b16a4221503378d1,2236,4688,JPEG
Sketch_0020_00006.jpg,2909779,Sketch_0020.jpg,2a532e06335391b250bdc87881a28d61,2236,4688,JPEG
Sketch_0020_00007.jpg,3035919,Sketch_0020.jpg,da320df7135409bfedb28f78bb9dfdc3,2236,4688,JPEG
Sketch_0020_00008.jpg,3069862,Sketch_0020.jpg,e610932ed6e1c4b9263337b88da64ffb,2236,4688,JPEG
Sketch_0020_00009.jpg,2978021,Sketch_0020.jpg,9f9ea028838d564ff65d88b72d9e351e,2236,4688,JPEG
Sketch_0020_00010.jpg,2956798,Sketch_0020.jpg,227d6a636dbc536a9f3d03532de982ca,2236,4688,JPEG
Sketch_Page_056_00001.jpg,2754727,Sketch_Page_056.jpg,85587718b37d3b43a44adcc89f2d148b,2926,5704,JPEG
Sketch_Page_056_00002.jpg,2892116,Sketch_Page_056.jpg,b562138f12c2a3d98e9241391949f124,2926,5704,JPEG
Sketch_Page_056_00003.jpg,3029188,Sketch_Page_056.jpg,a76ec0b6b05a2b9945e3fe29ff282c7d,2926,5704,JPEG
Sketch_Page_056_00004.jpg,2965441,Sketch_Page_056.jpg,d7dc50b9ceb5d35f845898614b6da0c5,2926,5704,JPEG
Sketch_Page_056_00005.jpg,2761432,Sketch_Page_056.jpg,e0e9d4b4cfcaf09bba3f7737447e7d62,2926,5704,JPEG
Sketch_Page_056_00006.jpg,2841587,Sketch_Page_056.jpg,b0b3ce53e958a8e46df5f90ea39b8991,2926,5704,JPEG
Sketch_Page_056_00007.jpg,2882069,Sketch_Page_056.jpg,1fbdadade49bcd9664f8db469ea09f4b,2926,5704,JPEG
Sketch_Page_056_00008.jpg,2910712,Sketch_Page_056.jpg,a36dd5b1d8708ba9c56e756ac1440476,2926,5704,JPEG
Sketch_Page_056_00009.jpg,2930199,Sketch_Page_056.jpg,ecd819370d091e7a314afcaac691e8ea,2926,5704,JPEG
Sketch_Page_056_00010.jpg,2727850,Sketch_Page_056.jpg,0e1b6e154fa1e85e911abb4f43aa5199,2926,5704,JPEG
Sketch_Page_061_00001.jpg,4771344,Sketch_Page_061.jpg,7d73ec1b5b4c0cbe6c26886675b2b246,4696,5667,JPEG
Sketch_Page_061_00002.jpg,4736488,Sketch_Page_061.jpg,8bc19cd5208b93e349f9b9d43b7a5d38,4696,5667,JPEG
Sketch_Page_061_00003.jpg,5017605,Sketch_Page_061.jpg,3f885fb44c6697d3231036896932b0a4,4696,5667,JPEG
Sketch_Page_061_00004.jpg,4522058,Sketch_Page_061.jpg,4e88e170ccb9c31af0316e0edd2ef374,4696,5667,JPEG
Sketch_Page_061_00005.jpg,4798125,Sketch_Page_061.jpg,e755dd008396dd9fc6323ccada9f9117,4696,5667,JPEG
Sketch_Page_061_00006.jpg,4693515,Sketch_Page_061.jpg,c4e7c23fc4df554a1959094ac4ffd0b8,4696,5667,JPEG
Sketch_Page_061_00007.jpg,4782393,Sketch_Page_061.jpg,d6b65d491beb184b95e5882f5519bfb1,4696,5667,JPEG
Sketch_Page_061_00008.jpg,4723695,Sketch_Page_061.jpg,5053d08d16b607aff2276d60cb16a702,4696,5667,JPEG
Sketch_Page_061_00009.jpg,4456359,Sketch_Page_061.jpg,7396e560f56fc273ad8d25856f51edf8,4696,5667,JPEG
Sketch_Page_061_00010.jpg,4854827,Sketch_Page_061.jpg,5a9b6a7adbc0ce0c65d6202f406ad687,4696,5667,JPEG
Sketch_Page_066_00001.jpg,444543,Sketch_Page_066.jpg,089bd727b8f540a091668a9ddfe769e9,1877,612,JPEG
Sketch_Page_066_00002.jpg,479013,Sketch_Page_066.jpg,f41ac982333ac9dd22c3b6753dcc42b5,1877,612,JPEG
Sketch_Page_066_00003.jpg,596059,Sketch_Page_066.jpg,3d84c716a20f484126efa90db3ee249c,1877,612,JPEG
Sketch_Page_066_00004.jpg,494179,Sketch_Page_066.jpg,3c5d9d0107230057908daf8e45c11cca,1877,612,JPEG
Sketch_Page_066_00005.jpg,556230,Sketch_Page_066.jpg,27899d7a36309873c1f354543746081a,1877,612,JPEG
Sketch_Page_066_00006.jpg,437336,Sketch_Page_066.jpg,21efdc6dced3dfaefae6db0b1f7e8888,1877,612,JPEG
Sketch_Page_066_00007.jpg,559182,Sketch_Page_066.jpg,c5712d5b8ac18463d3f7c4c4c61de5ea,1877,612,JPEG
Sketch_Page_066_00008.jpg,554030,Sketch_Page_066.jpg,9940a312d4a2703899ddb03c88bc86b4,1877,612,JPEG
Sketch_Page_066_00009.jpg,483120,Sketch_Page_066.jpg,386db01d2a45fc5d36a037263d4fc26f,1877,612,JPEG
Sketch_Page_066_00010.jpg,407286,Sketch_Page_066.jpg,ed98ac0ebdbe946f1b1d80e713646713,1877,612,JPEG
Sketch_Page_072_00001.jpg,2100641,Sketch_Page_072.jpg,340da70db65d8dbd7950c4d349791331,3061,3343,JPEG
Sketch_Page_072_00002.jpg,2249037,Sketch_Page_072.jpg,b70a6d6ed26a767d946d2a6f5d071033,3061,3343,JPEG
Sketch_Page_072_00003.jpg,2093589,Sketch_Page_072.jpg,f3307ae3fe8e693db03504abdacad2aa,3061,3343,JPEG
Sketch_Page_072_00004.jpg,2023725,Sketch_Page_072.jpg,02e065ddf47d4012b42950bebc1883b0,3061,3343,JPEG
Sketch_Page_072_00005.jpg,2224823,Sketch_Page_072.jpg,49be84ca17e83e77727e04cdf773cb7e,3061,3343,JPEG
Sketch_Page_072_00006.jpg,1845769,Sketch_Page_072.jpg,684d6970b19a26f33f05a77003acc24a,3061,3343,JPEG
Sketch_Page_072_00007.jpg,2155069,Sketch_Page_072.jpg,9f5200e177b99741ca13184622c98bf2,3061,3343,JPEG
Sketch_Page_072_00008.jpg,1918201,Sketch_Page_072.jpg,b9a3883d5af3a5a8ca69377deaef73e0,3061,3343,JPEG
Sketch_Page_072_00009.jpg,1947957,Sketch_Page_072.jpg,56277cac6a0afc0dbee38afca3e67174,3061,3343,JPEG
Sketch_Page_072_00010.jpg,2014879,Sketch_Page_072.jpg,bf3433792ef787b39e1e520f0ef9fb99,3061,3343,JPEG
Sketch_Page_088_00001.jpg,2703194,Sketch_Page_088.jpg,6e377adbc30e90534842607c32b94865,3459,4815,JPEG
Sketch_Page_088_00002.jpg,2548360,Sketch_Page_088.jpg,4ed5b8bc76136770cb592f6fc5355727,3459,4815,JPEG
Sketch_Page_088_00003.jpg,2417863,Sketch_Page_088.jpg,db6eb1b6cad37bebaf7f2e1d0435e3ba,3459,4815,JPEG
Sketch_Page_088_00004.jpg,2378333,Sketch_Page_088.jpg,7ab0d3222c61c8ec1e0806892c829095,3459,4815,JPEG
Sketch_Page_088_00005.jpg,2891639,Sketch_Page_088.jpg,364bbfed533a4788888d6e95e4054c8b,3459,4815,JPEG
Sketch_Page_088_00006.jpg,2614747,Sketch_Page_088.jpg,a88f5258d64c8e4489fbcede568fb22d,3459,4815,JPEG
Sketch_Page_088_00007.jpg,2496008,Sketch_Page_088.jpg,1ad73f336417b2ceb693c579d7d28b16,3459,4815,JPEG
Sketch_Page_088_00008.jpg,2596843,Sketch_Page_088.jpg,e67ac83ba81893a2e20f6ad577280b1b,3459,4815,JPEG
Sketch_Page_088_00009.jpg,2632601,Sketch_Page_088.jpg,0e4455ebc42e8b91b9ab77c1b93b7c01,3459,4815,JPEG
Sketch_Page_088_00010.jpg,2518209,Sketch_Page_088.jpg,282e722c29ac3d17120828e383875fc7,3459,4815,JPEG
Sketch_Page_092_00001.jpg,2808981,Sketch_Page_092.jpg,6a2dd35c7cdee49840026762f8d30f3c,3502,5432,JPEG
Sketch_Page_092_00002.jpg,3013924,Sketch_Page_092.jpg,249b8e8fd66cc30084a25d0ce6b9b326,3502,5432,JPEG
Sketch_Page_092_00003.jpg,2915402,Sketch_Page_092.jpg,bc774b0ce89808edf29225731df0b7e2,3502,5432,JPEG
Sketch_Page_092_00004.jpg,2880934,Sketch_Page_092.jpg,82d499560ecb76a931de918c24a78fcd,3502,5432,JPEG
Sketch_Page_092_00005.jpg,3145060,Sketch_Page_092.jpg,000af81b690ee2b3ebca23a9d4493823,3502,5432,JPEG
Sketch_Page_092_00006.jpg,3191884,Sketch_Page_092.jpg,7d73c52527d59735feb49a96124efb16,3502,5432,JPEG
Sketch_Page_092_00007.jpg,2977558,Sketch_Page_092.jpg,2cc5c7794d5bbd3a43f98d03028a1fca,3502,5432,JPEG
Sketch_Page_092_00008.jpg,2907175,Sketch_Page_092.jpg,8fd67db264d2428f42ae7dc30b045843,3502,5432,JPEG
Sketch_Page_092_00009.jpg,2898703,Sketch_Page_092.jpg,c97b95e8c3becfff75e0c0a87e183d94,3502,5432,JPEG
Sketch_Page_092_00010.jpg,3161805,Sketch_Page_092.jpg,0b362dda2cfc15871a890ddec10539b5,3502,5432,JPEG
Sketch_Page_095_00001.jpg,2392403,Sketch_Page_095.jpg,a58563077337b260e2b7ded154d42147,2914,4379,JPEG
Sketch_Page_095_00002.jpg,2302191,Sketch_Page_095.jpg,3118c86a72612403c3a156493e4ca2df,2914,4379,JPEG
Sketch_Page_095_00003.jpg,2231165,Sketch_Page_095.jpg,a9c57626d97a186e04739d5df8c07987,2914,4379,JPEG
Sketch_Page_095_00004.jpg,2441179,Sketch_Page_095.jpg,61ff4b869a3e6b1b5fee2177bb517ccc,2914,4379,JPEG
Sketch_Page_095_00005.jpg,2337080,Sketch_Page_095.jpg,dfd15c82b1ec7e6fa7f31efb62075fdd,2914,4379,JPEG
Sketch_Page_095_00006.jpg,2306963,Sketch_Page_095.jpg,a49e815405a6416b43444968f86fe135,2914,4379,JPEG
Sketch_Page_095_00007.jpg,2553541,Sketch_Page_095.jpg,f2a7564a30179aaf707587a328fa5605,2914,4379,JPEG
Sketch_Page_095_00008.jpg,2400539,Sketch_Page_095.jpg,2e4eb100c2bd665ce0bff347b6d56207,2914,4379,JPEG
Sketch_Page_095_00009.jpg,2444582,Sketch_Page_095.jpg,d21b0ac93ad804f8feddbabec31cda1b,2914,4379,JPEG
Sketch_Page_095_00010.jpg,2505917,Sketch_Page_095.jpg,a671337cdcfd1c26d024e70141a7b448,2914,4379,JPEG
Sketch_Page_164_00001.jpg,2145287,Sketch_Page_164.jpg,5b474b52a7b33924b07e48ac968a8fdb,3448,2199,JPEG
Sketch_Page_164_00002.jpg,2438740,Sketch_Page_164.jpg,c53d0585d8980a9bf3edf541e575d50b,3448,2199,JPEG
Sketch_Page_164_00003.jpg,2121355,Sketch_Page_164.jpg,632d89a4d283d4a936e85510592b5fd1,3448,2199,JPEG
Sketch_Page_164_00004.jpg,2277543,Sketch_Page_164.jpg,8691fe21ef6af3bca8d325482ef4bf74,3448,2199,JPEG
Sketch_Page_164_00005.jpg,2129239,Sketch_Page_164.jpg,ee4df29daa1d3ed3d453f28f9cfe1cd3,3448,2199,JPEG
Sketch_Page_164_00006.jpg,2269243,Sketch_Page_164.jpg,213afd806147e33b7cf8d4e83b865619,3448,2199,JPEG
Sketch_Page_164_00007.jpg,2074728,Sketch_Page_164.jpg,5a2a4c092a7c8f92e77f60e5804c1597,3448,2199,JPEG
Sketch_Page_164_00008.jpg,2104216,Sketch_Page_164.jpg,7d35f24d67440b40f7ce118c96faa854,3448,2199,JPEG
Sketch_Page_164_00009.jpg,2056996,Sketch_Page_164.jpg,2dba8d58b1a25717b10d786533dad744,3448,2199,JPEG
Sketch_Page_164_00010.jpg,2304628,Sketch_Page_164.jpg,7b54c089a547f4072b8d63c44c55518f,3448,2199,JPEG
Sketch_Page_165_00001.jpg,4141644,Sketch_Page_165.jpg,2665faaa0d853ba0efd6627a51f8e951,4638,4075,JPEG
Sketch_Page_165_00002.jpg,3769944,Sketch_Page_165.jpg,2039192214fe6131facfbaf0d61ddd7e,4638,4075,JPEG
Sketch_Page_165_00003.jpg,4289439,Sketch_Page_165.jpg,2099130dfe18a7e62d97a150448ff7a7,4638,4075,JPEG
Sketch_Page_165_00004.jpg,4344529,Sketch_Page_165.jpg,fb47f00a5156747766f09a2f1488ce76,4638,4075,JPEG
Sketch_Page_165_00005.jpg,4262380,Sketch_Page_165.jpg,c4bb9b9078c2d7050a92e44fa221b81a,4638,4075,JPEG
Sketch_Page_165_00006.jpg,4234688,Sketch_Page_165.jpg,7e309347c92e525786247a216d6b4913,4638,4075,JPEG
Sketch_Page_165_00007.jpg,4498679,Sketch_Page_165.jpg,28ef9a5476962bbef692db8ad79ce4db,4638,4075,JPEG
Sketch_Page_165_00008.jpg,4129461,Sketch_Page_165.jpg,62a86d65374dc0674ca33c04ed085bca,4638,4075,JPEG
Sketch_Page_165_00009.jpg,4232261,Sketch_Page_165.jpg,b0bbbff648b6062e5e274face3b58c57,4638,4075,JPEG
Sketch_Page_165_00010.jpg,4012870,Sketch_Page_165.jpg,6912c3dc8fa6b7882e7caa003dd0ed37,4638,4075,JPEG
Sketch_Page_166_00001.jpg,5259137,Sketch_Page_166.jpg,9926c7ae3ae38bfa5dd5c23659cc3c6e,5096,5648,JPEG
Sketch_Page_166_00002.jpg,5496148,Sketch_Page_166.jpg,dc47f1d64507d1a7c6e757f724c03203,5096,5648,JPEG
Sketch_Page_166_00003.jpg,5062300,Sketch_Page_166.jpg,af7ac365159b38a7f1435bde1b5436e0,5096,5648,JPEG
Sketch_Page_166_00004.jpg,5528722,Sketch_Page_166.jpg,7be11a5f148949ffa03eaf29bf0ed600,5096,5648,JPEG
Sketch_Page_166_00005.jpg,5364881,Sketch_Page_166.jpg,2e7bde7d3ea104b883a7202acf488f0d,5096,5648,JPEG
Sketch_Page_166_00006.jpg,5790885,Sketch_Page_166.jpg,7f081b737c73393fb007aa35c2086acc,5096,5648,JPEG
Sketch_Page_166_00007.jpg,5276415,Sketch_Page_166.jpg,a2fb139cd8e44a437dc49ff010691115,5096,5648,JPEG
Sketch_Page_166_00008.jpg,5567438,Sketch_Page_166.jpg,30e20f50eaaad87ccafe955a6ef9c17e,5096,5648,JPEG
Sketch_Page_166_00009.jpg,5375943,Sketch_Page_166.jpg,166cfb1aee4e55b59c5c609204f17548,5096,5648,JPEG
Sketch_Page_166_00010.jpg,5343019,Sketch_Page_166.jpg,162b68d8b3ce299ea3ae175bc1eafed3,5096,5648,JPEG
Sketch_Page_167_00001.jpg,3053027,Sketch_Page_167.jpg,e214408c8851f3fde91525953884a148,4816,3716,JPEG
Sketch_Page_167_00002.jpg,3789130,Sketch_Page_167.jpg,9f07f06e764e6d88681fffc5e95a8bc4,4816,3716,JPEG
Sketch_Page_167_00003.jpg,3495131,Sketch_Page_167.jpg,f2016894b89b2461d9d31d899aa23615,4816,3716,JPEG
Sketch_Page_167_00004.jpg,3843265,Sketch_Page_167.jpg,bd321e9d87908a46e14eb0c34454bc40,4816,3716,JPEG
Sketch_Page_167_00005.jpg,3695181,Sketch_Page_167.jpg,35668201afbbdf00a4f0cd5d2637d4e0,4816,3716,JPEG
Sketch_Page_167_00006.jpg,3407460,Sketch_Page_167.jpg,c2444c400e61af8c355c43f62936ab13,4816,3716,JPEG
Sketch_Page_167_00007.jpg,3813681,Sketch_Page_167.jpg,1690174feaac75a2329016a2fe7a8227,4816,3716,JPEG
Sketch_Page_167_00008.jpg,3291649,Sketch_Page_167.jpg,3967e4976a9a1684804b918b6423935e,4816,3716,JPEG
Sketch_Page_167_00009.jpg,3463943,Sketch_Page_167.jpg,bf501c1466408a02a8925c61ecfc15c3,4816,3716,JPEG
Sketch_Page_167_00010.jpg,3732136,Sketch_Page_167.jpg,0a2dfddc5ad6b425bb0e5e0873976022,4816,3716,JPEG
Sketch_Page_168_00001.jpg,3587512,Sketch_Page_168.jpg,036f93b5cb28ac198b41d4581e63baac,5096,4192,JPEG
Sketch_Page_168_00002.jpg,3816325,Sketch_Page_168.jpg,0bd87a144d762b114b3be353a845cd39,5096,4192,JPEG
Sketch_Page_168_00003.jpg,4019584,Sketch_Page_168.jpg,cf965888596a9a8e75a816f9948c8bd0,5096,4192,JPEG
Sketch_Page_168_00004.jpg,3797537,Sketch_Page_168.jpg,bc4bf6bf0645c586b70bf9de5bd1d711,5096,4192,JPEG
Sketch_Page_168_00005.jpg,3750588,Sketch_Page_168.jpg,21168d1d1fe2f6e0c65e284cc596909f,5096,4192,JPEG
Sketch_Page_168_00006.jpg,3695646,Sketch_Page_168.jpg,c5ee07247aa4102369ebea44fff0fd10,5096,4192,JPEG
Sketch_Page_168_00007.jpg,3567225,Sketch_Page_168.jpg,1cdad87d7c3bacc3bd2c586563d335fb,5096,4192,JPEG
Sketch_Page_168_00008.jpg,3748927,Sketch_Page_168.jpg,36f2aa01d68f33398fa643e3700fba99,5096,4192,JPEG
Sketch_Page_168_00009.jpg,3401191,Sketch_Page_168.jpg,f7f683b1d242cbaf3c4e320c3cf45640,5096,4192,JPEG
Sketch_Page_168_00010.jpg,3557145,Sketch_Page_168.jpg,02be5a84abe0d009c6984809492c8a37,5096,4192,JPEG
Sketch_Page_169_00001.jpg,4924537,Sketch_Page_169.jpg,5cd5a5b58892302d71d153db6cdfd077,5158,4836,JPEG
Sketch_Page_169_00002.jpg,4647650,Sketch_Page_169.jpg,5c4f628a1d73883bb91a4df9eb74cf24,5158,4836,JPEG
Sketch_Page_169_00003.jpg,4733132,Sketch_Page_169.jpg,f5f12db131646a1f6b6f2d038cd86c2f,5158,4836,JPEG
Sketch_Page_169_00004.jpg,5010978,Sketch_Page_169.jpg,687285aa511f8a250dbf87fe3ac4428a,5158,4836,JPEG
Sketch_Page_169_00005.jpg,5237073,Sketch_Page_169.jpg,53cad1d4a99fb1f9a9d25a30fc162eb4,5158,4836,JPEG
Sketch_Page_169_00006.jpg,4836782,Sketch_Page_169.jpg,41759409d751802ba5b7c5652936450e,5158,4836,JPEG
Sketch_Page_169_00007.jpg,4832269,Sketch_Page_169.jpg,5dcbb41dc097e62f234b510a5e6c95d3,5158,4836,JPEG
Sketch_Page_169_00008.jpg,5162514,Sketch_Page_169.jpg,1ed8cc75f91f451776f5722004f94657,5158,4836,JPEG
Sketch_Page_169_00009.jpg,4799660,Sketch_Page_169.jpg,2e4170ae2532fe9fc2e15a8c810c56a7,5158,4836,JPEG
Sketch_Page_169_00010.jpg,4976849,Sketch_Page_169.jpg,1da7c17f4fcb0a1b68ea07e028b6533e,5158,4836,JPEG
Sketch_Page_170_00001.jpg,3125193,Sketch_Page_170.jpg,9fa10b3662c0b037b0e6187dfa80999a,3296,4933,JPEG
Sketch_Page_170_00002.jpg,3289580,Sketch_Page_170.jpg,9e682471a2daa30abc123c4fdf25445b,3296,4933,JPEG
Sketch_Page_170_00003.jpg,3152354,Sketch_Page_170.jpg,738ff004f90f861ceee1e93b8ee466c7,3296,4933,JPEG
Sketch_Page_170_00004.jpg,3299161,Sketch_Page_170.jpg,0dc14e3527fa0ba573da5787b7f3dea2,3296,4933,JPEG
Sketch_Page_170_00005.jpg,3400444,Sketch_Page_170.jpg,7a37804b36114c4a545327fff653e6d0,3296,4933,JPEG
Sketch_Page_170_00006.jpg,3246115,Sketch_Page_170.jpg,1cc0a4fdb4ce29012669c4dd10a9bfa1,3296,4933,JPEG
Sketch_Page_170_00007.jpg,3406540,Sketch_Page_170.jpg,169060d8e6a0b8f3f262e074a948d5a3,3296,4933,JPEG
Sketch_Page_170_00008.jpg,3480441,Sketch_Page_170.jpg,f7311f99cf9470e5168a5bd9d0729f14,3296,4933,JPEG
Sketch_Page_170_00009.jpg,3401196,Sketch_Page_170.jpg,b4cd6726148a7d3a78544a68d0ae7c66,3296,4933,JPEG
Sketch_Page_170_00010.jpg,3435279,Sketch_Page_170.jpg,de628cc953e9347e1c1eab786db865f4,3296,4933,JPEG
Sketch_Page_171_00001.jpg,3897515,Sketch_Page_171.jpg,db22184e41ecd90b993d487e8d059d00,5096,3464,JPEG
Sketch_Page_171_00002.jpg,4172729,Sketch_Page_171.jpg,092936490cc8c0a5589e9d00700e7616,5096,3464,JPEG
Sketch_Page_171_00003.jpg,3681405,Sketch_Page_171.jpg,fe6e8d8b7e21adeb06ebc2ee9b297865,5096,3464,JPEG
Sketch_Page_171_00004.jpg,3500611,Sketch_Page_171.jpg,9213b113793046550f6dd3ab91f6e6b2,5096,3464,JPEG
Sketch_Page_171_00005.jpg,3817559,Sketch_Page_171.jpg,d56e5fdd3aa5f1fccb8a6124dac015b5,5096,3464,JPEG
Sketch_Page_171_00006.jpg,3809323,Sketch_Page_171.jpg,51a6e6826e8e0b9843b78891f588cb6b,5096,3464,JPEG
Sketch_Page_171_00007.jpg,3503021,Sketch_Page_171.jpg,2b920bd6a8a07d8d920b4d071ac80a12,5096,3464,JPEG
Sketch_Page_171_00008.jpg,3402289,Sketch_Page_171.jpg,92d6022a41010da16a22bbdac8bf3f96,5096,3464,JPEG
Sketch_Page_171_00009.jpg,4244892,Sketch_Page_171.jpg,c6de8959ba175649853ddd49c2463723,5096,3464,JPEG
Sketch_Page_171_00010.jpg,3728929,Sketch_Page_171.jpg,a43b4a95062c52858f579dbd5d6060c3,5096,3464,JPEG
sc0000_NEW_00001.jpg,3881859,sc0000_NEW.jpg,9b43290a7a2fb882b7c4ac016eb29183,2944,3685,JPEG
sc0000_NEW_00002.jpg,3483520,sc0000_NEW.jpg,1031769dd34dce0e46432d4d8a8273f4,2944,3685,JPEG
sc0000_NEW_00003.jpg,3554406,sc0000_NEW.jpg,ad526adfc1bee79bd68237079bd91620,2944,3685,JPEG
sc0000_NEW_00004.jpg,3601463,sc0000_NEW.jpg,9a864f68c065b72058c910804b7eddc3,2944,3685,JPEG
sc0000_NEW_00005.jpg,3721160,sc0000_NEW.jpg,ab44a614ddd771432e4bd360b3a1f285,2944,3685,JPEG
sc0000_NEW_00006.jpg,3447381,sc0000_NEW.jpg,49a5a4816811ee321ca6082183ea7109,2944,3685,JPEG
sc0000_NEW_00007.jpg,3543194,sc0000_NEW.jpg,ea48a4f3dc49362c67ac0e45a9413c85,2944,3685,JPEG
sc0000_NEW_00008.jpg,3553674,sc0000_NEW.jpg,dc683d97ffc61132423ea8001a795393,2944,3685,JPEG
sc0000_NEW_00009.jpg,3666223,sc0000_NEW.jpg,cebdb7e11de0ab9dab2d6632f9f2c17f,2944,3685,JPEG
sc0000_NEW_00010.jpg,3534797,sc0000_NEW.jpg,d840c167cd8f0bc0e0bcfe7f9a4665b7,2944,3685,JPEG
sc0001_NEW_00001.jpg,2524186,sc0001_NEW.jpg,776cc08119a8e35e8ac5d7b04a2931bd,2320,3521,JPEG
sc0001_NEW_00002.jpg,2433850,sc0001_NEW.jpg,15fcf4b60042f271977e87d2d93d1912,2320,3521,JPEG
sc0001_NEW_00003.jpg,2508046,sc0001_NEW.jpg,da232b04a4eb7e18c3541601edfc7c35,2320,3521,JPEG
sc0001_NEW_00004.jpg,2442042,sc0001_NEW.jpg,be6c9fcc32d23a47475c953f49f16b88,2320,3521,JPEG
sc0001_NEW_00005.jpg,2255181,sc0001_NEW.jpg,582db0d342aab9c14da0b9c21fb4427f,2320,3521,JPEG
sc0001_NEW_00006.jpg,2610437,sc0001_NEW.jpg,8e490d079242024d99b4e35b353e9d18,2320,3521,JPEG
sc0001_NEW_00007.jpg,2466767,sc0001_NEW.jpg,d893ed61d233b2d6eba3acc1feaf4f4a,2320,3521,JPEG
sc0001_NEW_00008.jpg,2454289,sc0001_NEW.jpg,647ea43e25a69f3052d8f54bd1de582d,2320,3521,JPEG
sc0001_NEW_00009.jpg,2355388,sc0001_NEW.jpg,e1bc0de42b303157b9604ffe69cd6d0a,2320,3521,JPEG
sc0001_NEW_00010.jpg,2583973,sc0001_NEW.jpg,5249e92acd77152a46a77d251c403228,2320,3521,JPEG
sc0002_NEW_00001.jpg,2184850,sc0002_NEW.jpg,2204abc12cac7d7d3e10cc2d076f7ea0,2748,3037,JPEG
sc0002_NEW_00002.jpg,2230917,sc0002_NEW.jpg,674affc444a58585ffb4a1c76574a1e2,2748,3037,JPEG
sc0002_NEW_00003.jpg,2207007,sc0002_NEW.jpg,ee94ea9ed90bd36c2561bd14ac5dba41,2748,3037,JPEG
sc0002_NEW_00004.jpg,2160482,sc0002_NEW.jpg,7e1811cc3fa2ab30de2ddc1118394b1c,2748,3037,JPEG
sc0002_NEW_00005.jpg,2326542,sc0002_NEW.jpg,89a542c83d893387dabb30f142f9b850,2748,3037,JPEG
sc0002_NEW_00006.jpg,2163386,sc0002_NEW.jpg,944f55fe43abbec2c2bc2ad1d04ff016,2748,3037,JPEG
sc0002_NEW_00007.jpg,2246132,sc0002_NEW.jpg,42f52af132f9c74d47b757aacd3be218,2748,3037,JPEG
sc0002_NEW_00008.jpg,2111427,sc0002_NEW.jpg,af737981128cf3d123fbbbd145b695a3,2748,3037,JPEG
sc0002_NEW_00009.jpg,2109963,sc0002_NEW.jpg,1dbe79e2eb400a61400a7dfbf7686a6d,2748,3037,JPEG
sc0002_NEW_00010.jpg,2095660,sc0002_NEW.jpg,8cf12f802686e44333fc542d835013da,2748,3037,JPEG
sc0003_NEW_00001.jpg,1590968,sc0003_NEW.jpg,c328c8b2afed4332ea23914c2258941e,2495,2567,JPEG
sc0003_NEW_00002.jpg,1544834,sc0003_NEW.jpg,575edd1d79b014dfdf2149a8e4c9fa9f,2495,2567,JPEG
sc0003_NEW_00003.jpg,1646209,sc0003_NEW.jpg,dc2fd06e4025f42f84229ff3862272de,2495,2567,JPEG
sc0003_NEW_00004.jpg,1597254,sc0003_NEW.jpg,2839ad9bc4c45ba7ef973690820560bf,2495,2567,JPEG
sc0003_NEW_00005.jpg,1600635,sc0003_NEW.jpg,f65a0914db769b3b7c72ef57f6760d2c,2495,2567,JPEG
sc0003_NEW_00006.jpg,1643189,sc0003_NEW.jpg,1e43c451e1e893c67ea8ea53b6e7103d,2495,2567,JPEG
sc0003_NEW_00007.jpg,1521593,sc0003_NEW.jpg,45706ba6f9c8e571f90f1a7b93ad8872,2495,2567,JPEG
sc0003_NEW_00008.jpg,1554396,sc0003_NEW.jpg,577855d1321840bb729ef2a3d5e22e5c,2495,2567,JPEG
sc0003_NEW_00009.jpg,1500619,sc0003_NEW.jpg,c6205b7fb03bac2c5a0dd127b14e5ae0,2495,2567,JPEG
sc0003_NEW_00010.jpg,1588921,sc0003_NEW.jpg,722e9e029c2285aebdfd3b26354503b3,2495,2567,JPEG
sc0004_NEW_00001.jpg,1437656,sc0004_NEW.jpg,feb01ef4e2c852a3094036a01e29ad96,2490,2310,JPEG
sc0004_NEW_00002.jpg,1398057,sc0004_NEW.jpg,f5672890a5b162c8546feb27a47d8ddb,2490,2310,JPEG
sc0004_NEW_00003.jpg,1317751,sc0004_NEW.jpg,19e2c92fb9cfc6148b85964ddb3becf2,2490,2310,JPEG
sc0004_NEW_00004.jpg,1561492,sc0004_NEW.jpg,8d04062a153bba771ba4a1e97f6ae276,2490,2310,JPEG
sc0004_NEW_00005.jpg,1558026,sc0004_NEW.jpg,d24298b9e6737ec65351062dbd345529,2490,2310,JPEG
sc0004_NEW_00006.jpg,1603411,sc0004_NEW.jpg,1db61710ef7627d1292e9bc51ca14e89,2490,2310,JPEG
sc0004_NEW_00007.jpg,1285942,sc0004_NEW.jpg,0ff0549f16a79a2913f15228ac39e9c1,2490,2310,JPEG
sc0004_NEW_00008.jpg,1206726,sc0004_NEW.jpg,dae29c4f72d9260b6c2f5f5ac6b4633b,2490,2310,JPEG
sc0004_NEW_00009.jpg,1350892,sc0004_NEW.jpg,1251646cbcc0ab3ec6cf16afb3138c1d,2490,2310,JPEG
sc0004_NEW_00010.jpg,1662506,sc0004_NEW.jpg,10120230711cf8cc30309addc950b885,2490,2310,JPEG
sc0005_NEW_00001.jpg,967824,sc0005_NEW.jpg,4267132e1b5ffb734310473fbb982e7e,1991,1894,JPEG
sc0005_NEW_00002.jpg,924073,sc0005_NEW.jpg,4c143a88659980956cd56ca32b982a07,1991,1894,JPEG
sc0005_NEW_00003.jpg,1001451,sc0005_NEW.jpg,bdcb63b8be0094264847f193849a9313,1991,1894,JPEG
sc0005_NEW_00004.jpg,847594,sc0005_NEW.jpg,17b60b343e028b3fd8052fbfe97fbfdd,1991,1894,JPEG
sc0005_NEW_00005.jpg,954076,sc0005_NEW.jpg,9cec4e69379dfebf99c04fc783e5669b,1991,1894,JPEG
sc0005_NEW_00006.jpg,986501,sc0005_NEW.jpg,aa61670719274e735f064470340cd6e1,1991,1894,JPEG
sc0005_NEW_00007.jpg,896671,sc0005_NEW.jpg,ac895241c47ee59de693569d053f11fe,1991,1894,JPEG
sc0005_NEW_00008.jpg,957714,sc0005_NEW.jpg,d99eda56c300de18c9a746c9d8d04d7a,1991,1894,JPEG
sc0005_NEW_00009.jpg,1082556,sc0005_NEW.jpg,7641dcfe81ee7c5930d04479e018fd53,1991,1894,JPEG
sc0005_NEW_00010.jpg,970102,sc0005_NEW.jpg,baf0d41dbb41d276abfa262dd814bf55,1991,1894,JPEG
sc0006_NEW_00001.jpg,2926162,sc0006_NEW.jpg,09c3e7287e45b3e11053a401ec6dd5b7,2748,4019,JPEG
sc0006_NEW_00002.jpg,2808064,sc0006_NEW.jpg,25603bb764e7220e6787efcabaeffec9,2748,4019,JPEG
sc0006_NEW_00003.jpg,2638932,sc0006_NEW.jpg,a6a3707043cfcb5915eae29b49416ed5,2748,4019,JPEG
sc0006_NEW_00004.jpg,3014934,sc0006_NEW.jpg,bfd8a37f8977381d2f021c58baf9cfd9,2748,4019,JPEG
sc0006_NEW_00005.jpg,2620058,sc0006_NEW.jpg,277e57ee61ac42647f2827bd0d7e3fde,2748,4019,JPEG
sc0006_NEW_00006.jpg,2641796,sc0006_NEW.jpg,4266a86f9d95681595f21bf0d949d90e,2748,4019,JPEG
sc0006_NEW_00007.jpg,2796591,sc0006_NEW.jpg,803b3fae1a6b027e1018861b21d85fc8,2748,4019,JPEG
sc0006_NEW_00008.jpg,2712946,sc0006_NEW.jpg,0081bedf48bad44400ed8ceca018d986,2748,4019,JPEG
sc0006_NEW_00009.jpg,2792854,sc0006_NEW.jpg,6d54187598045bd3e9af939f6d2b52ce,2748,4019,JPEG
sc0006_NEW_00010.jpg,2850811,sc0006_NEW.jpg,f97ce367055c7463b18054db60c7506e,2748,4019,JPEG
sc0007_NEW_00001.jpg,2506117,sc0007_NEW.jpg,df4de533a79dd06595fe919324a9f5a2,2952,3398,JPEG
sc0007_NEW_00002.jpg,2313902,sc0007_NEW.jpg,8f4da3610e944be52123d17458e532b1,2952,3398,JPEG
sc0007_NEW_00003.jpg,2135284,sc0007_NEW.jpg,ad254d89a9d506145a19542c55b6d153,2952,3398,JPEG
sc0007_NEW_00004.jpg,2402691,sc0007_NEW.jpg,d6ea0939c9fd2d1caba281f62254c3d2,2952,3398,JPEG
sc0007_NEW_00005.jpg,2153148,sc0007_NEW.jpg,ca77eaa9e82b295d04c7047c3708af61,2952,3398,JPEG
sc0007_NEW_00006.jpg,2260717,sc0007_NEW.jpg,65f40f605d6b47755d53453ad88ddca9,2952,3398,JPEG
sc0007_NEW_00007.jpg,2469071,sc0007_NEW.jpg,d946ef1e667091461c9eb408ada24328,2952,3398,JPEG
sc0007_NEW_00008.jpg,2344592,sc0007_NEW.jpg,3710df089e4c44cc70e2fac4a4cf381d,2952,3398,JPEG
sc0007_NEW_00009.jpg,2202459,sc0007_NEW.jpg,0d54e5bbec2176fef5260c7cdae25bd2,2952,3398,JPEG
sc0007_NEW_00010.jpg,2327535,sc0007_NEW.jpg,df2784f142fcfd460751cbeb03006dca,2952,3398,JPEG
sc0008_NEW_00001.jpg,1027919,sc0008_NEW.jpg,ce758edb5cfdf13041afaf25bf8c066d,2389,1353,JPEG
sc0008_NEW_00002.jpg,899370,sc0008_NEW.jpg,047c3beee7922bb3b137e7609399570e,2389,1353,JPEG
sc0008_NEW_00003.jpg,978455,sc0008_NEW.jpg,dabb66e95f7c0322499836aab576d9f1,2389,1353,JPEG
sc0008_NEW_00004.jpg,899358,sc0008_NEW.jpg,43803ad07cda6e0296acec95a05a8e05,2389,1353,JPEG
sc0008_NEW_00005.jpg,1094459,sc0008_NEW.jpg,948b1102f8667bc17fc888b13fd6db08,2389,1353,JPEG
sc0008_NEW_00006.jpg,1180331,sc0008_NEW.jpg,5dc95190317e9353a4e337c261c01f91,2389,1353,JPEG
sc0008_NEW_00007.jpg,881615,sc0008_NEW.jpg,d67ea6b2e932310d9d9f47a2a5ce7cf8,2389,1353,JPEG
sc0008_NEW_00008.jpg,858108,sc0008_NEW.jpg,083269d69732dbfc81d4c2a01f2b2c4a,2389,1353,JPEG
sc0008_NEW_00009.jpg,769138,sc0008_NEW.jpg,ba5c4ee9d55640f355e8bb5cb280a6a6,2389,1353,JPEG
sc0008_NEW_00010.jpg,863787,sc0008_NEW.jpg,0e956a9d9cbe0cb8e002c79ea1ff1471,2389,1353,JPEG
sc0009_NEW_00001.jpg,1235024,sc0009_NEW.jpg,26235f0126c4324083517d7600a01c14,2711,1613,JPEG
sc0009_NEW_00002.jpg,1122445,sc0009_NEW.jpg,a76faeb0b8b5f33e59f7143c94b61146,2711,1613,JPEG
sc0009_NEW_00003.jpg,1029508,sc0009_NEW.jpg,daea39fe1ca9ae5d180cb6df46409cfc,2711,1613,JPEG
sc0009_NEW_00004.jpg,1024467,sc0009_NEW.jpg,f89ac65916d717a9e681ff8905ea3871,2711,1613,JPEG
sc0009_NEW_00005.jpg,1366997,sc0009_NEW.jpg,7389daca0da7ab74b05db2c5bc3dc030,2711,1613,JPEG
sc0009_NEW_00006.jpg,1032660,sc0009_NEW.jpg,b5f954584acb4915529eb0079aeca8da,2711,1613,JPEG
sc0009_NEW_00007.jpg,1161472,sc0009_NEW.jpg,dffc1abf64ec51db1480e93b8136c354,2711,1613,JPEG
sc0009_NEW_00008.jpg,934233,sc0009_NEW.jpg,652d95016187a2b24f35d9d01f61a7ee,2711,1613,JPEG
sc0009_NEW_00009.jpg,1141383,sc0009_NEW.jpg,691ef03d137dceb98396915045e650ac,2711,1613,JPEG
sc0009_NEW_00010.jpg,1081029,sc0009_NEW.jpg,84f93fd0090983e2707d4d5d5e15f026,2711,1613,JPEG
sc0010_NEW_00001.jpg,2215761,sc0010_NEW.jpg,6d490a3793c5a6f0783ddcab26a7644d,2912,2966,JPEG
sc0010_NEW_00002.jpg,1973035,sc0010_NEW.jpg,b981b41a0d058b7492492f8a416ce1ea,2912,2966,JPEG
sc0010_NEW_00003.jpg,2008392,sc0010_NEW.jpg,61fc493d9faa2078a0c7cb04b807692b,2912,2966,JPEG
sc0010_NEW_00004.jpg,1927965,sc0010_NEW.jpg,b4e8a2ee03a0cb1fe50b762ce7fd0ae3,2912,2966,JPEG
sc0010_NEW_00005.jpg,2084146,sc0010_NEW.jpg,1c93c9c66dc8b410f500dc241925983d,2912,2966,JPEG
sc0010_NEW_00006.jpg,2194620,sc0010_NEW.jpg,89d0a1aff5842304ac1ef35a28e11301,2912,2966,JPEG
sc0010_NEW_00007.jpg,1825932,sc0010_NEW.jpg,512cf6b1db13d3d11875863badbefc0e,2912,2966,JPEG
sc0010_NEW_00008.jpg,2121712,sc0010_NEW.jpg,7962916d03680753fe9f10db0af5ea90,2912,2966,JPEG
sc0010_NEW_00009.jpg,1903339,sc0010_NEW.jpg,6d77763f792625fd0cc4c21f8ca65d5e,2912,2966,JPEG
sc0010_NEW_00010.jpg,2080616,sc0010_NEW.jpg,fc5273791b2276ce41c643239ae3d703,2912,2966,JPEG
sc0011_NEW_00001.jpg,905811,sc0011_NEW.jpg,c4cb49a6e3d285d289eda1434ca47f94,2693,1083,JPEG
sc0011_NEW_00002.jpg,757783,sc0011_NEW.jpg,441a78f0509ccab75db489f9cd0fb923,2693,1083,JPEG
sc0011_NEW_00003.jpg,811223,sc0011_NEW.jpg,f7905dba0deee89b17fa83f8c239cc33,2693,1083,JPEG
sc0011_NEW_00004.jpg,786073,sc0011_NEW.jpg,d1c2d7352fb02ea45c430e4223369f6e,2693,1083,JPEG
sc0011_NEW_00005.jpg,947171,sc0011_NEW.jpg,80583bc39a0086fd1ee5233a493109ef,2693,1083,JPEG
sc0011_NEW_00006.jpg,809948,sc0011_NEW.jpg,2b71f0bfca40a09a01c3d7bb5f42c45e,2693,1083,JPEG
sc0011_NEW_00007.jpg,863202,sc0011_NEW.jpg,2add28d57749b32e72c83c3d1c5c71d7,2693,1083,JPEG
sc0011_NEW_00008.jpg,909938,sc0011_NEW.jpg,61c8d7800aecad6574dc80be2a43761d,2693,1083,JPEG
sc0011_NEW_00009.jpg,801444,sc0011_NEW.jpg,c688e5a3bf14379685c3b535a87d2d63,2693,1083,JPEG
sc0011_NEW_00010.jpg,974405,sc0011_NEW.jpg,6aab0ae111af60c9889883d98d0f4e44,2693,1083,JPEG
sc0012_NEW_00001.jpg,754464,sc0012_NEW.jpg,e0c1ac8cd010e51e831900ddd1c94f81,2272,1399,JPEG
sc0012_NEW_00002.jpg,1028222,sc0012_NEW.jpg,8492488ae5af9aba5a321c90cbb0fc54,2272,1399,JPEG
sc0012_NEW_00003.jpg,893427,sc0012_NEW.jpg,fe550787e60b47834ecb12dcd7256f15,2272,1399,JPEG
sc0012_NEW_00004.jpg,891235,sc0012_NEW.jpg,89c7142e28b4f0f1fb8b129a3adbf9d4,2272,1399,JPEG
sc0012_NEW_00005.jpg,955444,sc0012_NEW.jpg,54619d3273408445c180ed58d4733229,2272,1399,JPEG
sc0012_NEW_00006.jpg,960350,sc0012_NEW.jpg,54bc5bc6d3077337c16b91ef5742be4c,2272,1399,JPEG
sc0012_NEW_00007.jpg,1068212,sc0012_NEW.jpg,7265c529b552d987386dbb68db01f939,2272,1399,JPEG
sc0012_NEW_00008.jpg,1169549,sc0012_NEW.jpg,70fe3fe46c01470b0f2b2de31f6d70e9,2272,1399,JPEG
sc0012_NEW_00009.jpg,839942,sc0012_NEW.jpg,5e15dfc1772d0f9c778646cfc1d7f8bb,2272,1399,JPEG
sc0012_NEW_00010.jpg,917176,sc0012_NEW.jpg,5c8173ef664c69db733498a62a8a723e,2272,1399,JPEG
sc0013_NEW_00001.jpg,1861813,sc0013_NEW.jpg,63fb6a64d19c6e6cf21f0e0cc35e7b06,2688,3300,JPEG
sc0013_NEW_00002.jpg,1973863,sc0013_NEW.jpg,b4d41fd0e891944025f4668f1a68b762,2688,3300,JPEG
sc0013_NEW_00003.jpg,2218206,sc0013_NEW.jpg,53dacfe3716544ea5ec012e72c2c77eb,2688,3300,JPEG
sc0013_NEW_00004.jpg,2206106,sc0013_NEW.jpg,c0519e7e7bd41ad0b8dbeedffcbf27d1,2688,3300,JPEG
sc0013_NEW_00005.jpg,2025145,sc0013_NEW.jpg,69f180912f2ec759932f0fc8715b8159,2688,3300,JPEG
sc0013_NEW_00006.jpg,2285951,sc0013_NEW.jpg,a7591520c1a752800aaf25e089f4ebea,2688,3300,JPEG
sc0013_NEW_00007.jpg,1864366,sc0013_NEW.jpg,648746bd7a12272008970bd051ffa3aa,2688,3300,JPEG
sc0013_NEW_00008.jpg,2003140,sc0013_NEW.jpg,db818e659f132e7ce9d3d6d5f27fca18,2688,3300,JPEG
sc0013_NEW_00009.jpg,1914698,sc0013_NEW.jpg,40fcd7718a5943ed4fc0f2d76f314e5b,2688,3300,JPEG
sc0013_NEW_00010.jpg,1940278,sc0013_NEW.jpg,79199207a6b95c09d52c82d1ffe1087c,2688,3300,JPEG
sc0014_NEW_00001.jpg,1787558,sc0014_NEW.jpg,9868ef7420dbf9b0e3ec44558d2e76c2,2655,2878,JPEG
sc0014_NEW_00002.jpg,1796138,sc0014_NEW.jpg,86dec0a94cabbdd990cf751a6792b54c,2655,2878,JPEG
sc0014_NEW_00003.jpg,1870974,sc0014_NEW.jpg,b449e5decfb1c6112665cebd962b13db,2655,2878,JPEG
sc0014_NEW_00004.jpg,2055357,sc0014_NEW.jpg,9586a63baacd73a544f46f64a70aff0e,2655,2878,JPEG
sc0014_NEW_00005.jpg,1825752,sc0014_NEW.jpg,de0a8ad1cc94d796a9fc0f529ac3e8d8,2655,2878,JPEG
sc0014_NEW_00006.jpg,1828267,sc0014_NEW.jpg,8f28fe1f8c47012cbfc83be7cc6dde3c,2655,2878,JPEG
sc0014_NEW_00007.jpg,2121814,sc0014_NEW.jpg,2d2acd5b9b22bd15fb7ceaaf8afd3d2b,2655,2878,JPEG
sc0014_NEW_00008.jpg,1667275,sc0014_NEW.jpg,34775329ef6bca7eb9087906a7b52f11,2655,2878,JPEG
sc0014_NEW_00009.jpg,1862691,sc0014_NEW.jpg,8aad194780ab7d1c7e675c28ac4a3ad3,2655,2878,JPEG
sc0014_NEW_00010.jpg,1952153,sc0014_NEW.jpg,9ab09e1891b2cd16c54d74ce9a71e9ef,2655,2878,JPEG
sc0015_NEW_00001.jpg,1706631,sc0015_NEW.jpg,c422f2e7572935f0c524346b2ad957a7,2549,2563,JPEG
sc0015_NEW_00002.jpg,1523615,sc0015_NEW.jpg,5e7392f82c18f917b9c4dd11c909968b,2549,2563,JPEG
sc0015_NEW_00003.jpg,1571954,sc0015_NEW.jpg,e1b527737d2555c60c478218876eff61,2549,2563,JPEG
sc0015_NEW_00004.jpg,1697544,sc0015_NEW.jpg,bb4b24d41b5f63e929fb4a38ed4ce80f,2549,2563,JPEG
sc0015_NEW_00005.jpg,1521954,sc0015_NEW.jpg,49085ab66a97207479e755845b6dde13,2549,2563,JPEG
sc0015_NEW_00006.jpg,1750428,sc0015_NEW.jpg,dcc906a685f4ea4c924cbefe3d92680a,2549,2563,JPEG
sc0015_NEW_00007.jpg,1532010,sc0015_NEW.jpg,4cca1c3c51858b97177136e0426298e6,2549,2563,JPEG
sc0015_NEW_00008.jpg,1606057,sc0015_NEW.jpg,641eef1d87d2f28d4ddcd5b8c920fc98,2549,2563,JPEG
sc0015_NEW_00009.jpg,1685020,sc0015_NEW.jpg,76b2c9043b3d2fe23c2c018006bc5c44,2549,2563,JPEG
sc0015_NEW_00010.jpg,1621639,sc0015_NEW.jpg,940ea37ec32ad6d5ece3b563c89c5806,2549,2563,JPEG
sc0016_NEW_00001.jpg,732376,sc0016_NEW.jpg,601ffe0be878b137b98ca305bed0753a,1821,1307,JPEG
sc0016_NEW_00002.jpg,779012,sc0016_NEW.jpg,30fb0463bc72a64f96a6ffb4d49ef462,1821,1307,JPEG
sc0016_NEW_00003.jpg,740769,sc0016_NEW.jpg,db96cf5c429dd400c402c2175357bb58,1821,1307,JPEG
sc0016_NEW_00004.jpg,786821,sc0016_NEW.jpg,f78bdc29b9db2dfad25e18fb66d70b75,1821,1307,JPEG
sc0016_NEW_00005.jpg,658210,sc0016_NEW.jpg,95bf4ae9d75c9a7b34c88550b02abb34,1821,1307,JPEG
sc0016_NEW_00006.jpg,713410,sc0016_NEW.jpg,94ccb1f1a4323e69c09e8d8ad05a3378,1821,1307,JPEG
sc0016_NEW_00007.jpg,724488,sc0016_NEW.jpg,2125a0eacf529c8c6e3cb26974a33a6c,1821,1307,JPEG
sc0016_NEW_00008.jpg,610325,sc0016_NEW.jpg,22e48ee6b4539403358563cf8fc2e3e2,1821,1307,JPEG
sc0016_NEW_00009.jpg,674455,sc0016_NEW.jpg,bdaeda1d3efd35f6a4185445786298bb,1821,1307,JPEG
sc0016_NEW_00010.jpg,670516,sc0016_NEW.jpg,5444a609a0b25468ad9161f45d28a57d,1821,1307,JPEG
sc0017_NEW_00001.jpg,2430346,sc0017_NEW.jpg,51ac16905e26adfb72acae4e78e45211,2108,5080,JPEG
sc0017_NEW_00002.jpg,2380043,sc0017_NEW.jpg,4cec4685206cb66cd1a8e08b570f1500,2108,5080,JPEG
sc0017_NEW_00003.jpg,2419743,sc0017_NEW.jpg,1d8a6a7c7d781e563420da68d209279e,2108,5080,JPEG
sc0017_NEW_00004.jpg,2266664,sc0017_NEW.jpg,409a536ba76f46a0dc4b30bc7a661fef,2108,5080,JPEG
sc0017_NEW_00005.jpg,2285770,sc0017_NEW.jpg,ea8bb5fd922b50c73fed6996e50eca6a,2108,5080,JPEG
sc0017_NEW_00006.jpg,2169448,sc0017_NEW.jpg,c018180f80249345026b83ebe4cde64e,2108,5080,JPEG
sc0017_NEW_00007.jpg,2319112,sc0017_NEW.jpg,4c7bd71c254a2a4434800b996bc7d72b,2108,5080,JPEG
sc0017_NEW_00008.jpg,2201760,sc0017_NEW.jpg,35f7779e45dd72573c08bea1d5a97ef6,2108,5080,JPEG
sc0017_NEW_00009.jpg,2220239,sc0017_NEW.jpg,e5078ea76c2f0aa8d316950ab1e90f7d,2108,5080,JPEG
sc0017_NEW_00010.jpg,2200344,sc0017_NEW.jpg,5e61a81919ce49df57560788d1eb7b6f,2108,5080,JPEG
sc0018_NEW_00001.jpg,1674126,sc0018_NEW.jpg,e4424da439d8a754bcf02a2fd046d46f,2866,2499,JPEG
sc0018_NEW_00002.jpg,1701784,sc0018_NEW.jpg,86e4d7cd6fb35cec8e81f6a72d5fafc3,2866,2499,JPEG
sc0018_NEW_00003.jpg,1687581,sc0018_NEW.jpg,f2e39c9715507a9076b13f9842b89c2f,2866,2499,JPEG
sc0018_NEW_00004.jpg,1919770,sc0018_NEW.jpg,50791fce329be0dd0ad142e86b3a13f8,2866,2499,JPEG
sc0018_NEW_00005.jpg,1998426,sc0018_NEW.jpg,150547b37e82cd4e6e78935fd6d0713c,2866,2499,JPEG
sc0018_NEW_00006.jpg,1789942,sc0018_NEW.jpg,5e5fade45bef5028cca647c563df2781,2866,2499,JPEG
sc0018_NEW_00007.jpg,1792816,sc0018_NEW.jpg,e759ad9f7685b3ba21382a8741551fbd,2866,2499,JPEG
sc0018_NEW_00008.jpg,1799839,sc0018_NEW.jpg,234d0c0080b0dab8148a47228cd7f0f9,2866,2499,JPEG
sc0018_NEW_00009.jpg,1854114,sc0018_NEW.jpg,48d339f00e7d4b799d4025565e5c91b1,2866,2499,JPEG
sc0018_NEW_00010.jpg,1685027,sc0018_NEW.jpg,3663f7f52442a932d95f115ad6a7498e,2866,2499,JPEG
sc0019_NEW_00001.jpg,2376930,sc0019_NEW.jpg,5d9e06312badd2d6e8705bdbc5320708,2968,3427,JPEG
sc0019_NEW_00002.jpg,2552366,sc0019_NEW.jpg,ab89078ffc88cfde0c82c7b53e884e5a,2968,3427,JPEG
sc0019_NEW_00003.jpg,2493655,sc0019_NEW.jpg,4d3fa53facdc2c56cdf5638c6a76d4cc,2968,3427,JPEG
sc0019_NEW_00004.jpg,2513009,sc0019_NEW.jpg,6e17f3d8bc84af88fdb5b13b921e158f,2968,3427,JPEG
sc0019_NEW_00005.jpg,2397209,sc0019_NEW.jpg,044b6eabb5145a972444db684274ae21,2968,3427,JPEG
sc0019_NEW_00006.jpg,2651944,sc0019_NEW.jpg,91af867ce6dc9a5bf1f56f8594deece1,2968,3427,JPEG
sc0019_NEW_00007.jpg,2377479,sc0019_NEW.jpg,8b5811e2f3ec4ba7f9d95f0757b4162b,2968,3427,JPEG
sc0019_NEW_00008.jpg,2455914,sc0019_NEW.jpg,2667442ba79dfdda8696f376ffc5917d,2968,3427,JPEG
sc0019_NEW_00009.jpg,2704590,sc0019_NEW.jpg,a6e290c3268cea5ed6dd38168e6f22c4,2968,3427,JPEG
sc0019_NEW_00010.jpg,2616951,sc0019_NEW.jpg,70489e8f081e33aa12355caa76d14575,2968,3427,JPEG
sc0020_NEW_00001.jpg,512754,sc0020_NEW.jpg,b7ead43021957180ea455b1740893a47,1840,1120,JPEG
sc0020_NEW_00002.jpg,563672,sc0020_NEW.jpg,55286cfecc08c6ef3d51aa9568e55af9,1840,1120,JPEG
sc0020_NEW_00003.jpg,665425,sc0020_NEW.jpg,cbf32c8f92cbf7a0b16bb53c997d68b3,1840,1120,JPEG
sc0020_NEW_00004.jpg,504825,sc0020_NEW.jpg,84ea43716b2fdd3dea2031af332c42ab,1840,1120,JPEG
sc0020_NEW_00005.jpg,698212,sc0020_NEW.jpg,2edc525157cea4a30041db54f778c20f,1840,1120,JPEG
sc0020_NEW_00006.jpg,461157,sc0020_NEW.jpg,cdcb81c19727e72bc4864c12b2d9d4bd,1840,1120,JPEG
sc0020_NEW_00007.jpg,443977,sc0020_NEW.jpg,483f6ba45a3ae7189f1f4329eedfb342,1840,1120,JPEG
sc0020_NEW_00008.jpg,613937,sc0020_NEW.jpg,2f7fd5d77bc70fe59d990464fb6c3c51,1840,1120,JPEG
sc0020_NEW_00009.jpg,497730,sc0020_NEW.jpg,41408daa1bea0597796da2f29e3c75e3,1840,1120,JPEG
sc0020_NEW_00010.jpg,534234,sc0020_NEW.jpg,8c6318d4b0bead6ef4c35765bb4c9733,1840,1120,JPEG
sc0021_NEW_00001.jpg,1396887,sc0021_NEW.jpg,d2beb68a28647719bf82b1868cefaa17,2099,3184,JPEG
sc0021_NEW_00002.jpg,1515953,sc0021_NEW.jpg,afb31f564a953df9f94f9ccec35191d2,2099,3184,JPEG
sc0021_NEW_00003.jpg,1513839,sc0021_NEW.jpg,3dfde6617693255bdec4cfbe5c70f9f7,2099,3184,JPEG
sc0021_NEW_00004.jpg,1459585,sc0021_NEW.jpg,f7d65bf514fe792e749384f0964f81a5,2099,3184,JPEG
sc0021_NEW_00005.jpg,1563807,sc0021_NEW.jpg,e8330d7af2c87dff9cdb33352cb6dc10,2099,3184,JPEG
sc0021_NEW_00006.jpg,1513494,sc0021_NEW.jpg,7858c91db83d43c82f90790481fec990,2099,3184,JPEG
sc0021_NEW_00007.jpg,1363714,sc0021_NEW.jpg,a1f1f6f359190c24f99863c0fffaa734,2099,3184,JPEG
sc0021_NEW_00008.jpg,1570496,sc0021_NEW.jpg,213248a7f7ececbc012938e8aaf2308b,2099,3184,JPEG
sc0021_NEW_00009.jpg,1635822,sc0021_NEW.jpg,c013f238bf55911bf00d3d05dbcd3fa9,2099,3184,JPEG
sc0021_NEW_00010.jpg,1436550,sc0021_NEW.jpg,cddf025e47ee8a3783117a3d18feb4f5,2099,3184,JPEG
sc0022_NEW_00001.jpg,2660365,sc0022_NEW.jpg,05fbad0169f03744bfbf5bf8a2f140ed,2657,3790,JPEG
sc0022_NEW_00002.jpg,2418696,sc0022_NEW.jpg,3491012f512f0e97b6d119225a63afa7,2657,3790,JPEG
sc0022_NEW_00003.jpg,2494857,sc0022_NEW.jpg,94432bd84b8933ce24d6db2ae73fabad,2657,3790,JPEG
sc0022_NEW_00004.jpg,2685517,sc0022_NEW.jpg,e39e3e99179cba609aaed9c0d905819f,2657,3790,JPEG
sc0022_NEW_00005.jpg,2570977,sc0022_NEW.jpg,0c5422d76087b988eff067545f0bd49c,2657,3790,JPEG
sc0022_NEW_00006.jpg,2441601,sc0022_NEW.jpg,2bb9ceef33e08d408f596c8108b04922,2657,3790,JPEG
sc0022_NEW_00007.jpg,2449457,sc0022_NEW.jpg,d0ad49f95d2b550f3e9a1fd251c0504d,2657,3790,JPEG
sc0022_NEW_00008.jpg,2634246,sc0022_NEW.jpg,883165f19e6c756e5d2c113defe27426,2657,3790,JPEG
sc0022_NEW_00009.jpg,2583292,sc0022_NEW.jpg,040f9e653e11af52d0b72fa65533693d,2657,3790,JPEG
sc0022_NEW_00010.jpg,2672284,sc0022_NEW.jpg,bc4ea5f73839e20ff8996ff272324035,2657,3790,JPEG
sc0023_NEW_00001.jpg,1608738,sc0023_NEW.jpg,429a4d8b5d1fb94fe88e03a8dfb5279f,3105,2739,JPEG
sc0023_NEW_00002.jpg,1734173,sc0023_NEW.jpg,e1c6b68e84a512b32dd06c831ccb3159,3105,2739,JPEG
sc0023_NEW_00003.jpg,1771201,sc0023_NEW.jpg,5a3ba4b39a8e5abea9510df36b5ec30e,3105,2739,JPEG
sc0023_NEW_00004.jpg,1785490,sc0023_NEW.jpg,67366b14005aa9cc48418aee7c47eaa4,3105,2739,JPEG
sc0023_NEW_00005.jpg,1845198,sc0023_NEW.jpg,f1086b5e3ee021a8622ab69d890a164d,3105,2739,JPEG
sc0023_NEW_00006.jpg,1975401,sc0023_NEW.jpg,5d8680a756fca063fb5c6a321636667b,3105,2739,JPEG
sc0023_NEW_00007.jpg,1881317,sc0023_NEW.jpg,88eafceb87b0087754aa7577f8e50f93,3105,2739,JPEG
sc0023_NEW_00008.jpg,1929089,sc0023_NEW.jpg,4295b6802047460dd152938d2e843ad0,3105,2739,JPEG
sc0023_NEW_00009.jpg,1690854,sc0023_NEW.jpg,655a33397056d55a55ac7b5f6d809179,3105,2739,JPEG
sc0023_NEW_00010.jpg,1687349,sc0023_NEW.jpg,5f9e0cba59834843171163d128fbdf40,3105,2739,JPEG
sc0024_NEW_00001.jpg,1984534,sc0024_NEW.jpg,b158552604e6b3aea99fcc4ce0bc8934,2363,3023,JPEG
sc0024_NEW_00002.jpg,2005816,sc0024_NEW.jpg,502f78de6cd5110b89696444561c8c29,2363,3023,JPEG
sc0024_NEW_00003.jpg,1842761,sc0024_NEW.jpg,c873e57759ad917f77424fccafc8484b,2363,3023,JPEG
sc0024_NEW_00004.jpg,1874921,sc0024_NEW.jpg,f1361452e32ad5553717aee4830f13ef,2363,3023,JPEG
sc0024_NEW_00005.jpg,1960691,sc0024_NEW.jpg,2c71e558d4bc3916e983962e6a5f1bff,2363,3023,JPEG
sc0024_NEW_00006.jpg,1957966,sc0024_NEW.jpg,f84c21c7fb3e579682a7f4d767b254a0,2363,3023,JPEG
sc0024_NEW_00007.jpg,2252469,sc0024_NEW.jpg,0a3fc3de4fda85ea0b53deb5a707eef6,2363,3023,JPEG
sc0024_NEW_00008.jpg,1893861,sc0024_NEW.jpg,b4b061822d6f3c218949fe4572833348,2363,3023,JPEG
sc0024_NEW_00009.jpg,2046474,sc0024_NEW.jpg,11b40fcf6398ebcb22a1b41ed07d74f9,2363,3023,JPEG
sc0024_NEW_00010.jpg,1929085,sc0024_NEW.jpg,87be91cc9b5d37b702712a92deca4b39,2363,3023,JPEG
sc0024_NEW_NEW_00001.jpg,1099789,sc0024_NEW_NEW.jpg,fabefeb22cd345560bc3cb4e9ee5b707,1925,1847,JPEG
sc0024_NEW_NEW_00002.jpg,1059275,sc0024_NEW_NEW.jpg,614f1c493fdaecfeaf384e420f4e8f43,1925,1847,JPEG
sc0024_NEW_NEW_00003.jpg,1058502,sc0024_NEW_NEW.jpg,148139a88bd2c3dd822be467aebcd59f,1925,1847,JPEG
sc0024_NEW_NEW_00004.jpg,1129099,sc0024_NEW_NEW.jpg,5d9d3e30ce330468663a2ac3415fbe9a,1925,1847,JPEG
sc0024_NEW_NEW_00005.jpg,1112710,sc0024_NEW_NEW.jpg,f50e1209061e68847434c995234e6d50,1925,1847,JPEG
sc0024_NEW_NEW_00006.jpg,1144591,sc0024_NEW_NEW.jpg,ee38e6ab34c507190ae422dba39b55cf,1925,1847,JPEG
sc0024_NEW_NEW_00007.jpg,1033536,sc0024_NEW_NEW.jpg,8931105f7d68cde079c4e652071a47a8,1925,1847,JPEG
sc0024_NEW_NEW_00008.jpg,1115120,sc0024_NEW_NEW.jpg,f3ff6c49209a49cf0b700c012489aea1,1925,1847,JPEG
sc0024_NEW_NEW_00009.jpg,1061583,sc0024_NEW_NEW.jpg,c1d3afdaa61b90e8e6d3f1a3ae6c2f4b,1925,1847,JPEG
sc0024_NEW_NEW_00010.jpg,1071014,sc0024_NEW_NEW.jpg,40374ba5ad020154a9e2985f0f1d9a18,1925,1847,JPEG
sc0025_NEW_00001.jpg,1622648,sc0025_NEW.jpg,a98e4e3c39f57c7443bff3845d2d13ea,1693,4776,JPEG
sc0025_NEW_00002.jpg,1775087,sc0025_NEW.jpg,9ffe7be5c4d8519022ccff071e6e3b73,1693,4776,JPEG
sc0025_NEW_00003.jpg,1899141,sc0025_NEW.jpg,02c309d50bd1ff3346daa29d1fa586da,1693,4776,JPEG
sc0025_NEW_00004.jpg,1829005,sc0025_NEW.jpg,5d0aa28e330ad645b7932e987f71fb95,1693,4776,JPEG
sc0025_NEW_00005.jpg,1769990,sc0025_NEW.jpg,0dcd90d14d1c8b197ad80e9276e81b8b,1693,4776,JPEG
sc0025_NEW_00006.jpg,1661690,sc0025_NEW.jpg,d0111e50f4bf704e5c9f5ee628c535a7,1693,4776,JPEG
sc0025_NEW_00007.jpg,1673959,sc0025_NEW.jpg,b50cdbb0851a0da856fe84c9c57bd3ae,1693,4776,JPEG
sc0025_NEW_00008.jpg,1724231,sc0025_NEW.jpg,2409ed6e9bd6ee65ca06e4f0372b857f,1693,4776,JPEG
sc0025_NEW_00009.jpg,1706474,sc0025_NEW.jpg,134d6773ebd6efcf42e2472e8fecef2b,1693,4776,JPEG
sc0025_NEW_00010.jpg,1790259,sc0025_NEW.jpg,a3b2cba03be36f805f66f852884f437b,1693,4776,JPEG
sc0026_NEW_00001.jpg,1191372,sc0026_NEW.jpg,4ab3c32c60ed737dda96ff66169bdb9f,2096,2495,JPEG
sc0026_NEW_00002.jpg,1209038,sc0026_NEW.jpg,ba9409274e87a734d7d1ed993fe05cc8,2096,2495,JPEG
sc0026_NEW_00003.jpg,1187731,sc0026_NEW.jpg,d6bbae2a667dbb7a6c51a6b36e755e26,2096,2495,JPEG
sc0026_NEW_00004.jpg,1173838,sc0026_NEW.jpg,facdbdbaabcb7bae58ef541320237177,2096,2495,JPEG
sc0026_NEW_00005.jpg,1313452,sc0026_NEW.jpg,6fb38bc40633a05025021e0ec181641a,2096,2495,JPEG
sc0026_NEW_00006.jpg,1254339,sc0026_NEW.jpg,35be8ff06d85657fcb14b0ade94ab44c,2096,2495,JPEG
sc0026_NEW_00007.jpg,1303632,sc0026_NEW.jpg,26d961074784f3d7f0a319faa2103fff,2096,2495,JPEG
sc0026_NEW_00008.jpg,1382895,sc0026_NEW.jpg,52c960f6129f3b1ea499f8b3da40512c,2096,2495,JPEG
sc0026_NEW_00009.jpg,1158041,sc0026_NEW.jpg,29296dc80c594f4754c0a9ec61eac647,2096,2495,JPEG
sc0026_NEW_00010.jpg,1134687,sc0026_NEW.jpg,2b60d04de5042716c648f5925df4b4f7,2096,2495,JPEG
sc0027_NEW_00001.jpg,3233784,sc0027_NEW.jpg,650dbafa4afc3ab0a0e499916b8edfd5,4139,2992,JPEG
sc0027_NEW_00002.jpg,3088369,sc0027_NEW.jpg,ca7e06cc63567ebca8cecdc968855775,4139,2992,JPEG
sc0027_NEW_00003.jpg,2696805,sc0027_NEW.jpg,4ed29de9d09c1fe1ef4c858d27bc4ae6,4139,2992,JPEG
sc0027_NEW_00004.jpg,2920476,sc0027_NEW.jpg,6de1533c530318ce8cc973559c5d8eff,4139,2992,JPEG
sc0027_NEW_00005.jpg,2810862,sc0027_NEW.jpg,5c4f0c3ea18e92a713059ab9ef828478,4139,2992,JPEG
sc0027_NEW_00006.jpg,2763146,sc0027_NEW.jpg,3948613f0bea0797f8fa083d57bde3f0,4139,2992,JPEG
sc0027_NEW_00007.jpg,2720494,sc0027_NEW.jpg,57cac93b93ecb6225f2f22ab951a0548,4139,2992,JPEG
sc0027_NEW_00008.jpg,2811486,sc0027_NEW.jpg,4e4beb9972986ef3593df07d597efefe,4139,2992,JPEG
sc0027_NEW_00009.jpg,2703621,sc0027_NEW.jpg,2997a154731dfe65bb3a32a972d80e54,4139,2992,JPEG
sc0027_NEW_00010.jpg,2708434,sc0027_NEW.jpg,fb23638cc438c823850de7bb6f2f7f0c,4139,2992,JPEG
sc0040_NEW_00001.jpg,1472856,sc0040_NEW.jpg,0faab71c76a8b9bb7eb6c660c4bcf247,2185,2418,JPEG
sc0040_NEW_00002.jpg,1598835,sc0040_NEW.jpg,14f4ec87e47cb4b48980f88cca6894af,2185,2418,JPEG
sc0040_NEW_00003.jpg,1641291,sc0040_NEW.jpg,df08d371571409b3db695098f8f97428,2185,2418,JPEG
sc0040_NEW_00004.jpg,1524590,sc0040_NEW.jpg,d6e8b3beb4913ef452f5004e07efa6a8,2185,2418,JPEG
sc0040_NEW_00005.jpg,1662647,sc0040_NEW.jpg,ac4dd350d6c1bd7c4b092414d5e2f819,2185,2418,JPEG
sc0040_NEW_00006.jpg,1483521,sc0040_NEW.jpg,3c8ab0cf1881039c3a86aa2488d99d19,2185,2418,JPEG
sc0040_NEW_00007.jpg,1647386,sc0040_NEW.jpg,c951b5625e7cacd96c319d629711b0f7,2185,2418,JPEG
sc0040_NEW_00008.jpg,1547567,sc0040_NEW.jpg,ea3666722477435cd0976734585177da,2185,2418,JPEG
sc0040_NEW_00009.jpg,1730138,sc0040_NEW.jpg,3d551acb9a7ebd742887c5092030c79f,2185,2418,JPEG
sc0040_NEW_00010.jpg,1493484,sc0040_NEW.jpg,1eaf507c29bd9987bb9d23ef53dc367b,2185,2418,JPEG
sc0043_NEW_00001.jpg,1964221,sc0043_NEW.jpg,73793237d4b9bb43c708a65bf1c805e3,2266,3613,JPEG
sc0043_NEW_00002.jpg,2103381,sc0043_NEW.jpg,e51d46c670be1184dda52ea025486178,2266,3613,JPEG
sc0043_NEW_00003.jpg,2261091,sc0043_NEW.jpg,aa38076520440135d42446da350141fb,2266,3613,JPEG
sc0043_NEW_00004.jpg,1995655,sc0043_NEW.jpg,c017312bcbf3a337ef1f478d6da64bb2,2266,3613,JPEG
sc0043_NEW_00005.jpg,2063795,sc0043_NEW.jpg,ab0123a509c58324a486333da5b49675,2266,3613,JPEG
sc0043_NEW_00006.jpg,1902517,sc0043_NEW.jpg,007b3e68e694fe1025539e446ffce35f,2266,3613,JPEG
sc0043_NEW_00007.jpg,1941181,sc0043_NEW.jpg,897981b78a7299c77b98cb28e5c1c31f,2266,3613,JPEG
sc0043_NEW_00008.jpg,1889024,sc0043_NEW.jpg,f2e265fb28adda8cd68bd674ce747f39,2266,3613,JPEG
sc0043_NEW_00009.jpg,1994054,sc0043_NEW.jpg,799415626f24ea682752883c2fa4324d,2266,3613,JPEG
sc0043_NEW_00010.jpg,1933009,sc0043_NEW.jpg,e04360de5490e875bb9d422b73ca53e8,2266,3613,JPEG
sc0066.bmp_NEW_00001.jpg,1456110,sc0066.bmp_NEW.jpg,48b190e87ae86c8b84e588d254b006a7,2261,3089,JPEG
sc0066.bmp_NEW_00002.jpg,1972028,sc0066.bmp_NEW.jpg,2b95660bed7aba61beac011afb89bc96,2261,3089,JPEG
sc0066.bmp_NEW_00003.jpg,1425758,sc0066.bmp_NEW.jpg,3f34605aa87f0533d6dbacfdc8fd7d14,2261,3089,JPEG
sc0066.bmp_NEW_00004.jpg,1578515,sc0066.bmp_NEW.jpg,046b0d9e8fb14c9fb7faa81ca3a750d2,2261,3089,JPEG
sc0066.bmp_NEW_00005.jpg,1369313,sc0066.bmp_NEW.jpg,3650d4dc97678c3db8d8df0cf17a728c,2261,3089,JPEG
sc0066.bmp_NEW_00006.jpg,1641833,sc0066.bmp_NEW.jpg,fa11e7baaa6efc05ca728b432f5ed60d,2261,3089,JPEG
sc0066.bmp_NEW_00007.jpg,1416060,sc0066.bmp_NEW.jpg,a82bc12abd4f1ca661d9d5289f63f747,2261,3089,JPEG
sc0066.bmp_NEW_00008.jpg,1435101,sc0066.bmp_NEW.jpg,850825987cb60ed68089dd49a6fc024b,2261,3089,JPEG
sc0066.bmp_NEW_00009.jpg,1609363,sc0066.bmp_NEW.jpg,efca8aef473202ae0a16b383d5f508a4,2261,3089,JPEG
sc0066.bmp_NEW_00010.jpg,1551287,sc0066.bmp_NEW.jpg,4c17c38da8e60e44efdced8b4869bf84,2261,3089,JPEG
sc0067.bmp_NEW_00001.jpg,1746040,sc0067.bmp_NEW.jpg,0cfdaec201584bb67f1f572c4add6309,2375,3740,JPEG
sc0067.bmp_NEW_00002.jpg,1837320,sc0067.bmp_NEW.jpg,726a5a97ea4f99861b9b8f08a9b50574,2375,3740,JPEG
sc0067.bmp_NEW_00003.jpg,1913039,sc0067.bmp_NEW.jpg,9b11621c3784e56b2193849b9a7e6651,2375,3740,JPEG
sc0067.bmp_NEW_00004.jpg,1920895,sc0067.bmp_NEW.jpg,0c3ba47b11640b34c36f3b5949e2a2ef,2375,3740,JPEG
sc0067.bmp_NEW_00005.jpg,1863919,sc0067.bmp_NEW.jpg,07d66b146a5cfeb198dcde922ebdb54e,2375,3740,JPEG
sc0067.bmp_NEW_00006.jpg,1710985,sc0067.bmp_NEW.jpg,5921246c55fd80572a6c84eee2effbe5,2375,3740,JPEG
sc0067.bmp_NEW_00007.jpg,1753781,sc0067.bmp_NEW.jpg,818124a4cee4985b98de88a439f59dda,2375,3740,JPEG
sc0067.bmp_NEW_00008.jpg,1770565,sc0067.bmp_NEW.jpg,5fe6ddd21a1a7d69c438c2130f57e306,2375,3740,JPEG
sc0067.bmp_NEW_00009.jpg,1852173,sc0067.bmp_NEW.jpg,8169ae48b33399aa7708ad3d460a7a2d,2375,3740,JPEG
sc0067.bmp_NEW_00010.jpg,1977103,sc0067.bmp_NEW.jpg,12c172cbbfe490aa4cef4ccb792c6d69,2375,3740,JPEG
sc0068.bmp_NEW_00001.jpg,987036,sc0068.bmp_NEW.jpg,ab79da0f0002c213f42aeab45122e8e1,2202,2801,JPEG
sc0068.bmp_NEW_00002.jpg,1107479,sc0068.bmp_NEW.jpg,4967bb8f4a2afbf4fa21865ff1181428,2202,2801,JPEG
sc0068.bmp_NEW_00003.jpg,943485,sc0068.bmp_NEW.jpg,8fed259734c90438b6d1b2cc1038d099,2202,2801,JPEG
sc0068.bmp_NEW_00004.jpg,1268424,sc0068.bmp_NEW.jpg,bb2d00d200949f42daedc84ef32c6d2b,2202,2801,JPEG
sc0068.bmp_NEW_00005.jpg,1150905,sc0068.bmp_NEW.jpg,29c4b6a4e21f2d2767733cd9dcf802b1,2202,2801,JPEG
sc0068.bmp_NEW_00006.jpg,1013261,sc0068.bmp_NEW.jpg,439c4f2f47a51a2ade0e02e14b55e52f,2202,2801,JPEG
sc0068.bmp_NEW_00007.jpg,948001,sc0068.bmp_NEW.jpg,8fa9f15fcef26b1360aaead8238dcf81,2202,2801,JPEG
sc0068.bmp_NEW_00008.jpg,1044075,sc0068.bmp_NEW.jpg,ff088503428d9b334a8f6d7c7eef7dfb,2202,2801,JPEG
sc0068.bmp_NEW_00009.jpg,977445,sc0068.bmp_NEW.jpg,dfa9871673d82ec60dbfdb6e110eada8,2202,2801,JPEG
sc0068.bmp_NEW_00010.jpg,1053539,sc0068.bmp_NEW.jpg,bad741fd19ac9c42601a6aeb5719a803,2202,2801,JPEG
sc0069.bmp_NEW_00001.jpg,778541,sc0069.bmp_NEW.jpg,f33dbfd20219a16d40f28686797b6612,2257,1849,JPEG
sc0069.bmp_NEW_00002.jpg,844260,sc0069.bmp_NEW.jpg,860ef36dd16ee16218ecf628ae0b28ec,2257,1849,JPEG
sc0069.bmp_NEW_00003.jpg,951320,sc0069.bmp_NEW.jpg,9def3232c1958794b86efbaa3e82f8f0,2257,1849,JPEG
sc0069.bmp_NEW_00004.jpg,844359,sc0069.bmp_NEW.jpg,5153ed5f84b64e28206dd0d9c20b1596,2257,1849,JPEG
sc0069.bmp_NEW_00005.jpg,825201,sc0069.bmp_NEW.jpg,e81ade559e4fb839239b21af4b2b341c,2257,1849,JPEG
sc0069.bmp_NEW_00006.jpg,794150,sc0069.bmp_NEW.jpg,acfe9cebafab3c68e93b6666a9a2cec8,2257,1849,JPEG
sc0069.bmp_NEW_00007.jpg,803058,sc0069.bmp_NEW.jpg,c01a6ccaa49570b893300a4dc1e20a23,2257,1849,JPEG
sc0069.bmp_NEW_00008.jpg,1074853,sc0069.bmp_NEW.jpg,43f6742785553035a341fa7d9b19a12d,2257,1849,JPEG
sc0069.bmp_NEW_00009.jpg,861098,sc0069.bmp_NEW.jpg,c94548619be19ea7ff1e144a8bfd4e95,2257,1849,JPEG
sc0069.bmp_NEW_00010.jpg,817862,sc0069.bmp_NEW.jpg,cf24811a40fc71f247a9d51d30eb1185,2257,1849,JPEG
sc0070.bmp_NEW_00001.jpg,1275411,sc0070.bmp_NEW.jpg,70440759ad88df9fc91fe39b5707f724,2323,3613,JPEG
sc0070.bmp_NEW_00002.jpg,1348198,sc0070.bmp_NEW.jpg,91c9729407bc2cd3672213c6e23e510c,2323,3613,JPEG
sc0070.bmp_NEW_00003.jpg,1379580,sc0070.bmp_NEW.jpg,a23c5e5f70311e8c79be5d3e42897649,2323,3613,JPEG
sc0070.bmp_NEW_00004.jpg,1400212,sc0070.bmp_NEW.jpg,4b6be2c3365cf6be53dca0f33a811077,2323,3613,JPEG
sc0070.bmp_NEW_00005.jpg,1159412,sc0070.bmp_NEW.jpg,321eb0873fb13359f6a23e41f503789a,2323,3613,JPEG
sc0070.bmp_NEW_00006.jpg,1118145,sc0070.bmp_NEW.jpg,bbcdf05c47eba8507fe6ea18137d73ca,2323,3613,JPEG
sc0070.bmp_NEW_00007.jpg,1203928,sc0070.bmp_NEW.jpg,553df6f45ae9aef79c94e5f4ed286b98,2323,3613,JPEG
sc0070.bmp_NEW_00008.jpg,1189681,sc0070.bmp_NEW.jpg,27ad86501e3b10273a3c32c4e40b501b,2323,3613,JPEG
sc0070.bmp_NEW_00009.jpg,1180503,sc0070.bmp_NEW.jpg,7475ae257670f136f3a3e18fd04f8512,2323,3613,JPEG
sc0070.bmp_NEW_00010.jpg,1539641,sc0070.bmp_NEW.jpg,c72616d4a957097102391d4bb1644b6d,2323,3613,JPEG
sc0071.bmp_NEW_00001.jpg,1260290,sc0071.bmp_NEW.jpg,7f1378e9a92b00aec9da1f8be6ae106e,2215,3592,JPEG
sc0071.bmp_NEW_00002.jpg,1292243,sc0071.bmp_NEW.jpg,178cb5a773ff8c46668de35bcccb191b,2215,3592,JPEG
sc0071.bmp_NEW_00003.jpg,1297521,sc0071.bmp_NEW.jpg,346724477b38a21f59da33597e0549b9,2215,3592,JPEG
sc0071.bmp_NEW_00004.jpg,1402602,sc0071.bmp_NEW.jpg,f770565d35cb7bb79204c300db902c3b,2215,3592,JPEG
sc0071.bmp_NEW_00005.jpg,1226675,sc0071.bmp_NEW.jpg,a608c8d25d4ff7d3d733f110d44e68d4,2215,3592,JPEG
sc0071.bmp_NEW_00006.jpg,1241318,sc0071.bmp_NEW.jpg,2915e40e7f51aedcc6167ef32faf82f4,2215,3592,JPEG
sc0071.bmp_NEW_00007.jpg,1547040,sc0071.bmp_NEW.jpg,43fdfb1c965bcbd76ec96fd38531e365,2215,3592,JPEG
sc0071.bmp_NEW_00008.jpg,1271353,sc0071.bmp_NEW.jpg,885702b4769a379e8069cf351bab7619,2215,3592,JPEG
sc0071.bmp_NEW_00009.jpg,1328230,sc0071.bmp_NEW.jpg,41a237893754e77d042fe17413713850,2215,3592,JPEG
sc0071.bmp_NEW_00010.jpg,1263023,sc0071.bmp_NEW.jpg,71716be52eecfcf4852812651ba8c261,2215,3592,JPEG
sc0072.bmp_NEW_00001.jpg,1801591,sc0072.bmp_NEW.jpg,5b0f5a986b76adb4fcf055aabb5ffd24,2602,4607,JPEG
sc0072.bmp_NEW_00002.jpg,2013886,sc0072.bmp_NEW.jpg,7b7252e0bc2d39167471aed026c314ed,2602,4607,JPEG
sc0072.bmp_NEW_00003.jpg,1996549,sc0072.bmp_NEW.jpg,5098a9461002682c9c37f1ac6042f084,2602,4607,JPEG
sc0072.bmp_NEW_00004.jpg,2092299,sc0072.bmp_NEW.jpg,7dbb78255463fdd0a383c5f2eb929632,2602,4607,JPEG
sc0072.bmp_NEW_00005.jpg,1740808,sc0072.bmp_NEW.jpg,2c9cb48ec328619addd3c77edcc59f45,2602,4607,JPEG
sc0072.bmp_NEW_00006.jpg,1884327,sc0072.bmp_NEW.jpg,29181217d3dfa54422b5dd2da415b935,2602,4607,JPEG
sc0072.bmp_NEW_00007.jpg,1955761,sc0072.bmp_NEW.jpg,2f89135c947e0674383a45a210c58241,2602,4607,JPEG
sc0072.bmp_NEW_00008.jpg,2065799,sc0072.bmp_NEW.jpg,3705d602581281fc7a1f2b7cc70fcc18,2602,4607,JPEG
sc0072.bmp_NEW_00009.jpg,2029611,sc0072.bmp_NEW.jpg,a20a42a7f1c06c958ca226ef58944715,2602,4607,JPEG
sc0072.bmp_NEW_00010.jpg,1874386,sc0072.bmp_NEW.jpg,63ffd3b060e024107ad45c52d9619bca,2602,4607,JPEG
sc0073.bmp_NEW_00001.jpg,582770,sc0073.bmp_NEW.jpg,cd11846ad1dc3e9edc451f437f3e8f75,2147,1475,JPEG
sc0073.bmp_NEW_00002.jpg,762706,sc0073.bmp_NEW.jpg,2cde5036d0fabaa9608cc86a56a79e43,2147,1475,JPEG
sc0073.bmp_NEW_00003.jpg,631655,sc0073.bmp_NEW.jpg,c29a8fc6e305ece8d294d16632938971,2147,1475,JPEG
sc0073.bmp_NEW_00004.jpg,450600,sc0073.bmp_NEW.jpg,0640d4d75bac86a4aad551f582e2da08,2147,1475,JPEG
sc0073.bmp_NEW_00005.jpg,764410,sc0073.bmp_NEW.jpg,7ca8fdfe41e024683c1eeeab3ccb282b,2147,1475,JPEG
sc0073.bmp_NEW_00006.jpg,781429,sc0073.bmp_NEW.jpg,b98744d0f80ece5d259dcf35456edc76,2147,1475,JPEG
sc0073.bmp_NEW_00007.jpg,566622,sc0073.bmp_NEW.jpg,b318ae1efd220e27e5077a6baa2b7d22,2147,1475,JPEG
sc0073.bmp_NEW_00008.jpg,576862,sc0073.bmp_NEW.jpg,32b21fee808ecdf7c91d9a5e52f6fab2,2147,1475,JPEG
sc0073.bmp_NEW_00009.jpg,529225,sc0073.bmp_NEW.jpg,5469110085c0b7b9409f29127579b314,2147,1475,JPEG
sc0073.bmp_NEW_00010.jpg,530010,sc0073.bmp_NEW.jpg,57609837dff31bd51fb4bdbdd458db36,2147,1475,JPEG
sc0077.bmp_NEW_00001.jpg,1284169,sc0077.bmp_NEW.jpg,cf8593185a6f50f91a6788fd29329861,2481,2919,JPEG
sc0077.bmp_NEW_00002.jpg,1284002,sc0077.bmp_NEW.jpg,d31826857e302a9c5259488c9ed01432,2481,2919,JPEG
sc0077.bmp_NEW_00003.jpg,1654598,sc0077.bmp_NEW.jpg,c5b046e49b3acd3a33bd44d3c4289999,2481,2919,JPEG
sc0077.bmp_NEW_00004.jpg,1446251,sc0077.bmp_NEW.jpg,dcd9c3e87e81c5cbd25fc1272ae15df1,2481,2919,JPEG
sc0077.bmp_NEW_00005.jpg,1252755,sc0077.bmp_NEW.jpg,e365c16ded2cd31181235e58d8e83722,2481,2919,JPEG
sc0077.bmp_NEW_00006.jpg,1478357,sc0077.bmp_NEW.jpg,0816e9bc30721d7bb333738fc90c04c8,2481,2919,JPEG
sc0077.bmp_NEW_00007.jpg,1669309,sc0077.bmp_NEW.jpg,5f2e24137b4cd07ffee22f5754dd6861,2481,2919,JPEG
sc0077.bmp_NEW_00008.jpg,1285469,sc0077.bmp_NEW.jpg,c3e95ffcb9fc6575acc422007db27158,2481,2919,JPEG
sc0077.bmp_NEW_00009.jpg,1394578,sc0077.bmp_NEW.jpg,8bdcb8653dcf3d443c697ec0cdb0ba77,2481,2919,JPEG
sc0077.bmp_NEW_00010.jpg,1635264,sc0077.bmp_NEW.jpg,ee3732b1a32e5df452a88c800d1ae544,2481,2919,JPEG
sc0121_NEW_00001.jpg,949907,sc0121_NEW.jpg,93247e3c5fecbac853a5a4aac7b46b5f,2108,1500,JPEG
sc0121_NEW_00002.jpg,1025398,sc0121_NEW.jpg,8d8ea873e631dadf59b4cb1104d39b4a,2108,1500,JPEG
sc0121_NEW_00003.jpg,984761,sc0121_NEW.jpg,d7a2232cdca5c4231233cead25602501,2108,1500,JPEG
sc0121_NEW_00004.jpg,958767,sc0121_NEW.jpg,53ea0283864070576d74b550138ac8bb,2108,1500,JPEG
sc0121_NEW_00005.jpg,1039915,sc0121_NEW.jpg,39cc8cc5594f730b8ea1853490c963ae,2108,1500,JPEG
sc0121_NEW_00006.jpg,1115667,sc0121_NEW.jpg,60a73987ffcd0027b6d570254e39f38b,2108,1500,JPEG
sc0121_NEW_00007.jpg,977678,sc0121_NEW.jpg,a1cdfa4ed71fd6365e53e35b70e1597f,2108,1500,JPEG
sc0121_NEW_00008.jpg,946774,sc0121_NEW.jpg,7717f57a046a9b72b2cc2c23c0fd3cf3,2108,1500,JPEG
sc0121_NEW_00009.jpg,1082707,sc0121_NEW.jpg,f0a412accb67d010b3d909f9d334e863,2108,1500,JPEG
sc0121_NEW_00010.jpg,1040697,sc0121_NEW.jpg,79cff3a5f12cf886be3405b5e1c8692b,2108,1500,JPEG
sc0122_NEW_00001.jpg,3348367,sc0122_NEW.jpg,2756e56fd27952953922c67f7420f8a2,3041,5496,JPEG
sc0122_NEW_00002.jpg,3505235,sc0122_NEW.jpg,8047aae1ffca0a6fc6a86a8846adf91a,3041,5496,JPEG
sc0122_NEW_00003.jpg,3482550,sc0122_NEW.jpg,700c9e1c7e157f475e6b8d100f589ac2,3041,5496,JPEG
sc0122_NEW_00004.jpg,3494543,sc0122_NEW.jpg,591dee215328b19e90edc94ee7ba77db,3041,5496,JPEG
sc0122_NEW_00005.jpg,3509083,sc0122_NEW.jpg,0706223868ba1b7c50dc65142d068471,3041,5496,JPEG
sc0122_NEW_00006.jpg,3845624,sc0122_NEW.jpg,bcc9ae2548a4ada6750d3c6024077aee,3041,5496,JPEG
sc0122_NEW_00007.jpg,3405052,sc0122_NEW.jpg,a75b377b29882a28e5b7bb803c90c077,3041,5496,JPEG
sc0122_NEW_00008.jpg,3545386,sc0122_NEW.jpg,6c45e17048cce682ac0ce4b0887dc73a,3041,5496,JPEG
sc0122_NEW_00009.jpg,3506376,sc0122_NEW.jpg,3e4c24e3e3972227fb947be4c6bdac49,3041,5496,JPEG
sc0122_NEW_00010.jpg,3381542,sc0122_NEW.jpg,0aebd7d77139998fac275e081c1be02f,3041,5496,JPEG
sc0123_NEW_00001.jpg,2810656,sc0123_NEW.jpg,36b352440c3985686398dc535062b1f7,2358,5340,JPEG
sc0123_NEW_00002.jpg,2868039,sc0123_NEW.jpg,ddac67bc0dc0f11fbbaea022d39c3284,2358,5340,JPEG
sc0123_NEW_00003.jpg,2781751,sc0123_NEW.jpg,89427a088e7841379ee9d766914c78d7,2358,5340,JPEG
sc0123_NEW_00004.jpg,2898152,sc0123_NEW.jpg,423b938c644182a014bac5a83525803a,2358,5340,JPEG
sc0123_NEW_00005.jpg,2826638,sc0123_NEW.jpg,f7f8c4894edfcf4984af6245cf3cd66e,2358,5340,JPEG
sc0123_NEW_00006.jpg,2861715,sc0123_NEW.jpg,ffdf3abfb4bdb04a1daa32bfef37b1de,2358,5340,JPEG
sc0123_NEW_00007.jpg,2859765,sc0123_NEW.jpg,ed7edb2e0ddd06b1da5849562834ce5b,2358,5340,JPEG
sc0123_NEW_00008.jpg,2929366,sc0123_NEW.jpg,743d23dfd70265a8d631ebafe4b700a5,2358,5340,JPEG
sc0123_NEW_00009.jpg,2838244,sc0123_NEW.jpg,ff945715fa27812ba8d908b7d68cfc0e,2358,5340,JPEG
sc0123_NEW_00010.jpg,2967716,sc0123_NEW.jpg,0dbe10e7ee3a624baac71258be0bfac0,2358,5340,JPEG
sc0124_NEW_00001.jpg,2465626,sc0124_NEW.jpg,db683c3a0b70e199915766db5d894aae,2363,5113,JPEG
sc0124_NEW_00002.jpg,2375582,sc0124_NEW.jpg,a1cbe240799e26727a0ca81229dd008e,2363,5113,JPEG
sc0124_NEW_00003.jpg,2713195,sc0124_NEW.jpg,96e877aa8920f8503da2ae968bd5a239,2363,5113,JPEG
sc0124_NEW_00004.jpg,2626094,sc0124_NEW.jpg,61bf6917c6071e77ed38c91445b4780a,2363,5113,JPEG
sc0124_NEW_00005.jpg,2738317,sc0124_NEW.jpg,636654cbdc3d35c549ab1f73835597ef,2363,5113,JPEG
sc0124_NEW_00006.jpg,2711351,sc0124_NEW.jpg,e5b51ee48cfbbc21b33c0db955d2877d,2363,5113,JPEG
sc0124_NEW_00007.jpg,2480921,sc0124_NEW.jpg,30d8a1e74058be80c45fe1b0429b6393,2363,5113,JPEG
sc0124_NEW_00008.jpg,2394918,sc0124_NEW.jpg,60942d5ab035b482187e63f411b07912,2363,5113,JPEG
sc0124_NEW_00009.jpg,2588697,sc0124_NEW.jpg,2163e56157524f43797399004b851247,2363,5113,JPEG
sc0124_NEW_00010.jpg,2480547,sc0124_NEW.jpg,cc4678ebf5b6a51dcb7c6d31df75e79b,2363,5113,JPEG
sc0125_NEW_00001.jpg,4028599,sc0125_NEW.jpg,f0040b6e456b3b1fcca3ed5aed361f86,4178,4394,JPEG
sc0125_NEW_00002.jpg,3745540,sc0125_NEW.jpg,1bd0938e507ea335601529c9a664af0d,4178,4394,JPEG
sc0125_NEW_00003.jpg,3649398,sc0125_NEW.jpg,55d9b7c964a3c80db2d580704147a160,4178,4394,JPEG
sc0125_NEW_00004.jpg,3982473,sc0125_NEW.jpg,e33a8c0e4f329b6f6193bc5ee1cfecb3,4178,4394,JPEG
sc0125_NEW_00005.jpg,3594115,sc0125_NEW.jpg,82281f20960a5727d4aa3f7c4350f0d5,4178,4394,JPEG
sc0125_NEW_00006.jpg,3974105,sc0125_NEW.jpg,a12e00e4f873849c95ce04a7641464de,4178,4394,JPEG
sc0125_NEW_00007.jpg,3989973,sc0125_NEW.jpg,725af0cef44029972436f512545d7a4e,4178,4394,JPEG
sc0125_NEW_00008.jpg,3781963,sc0125_NEW.jpg,057e7298da754f0d598796f3a970f4da,4178,4394,JPEG
sc0125_NEW_00009.jpg,3842498,sc0125_NEW.jpg,590a3cee1ec29fbf736196e0e9d7e80c,4178,4394,JPEG
sc0125_NEW_00010.jpg,3677220,sc0125_NEW.jpg,f9734a8710ccf77c384645a22f7ce407,4178,4394,JPEG
sc0126_NEW_00001.jpg,4951253,sc0126_NEW.jpg,09cec67d7be4bfa388c513b9df300b33,4720,4914,JPEG
sc0126_NEW_00002.jpg,5463680,sc0126_NEW.jpg,292c53f30ab22ea5e6db5c4b739e940e,4720,4914,JPEG
sc0126_NEW_00003.jpg,4910403,sc0126_NEW.jpg,c832e88c83169bb56e41adfa64cb03f9,4720,4914,JPEG
sc0126_NEW_00004.jpg,5385153,sc0126_NEW.jpg,34d04ec3afcff414358421d7e7375536,4720,4914,JPEG
sc0126_NEW_00005.jpg,5297910,sc0126_NEW.jpg,3a207aef84c82a17f547e0d2e6bb2bb4,4720,4914,JPEG
sc0126_NEW_00006.jpg,4904775,sc0126_NEW.jpg,6e18e0770d6e8b8439d4cab819275b6b,4720,4914,JPEG
sc0126_NEW_00007.jpg,5402616,sc0126_NEW.jpg,941f9b2b205044e42579ed656fdf0018,4720,4914,JPEG
sc0126_NEW_00008.jpg,5386915,sc0126_NEW.jpg,16dc116548cec9c7c7ec549a0e9e3623,4720,4914,JPEG
sc0126_NEW_00009.jpg,5686374,sc0126_NEW.jpg,1f0950589d45320a4798a54d3db8c075,4720,4914,JPEG
sc0126_NEW_00010.jpg,4870300,sc0126_NEW.jpg,477beea5073a1f61028ef36927198410,4720,4914,JPEG
sc0126_NEW_NEW_00001.jpg,2671492,sc0126_NEW_NEW.jpg,85c3e99b511acae506f8abcfdef4f568,4720,2337,JPEG
sc0126_NEW_NEW_00002.jpg,3070742,sc0126_NEW_NEW.jpg,a4b260c41fdf324c32c0a3b492488b9c,4720,2337,JPEG
sc0126_NEW_NEW_00003.jpg,2569029,sc0126_NEW_NEW.jpg,98ba46fc05a509c382048b6e3f083da9,4720,2337,JPEG
sc0126_NEW_NEW_00004.jpg,3030587,sc0126_NEW_NEW.jpg,4e3498d7e2480beaebd4c0a90242385a,4720,2337,JPEG
sc0126_NEW_NEW_00005.jpg,2925616,sc0126_NEW_NEW.jpg,39200dde11366b39fbe0f09c4f52d9b6,4720,2337,JPEG
sc0126_NEW_NEW_00006.jpg,2961134,sc0126_NEW_NEW.jpg,62178184706600fb2ce1dcf9d7627469,4720,2337,JPEG
sc0126_NEW_NEW_00007.jpg,3210921,sc0126_NEW_NEW.jpg,80b320869a3f72951d6e654f59bbf252,4720,2337,JPEG
sc0126_NEW_NEW_00008.jpg,2855683,sc0126_NEW_NEW.jpg,532d643a2edbd1a4d2ba7e7e262053d8,4720,2337,JPEG
sc0126_NEW_NEW_00009.jpg,2769447,sc0126_NEW_NEW.jpg,d331ad16224e1932cd4fe11a89441545,4720,2337,JPEG
sc0126_NEW_NEW_00010.jpg,2870996,sc0126_NEW_NEW.jpg,eb0c939093c58e1b7eb41e0afd85bba1,4720,2337,JPEG
sc0127_NEW_00001.jpg,3447484,sc0127_NEW.jpg,12c05cac317754d8e13b7d924ba375e6,3123,5064,JPEG
sc0127_NEW_00002.jpg,3452823,sc0127_NEW.jpg,9081d1258ba3b4dd528f5a3b65839df0,3123,5064,JPEG
sc0127_NEW_00003.jpg,3263249,sc0127_NEW.jpg,3502c85715fbc33e1ecfdf47cc82006f,3123,5064,JPEG
sc0127_NEW_00004.jpg,3421427,sc0127_NEW.jpg,902c26eb02fcb0e17bef23e525d04b4e,3123,5064,JPEG
sc0127_NEW_00005.jpg,3264005,sc0127_NEW.jpg,d3a7ee6bfe8e732d4d200356deda75bf,3123,5064,JPEG
sc0127_NEW_00006.jpg,3430088,sc0127_NEW.jpg,f32c301e85dce8aab081eba4e2f88910,3123,5064,JPEG
sc0127_NEW_00007.jpg,3423433,sc0127_NEW.jpg,cf5150dc9478237f764de7c1775c0fc4,3123,5064,JPEG
sc0127_NEW_00008.jpg,3246210,sc0127_NEW.jpg,2125aff7bad19babba2fa492ba9a7a0a,3123,5064,JPEG
sc0127_NEW_00009.jpg,3276594,sc0127_NEW.jpg,10d68990e1221463ec6b4f163cc982be,3123,5064,JPEG
sc0127_NEW_00010.jpg,3617776,sc0127_NEW.jpg,65e090df53b59ca1bf1168fa242ce72c,3123,5064,JPEG
sc0128_NEW_00001.jpg,3491620,sc0128_NEW.jpg,37adcb31d15451463a494b937150c28d,2509,5406,JPEG
sc0128_NEW_00002.jpg,3623391,sc0128_NEW.jpg,c65dd63b1aa208909978bd6e6ca12d95,2509,5406,JPEG
sc0128_NEW_00003.jpg,3482843,sc0128_NEW.jpg,c58c8841177f1166b66edf1715db4264,2509,5406,JPEG
sc0128_NEW_00004.jpg,3408547,sc0128_NEW.jpg,db45e9850df611274a5dd367a47c01ba,2509,5406,JPEG
sc0128_NEW_00005.jpg,3603551,sc0128_NEW.jpg,1fe4c33c81e57d7f4a8fc99cae03a5ab,2509,5406,JPEG
sc0128_NEW_00006.jpg,3328353,sc0128_NEW.jpg,d9633f749a67a1e2b9a7776b25136ca9,2509,5406,JPEG
sc0128_NEW_00007.jpg,3457904,sc0128_NEW.jpg,a9a6fba100fdc09a5488746e5c0f35ae,2509,5406,JPEG
sc0128_NEW_00008.jpg,3451475,sc0128_NEW.jpg,28d39ff8ab5d91b17ace344d3393a608,2509,5406,JPEG
sc0128_NEW_00009.jpg,3409062,sc0128_NEW.jpg,75bd4251432ec4e8d2d10da46cdd4b99,2509,5406,JPEG
sc0128_NEW_00010.jpg,3469333,sc0128_NEW.jpg,85017cc6d1ff67f176ef426410de6177,2509,5406,JPEG
sc0129_NEW_00001.jpg,4319516,sc0129_NEW.jpg,13d21d2779b3532a0a54c496106847d2,4213,5393,JPEG
sc0129_NEW_00002.jpg,4324364,sc0129_NEW.jpg,a4f0891af805e3250ae257846ef831ea,4213,5393,JPEG
sc0129_NEW_00003.jpg,4370880,sc0129_NEW.jpg,d8514c3ed4810c14305d7ced7e72835d,4213,5393,JPEG
sc0129_NEW_00004.jpg,4602422,sc0129_NEW.jpg,c76b4387422917dd27f37cc126b425c5,4213,5393,JPEG
sc0129_NEW_00005.jpg,4331769,sc0129_NEW.jpg,227ff7c2536d3add2dfdccb26b10d689,4213,5393,JPEG
sc0129_NEW_00006.jpg,4303496,sc0129_NEW.jpg,a3d8a5946874e18dc71bd499e393bacb,4213,5393,JPEG
sc0129_NEW_00007.jpg,4473125,sc0129_NEW.jpg,38be1ca38b55e9806f57c391a6932a31,4213,5393,JPEG
sc0129_NEW_00008.jpg,4686055,sc0129_NEW.jpg,01ba29b8fb0ce4cc96a0552b8b223265,4213,5393,JPEG
sc0129_NEW_00009.jpg,4767136,sc0129_NEW.jpg,a023abfd7d046830a4a3f26d984e5713,4213,5393,JPEG
sc0129_NEW_00010.jpg,4793241,sc0129_NEW.jpg,5ed84915c271b36912c3869b68deb166,4213,5393,JPEG
sc0130_NEW_00001.jpg,5116626,sc0130_NEW.jpg,3bc1c39c325d07b0cef8f4f3b242e017,4336,5452,JPEG
sc0130_NEW_00002.jpg,4830730,sc0130_NEW.jpg,c81f8ee43f94fb6cc36709d190acd37f,4336,5452,JPEG
sc0130_NEW_00003.jpg,4981374,sc0130_NEW.jpg,a9ad587cb200228a581fe45dc28d12bc,4336,5452,JPEG
sc0130_NEW_00004.jpg,5238374,sc0130_NEW.jpg,ccf5146ec2e52af6162ce57bd72281b8,4336,5452,JPEG
sc0130_NEW_00005.jpg,4931029,sc0130_NEW.jpg,cb92b41aa371a9fed3942e0ec2302a4e,4336,5452,JPEG
sc0130_NEW_00006.jpg,4907267,sc0130_NEW.jpg,e8a1911c0f906797f54ee60d926284c1,4336,5452,JPEG
sc0130_NEW_00007.jpg,5272950,sc0130_NEW.jpg,c78192e21e2d7747b39a4e9e63e42f14,4336,5452,JPEG
sc0130_NEW_00008.jpg,5119205,sc0130_NEW.jpg,63b28c4be791a0c20d52b4df1c566837,4336,5452,JPEG
sc0130_NEW_00009.jpg,5317885,sc0130_NEW.jpg,51c4d0e618c771850289cbec0477ac5d,4336,5452,JPEG
sc0130_NEW_00010.jpg,5009181,sc0130_NEW.jpg,7ccb870260397d9c558d44702f3706e7,4336,5452,JPEG
sc0131_NEW_00001.jpg,4464798,sc0131_NEW.jpg,e13a3062cdb02e05374c947b4a2315de,2817,5495,JPEG
sc0131_NEW_00002.jpg,4501570,sc0131_NEW.jpg,0b3fa4e5677f64123458d6de59c479a2,2817,5495,JPEG
sc0131_NEW_00003.jpg,4469564,sc0131_NEW.jpg,2e0fe2d0dff9ea01f3c4c27e95a9de66,2817,5495,JPEG
sc0131_NEW_00004.jpg,4614166,sc0131_NEW.jpg,b7544d5f9fed43f77d291ffe18a6e88e,2817,5495,JPEG
sc0131_NEW_00005.jpg,4388482,sc0131_NEW.jpg,0228b1d3b855ae781ad5b6f91d0f8d7a,2817,5495,JPEG
sc0131_NEW_00006.jpg,4441882,sc0131_NEW.jpg,f253ee7069e32a6ac57699d642a1c870,2817,5495,JPEG
sc0131_NEW_00007.jpg,4404202,sc0131_NEW.jpg,b8beaa5a6afc8047f767d51723bc7424,2817,5495,JPEG
sc0131_NEW_00008.jpg,4487133,sc0131_NEW.jpg,43f13f668c0d5518c0156f88381b8e97,2817,5495,JPEG
sc0131_NEW_00009.jpg,4613279,sc0131_NEW.jpg,fb5e5706b2a5ce548a280b421959028b,2817,5495,JPEG
sc0131_NEW_00010.jpg,4638003,sc0131_NEW.jpg,025fd5c65a2fce3a65a34e41ac1103e4,2817,5495,JPEG
sc0132_NEW_00001.jpg,2682470,sc0132_NEW.jpg,d689090ff7c773d6dd64d5cf3b93474a,2693,3837,JPEG
sc0132_NEW_00002.jpg,2880744,sc0132_NEW.jpg,8ca37894468b644765179dd69867515e,2693,3837,JPEG
sc0132_NEW_00003.jpg,2837155,sc0132_NEW.jpg,47a777ebd9c41848122395b8cbbae7d4,2693,3837,JPEG
sc0132_NEW_00004.jpg,2654743,sc0132_NEW.jpg,f62d1e1f135fc960f1103ea5a5e22edd,2693,3837,JPEG
sc0132_NEW_00005.jpg,2690651,sc0132_NEW.jpg,7ffc724125d93f6e6f0ca714159c0e67,2693,3837,JPEG
sc0132_NEW_00006.jpg,2840058,sc0132_NEW.jpg,ddb15f313bf0d9bf8be35d10502c5581,2693,3837,JPEG
sc0132_NEW_00007.jpg,2835936,sc0132_NEW.jpg,762e73518aa4559adb82c3e773d20b67,2693,3837,JPEG
sc0132_NEW_00008.jpg,3076127,sc0132_NEW.jpg,3622e1ba790c58c239568bd36f1efd5f,2693,3837,JPEG
sc0132_NEW_00009.jpg,2802101,sc0132_NEW.jpg,6032ce6ff6e2b80c77ae5a8d6ea36fe1,2693,3837,JPEG
sc0132_NEW_00010.jpg,2873618,sc0132_NEW.jpg,270deee8c691429b5d8d2509f63f059f,2693,3837,JPEG
sc0133_NEW_00001.jpg,4433499,sc0133_NEW.jpg,108fa4be7a9ad583802f95eb06912ea6,3872,5272,JPEG
sc0133_NEW_00002.jpg,4184804,sc0133_NEW.jpg,b18336f0bf3477423ffba2e4df3b3b23,3872,5272,JPEG
sc0133_NEW_00003.jpg,4637730,sc0133_NEW.jpg,f34cdfaa5791102b0df910015235ae0a,3872,5272,JPEG
sc0133_NEW_00004.jpg,4590226,sc0133_NEW.jpg,a08729844e7910eb88f704cbb1c60d38,3872,5272,JPEG
sc0133_NEW_00005.jpg,4277251,sc0133_NEW.jpg,6c998abd404a316889a7fe48c0176764,3872,5272,JPEG
sc0133_NEW_00006.jpg,4530973,sc0133_NEW.jpg,0849d6f5205436f68506891988c3d77d,3872,5272,JPEG
sc0133_NEW_00007.jpg,4342409,sc0133_NEW.jpg,f2d6bdede3e74f6d222aeaf3a6237bba,3872,5272,JPEG
sc0133_NEW_00008.jpg,4188387,sc0133_NEW.jpg,cfe2387de7f6088cdd6c031e1280f1ae,3872,5272,JPEG
sc0133_NEW_00009.jpg,4366252,sc0133_NEW.jpg,af715e4778f9b52967589f0e1a4194b8,3872,5272,JPEG
sc0133_NEW_00010.jpg,4490464,sc0133_NEW.jpg,81c024012a965f1c2aae1b7daf6b24d5,3872,5272,JPEG
sc0134_NEW_00001.jpg,1811209,sc0134_NEW.jpg,a419f58304f767bc67326e0bb5e2a871,2012,4236,JPEG
sc0134_NEW_00002.jpg,2021482,sc0134_NEW.jpg,cf44ed739ba7de5a8161fba50320bf7b,2012,4236,JPEG
sc0134_NEW_00003.jpg,1893984,sc0134_NEW.jpg,f6f42b1251cb501dfe90d520712afcec,2012,4236,JPEG
sc0134_NEW_00004.jpg,1844424,sc0134_NEW.jpg,f1a96d30a7d31421c10513eba09c1422,2012,4236,JPEG
sc0134_NEW_00005.jpg,1853433,sc0134_NEW.jpg,0e42c0ac75f8974eb85c8283a8ea7023,2012,4236,JPEG
sc0134_NEW_00006.jpg,1994589,sc0134_NEW.jpg,9be3d3f6d118b9d3eeb84c19fe1234d8,2012,4236,JPEG
sc0134_NEW_00007.jpg,2081456,sc0134_NEW.jpg,aad0e1781dd19b9fb4461b447474de20,2012,4236,JPEG
sc0134_NEW_00008.jpg,1970716,sc0134_NEW.jpg,bf1836b5bfc53876b04d075509e038ea,2012,4236,JPEG
sc0134_NEW_00009.jpg,1931701,sc0134_NEW.jpg,41e9e01e497de403e5e034f1834d1bb5,2012,4236,JPEG
sc0134_NEW_00010.jpg,1838887,sc0134_NEW.jpg,9b7d11eb595b6af25432fbc2156f07d6,2012,4236,JPEG
sc0135_NEW_00001.jpg,1671625,sc0135_NEW.jpg,7b9655d0d177d131c13f46f9a1821ae0,2596,2546,JPEG
sc0135_NEW_00002.jpg,1885233,sc0135_NEW.jpg,def8d6d201aaf1a8330254f885331fd4,2596,2546,JPEG
sc0135_NEW_00003.jpg,1963351,sc0135_NEW.jpg,e0171fcc6e560449749b5b3b5feaae4b,2596,2546,JPEG
sc0135_NEW_00004.jpg,1841391,sc0135_NEW.jpg,ce8a5f896d2254bb617c32932f1ea1b8,2596,2546,JPEG
sc0135_NEW_00005.jpg,1756405,sc0135_NEW.jpg,f3d505d856a0bafcd3f0d971cc6b84b2,2596,2546,JPEG
sc0135_NEW_00006.jpg,1765357,sc0135_NEW.jpg,c755aa8ad6a94d0909c4e964d04cfd91,2596,2546,JPEG
sc0135_NEW_00007.jpg,1674330,sc0135_NEW.jpg,6dbd623c098db9a1405722d78837192c,2596,2546,JPEG
sc0135_NEW_00008.jpg,1803599,sc0135_NEW.jpg,e46a88d0e78103bf615db529507990d0,2596,2546,JPEG
sc0135_NEW_00009.jpg,1712386,sc0135_NEW.jpg,cc7ee4d4145ceca5fda2c61159b03b9e,2596,2546,JPEG
sc0135_NEW_00010.jpg,1763628,sc0135_NEW.jpg,d0fddcfab86bf5e68c90b1e8164ae153,2596,2546,JPEG
sc0136_NEW_00001.jpg,1256857,sc0136_NEW.jpg,79c9f9fd5b60edc46e781bf33cf76c69,2432,2341,JPEG
sc0136_NEW_00002.jpg,1469928,sc0136_NEW.jpg,3ad26471bd38da0d56944f63034b2054,2432,2341,JPEG
sc0136_NEW_00003.jpg,1388214,sc0136_NEW.jpg,8bff9de7db8321bcbf731e582d20a450,2432,2341,JPEG
sc0136_NEW_00004.jpg,1259538,sc0136_NEW.jpg,6d8c5d0b2f57a002a1974bf67922ccb9,2432,2341,JPEG
sc0136_NEW_00005.jpg,1180849,sc0136_NEW.jpg,ccbb38bc9b6501e7f292cf0f663e9a94,2432,2341,JPEG
sc0136_NEW_00006.jpg,1141518,sc0136_NEW.jpg,b966d9621be0e2e29d25cffb2dc34a8f,2432,2341,JPEG
sc0136_NEW_00007.jpg,1140796,sc0136_NEW.jpg,d10fa68795e53783ab786316207f4b5c,2432,2341,JPEG
sc0136_NEW_00008.jpg,1327718,sc0136_NEW.jpg,8fddd87e418db23e63cd850aef7d3946,2432,2341,JPEG
sc0136_NEW_00009.jpg,1228994,sc0136_NEW.jpg,7845b33ad9ca6017bb0c159ecd52bacd,2432,2341,JPEG
sc0136_NEW_00010.jpg,1412440,sc0136_NEW.jpg,f5004dfb0c36a2ccbb92a4047c63336d,2432,2341,JPEG
sc0138_NEW_00001.jpg,1447236,sc0138_NEW.jpg,82692857a58b4f4cd82b17086ff687e9,1759,3435,JPEG
sc0138_NEW_00002.jpg,1644342,sc0138_NEW.jpg,f195295b5a1649ef542333e15e2ef0fe,1759,3435,JPEG
sc0138_NEW_00003.jpg,1415818,sc0138_NEW.jpg,16cc1296fc27531bcb8ed4696a0c95e1,1759,3435,JPEG
sc0138_NEW_00004.jpg,1456871,sc0138_NEW.jpg,fff916a96c73828faeb8203f13989d9b,1759,3435,JPEG
sc0138_NEW_00005.jpg,1472604,sc0138_NEW.jpg,2072572443bc65e53af237f556b9f66b,1759,3435,JPEG
sc0138_NEW_00006.jpg,1332691,sc0138_NEW.jpg,84a6093f030e3731dde304ff6e812993,1759,3435,JPEG
sc0138_NEW_00007.jpg,1406043,sc0138_NEW.jpg,1816b384822465c78d0ca222308dbcc9,1759,3435,JPEG
sc0138_NEW_00008.jpg,1364312,sc0138_NEW.jpg,4738cbe88eb790263100022f546fee7f,1759,3435,JPEG
sc0138_NEW_00009.jpg,1502753,sc0138_NEW.jpg,7af6dda9b270978fd590116dc8ca601c,1759,3435,JPEG
sc0138_NEW_00010.jpg,1547283,sc0138_NEW.jpg,c7009b758086feec17001788d1cecb43,1759,3435,JPEG
sc0139_NEW_00001.jpg,2427401,sc0139_NEW.jpg,e9140ab5989b736fa61ca1707dc71872,2438,4744,JPEG
sc0139_NEW_00002.jpg,2229886,sc0139_NEW.jpg,1270257ac77b8f14c9c654067f690cc0,2438,4744,JPEG
sc0139_NEW_00003.jpg,2395700,sc0139_NEW.jpg,a83e2fff8b7c7d9daaa77b1ca7a3530b,2438,4744,JPEG
sc0139_NEW_00004.jpg,2254617,sc0139_NEW.jpg,7578b5323e4fdcaa5cd0cea449148f19,2438,4744,JPEG
sc0139_NEW_00005.jpg,2366204,sc0139_NEW.jpg,52e71f9312cc477d887b52780938c9af,2438,4744,JPEG
sc0139_NEW_00006.jpg,2207674,sc0139_NEW.jpg,e21fa036c4536b260ec3e0d0566018d2,2438,4744,JPEG
sc0139_NEW_00007.jpg,2218942,sc0139_NEW.jpg,398bfaeded2e3903721973b6ae91c0d2,2438,4744,JPEG
sc0139_NEW_00008.jpg,2309425,sc0139_NEW.jpg,1fc269823ee8df1b83d31c0230db7791,2438,4744,JPEG
sc0139_NEW_00009.jpg,2326134,sc0139_NEW.jpg,a582f8390745777c02a7f1806a1550ba,2438,4744,JPEG
sc0139_NEW_00010.jpg,2174726,sc0139_NEW.jpg,f39edbc5b20dda23041e551741c24ee4,2438,4744,JPEG
sc0140_NEW_00001.jpg,3089573,sc0140_NEW.jpg,084ffe7a83b7ea5d6b6541020a6fd147,2508,5187,JPEG
sc0140_NEW_00002.jpg,2855118,sc0140_NEW.jpg,c072877cd22a70c3a52e8987056bbb92,2508,5187,JPEG
sc0140_NEW_00003.jpg,2966612,sc0140_NEW.jpg,182e73a8a83ab4954dc0210d4c65ab91,2508,5187,JPEG
sc0140_NEW_00004.jpg,2950432,sc0140_NEW.jpg,2c6a57f334f5a40ead8e430896716588,2508,5187,JPEG
sc0140_NEW_00005.jpg,3184878,sc0140_NEW.jpg,6ad17918156fc3f1833a343c652315a6,2508,5187,JPEG
sc0140_NEW_00006.jpg,2907469,sc0140_NEW.jpg,aeb6b088d098864b48fd48046fa7cb5b,2508,5187,JPEG
sc0140_NEW_00007.jpg,3102745,sc0140_NEW.jpg,4caa3a9840e9e71368bdf4f1764e1f3e,2508,5187,JPEG
sc0140_NEW_00008.jpg,3084662,sc0140_NEW.jpg,e207dbfbe1c2aa74786a9958547c214b,2508,5187,JPEG
sc0140_NEW_00009.jpg,2982050,sc0140_NEW.jpg,affccae1af48e744407a5af2a230e38b,2508,5187,JPEG
sc0140_NEW_00010.jpg,3000914,sc0140_NEW.jpg,9bc972f9b2a0f8e5d684429b3f274f6a,2508,5187,JPEG
sc0141_NEW_00001.jpg,2738368,sc0141_NEW.jpg,789a3c51a700c227d677c864df655377,3719,4228,JPEG
sc0141_NEW_00002.jpg,3242514,sc0141_NEW.jpg,cc56db6ec4dea8ec610fa46a555faed2,3719,4228,JPEG
sc0141_NEW_00003.jpg,3297916,sc0141_NEW.jpg,f5904b9a6fe8feb3d73fc11a5fe0f542,3719,4228,JPEG
sc0141_NEW_00004.jpg,2954187,sc0141_NEW.jpg,3a7943380eb4db977d1ec27b19e461f9,3719,4228,JPEG
sc0141_NEW_00005.jpg,2949128,sc0141_NEW.jpg,e0138a97762d989ada0a89724eabd481,3719,4228,JPEG
sc0141_NEW_00006.jpg,2930048,sc0141_NEW.jpg,8c0bb42d9d0ce467955c176f99239ec7,3719,4228,JPEG
sc0141_NEW_00007.jpg,2851436,sc0141_NEW.jpg,f9de61228e2172b771c69670c86658fd,3719,4228,JPEG
sc0141_NEW_00008.jpg,3073704,sc0141_NEW.jpg,af05ab0dbf5811e5e21b36f9668d933a,3719,4228,JPEG
sc0141_NEW_00009.jpg,3044875,sc0141_NEW.jpg,fb9e3a21ab443c465fe3c9da6ad08cd6,3719,4228,JPEG
sc0141_NEW_00010.jpg,2975187,sc0141_NEW.jpg,732c6abeea1013b6e7ec352de55c38f1,3719,4228,JPEG
sc0142_NEW_00001.jpg,1388713,sc0142_NEW.jpg,3e0598f78f8ef4bebe1b5968e03f532b,1698,2779,JPEG
sc0142_NEW_00002.jpg,1300273,sc0142_NEW.jpg,0cea809c2328311b28946f61d446aa00,1698,2779,JPEG
sc0142_NEW_00003.jpg,1411905,sc0142_NEW.jpg,f7a97c17f38357fbaf49ab939a9012eb,1698,2779,JPEG
sc0142_NEW_00004.jpg,1408137,sc0142_NEW.jpg,4bb71ce236f0abcbb609d9658a324ac2,1698,2779,JPEG
sc0142_NEW_00005.jpg,1443728,sc0142_NEW.jpg,9201e30683d3dfb04360e2810781745e,1698,2779,JPEG
sc0142_NEW_00006.jpg,1391617,sc0142_NEW.jpg,e87060a741d86ade61370f9973b62e3e,1698,2779,JPEG
sc0142_NEW_00007.jpg,1325254,sc0142_NEW.jpg,035a46a297813d6e403af15d03822a94,1698,2779,JPEG
sc0142_NEW_00008.jpg,1441167,sc0142_NEW.jpg,201996a89c11416d298f6bb41fd82a12,1698,2779,JPEG
sc0142_NEW_00009.jpg,1331460,sc0142_NEW.jpg,39e0bb79c0bdda52f149787c6b890d4b,1698,2779,JPEG
sc0142_NEW_00010.jpg,1341773,sc0142_NEW.jpg,9868b7962ae3a055f31cbdc4fb04ec9d,1698,2779,JPEG
sc0143_NEW_00001.jpg,3073686,sc0143_NEW.jpg,1a483ac341f32b08c8827e31f606105b,2742,4962,JPEG
sc0143_NEW_00002.jpg,2859921,sc0143_NEW.jpg,50f613fc2ebeee0abd43a7ca43a13af2,2742,4962,JPEG
sc0143_NEW_00003.jpg,2891480,sc0143_NEW.jpg,569d53d9a4949c45427217fc5c2d03ad,2742,4962,JPEG
sc0143_NEW_00004.jpg,2831367,sc0143_NEW.jpg,c5367bce3a228fb1b3e94388bbcfdb4f,2742,4962,JPEG
sc0143_NEW_00005.jpg,2803555,sc0143_NEW.jpg,0f0778a3b2271230907058a35320bbe0,2742,4962,JPEG
sc0143_NEW_00006.jpg,2840950,sc0143_NEW.jpg,c2ded5cd6ba498d4c434fb410f3d4257,2742,4962,JPEG
sc0143_NEW_00007.jpg,2834013,sc0143_NEW.jpg,b8cfb76c4147e36a3eee3bf0990e801e,2742,4962,JPEG
sc0143_NEW_00008.jpg,2980921,sc0143_NEW.jpg,c79d590adb7fd0489a8d5bdca50fc780,2742,4962,JPEG
sc0143_NEW_00009.jpg,3033844,sc0143_NEW.jpg,ab41de84c2a8e51668b25bb0b5ed48a7,2742,4962,JPEG
sc0143_NEW_00010.jpg,2946390,sc0143_NEW.jpg,b03e5291217a648acbf94355ddf566b4,2742,4962,JPEG
sc0144_NEW_00001.jpg,5073323,sc0144_NEW.jpg,db13d95e5ee64c5c22beaf8a74e235c1,3442,5537,JPEG
sc0144_NEW_00002.jpg,5032829,sc0144_NEW.jpg,6f71bff3fb73601d55d443f31f85f584,3442,5537,JPEG
sc0144_NEW_00003.jpg,4932426,sc0144_NEW.jpg,451a1d1d27117b1f919db0bf93c5b6fd,3442,5537,JPEG
sc0144_NEW_00004.jpg,5083057,sc0144_NEW.jpg,0b1cbbbe65720329b789cc7566458c8d,3442,5537,JPEG
sc0144_NEW_00005.jpg,4919686,sc0144_NEW.jpg,11827eaf5ff476a8b6f4e6628df6fb10,3442,5537,JPEG
sc0144_NEW_00006.jpg,5026650,sc0144_NEW.jpg,2f55be8def98cc6f240b50a60cf5bfab,3442,5537,JPEG
sc0144_NEW_00007.jpg,4927466,sc0144_NEW.jpg,afd2a6da92fe392201c35c015da02601,3442,5537,JPEG
sc0144_NEW_00008.jpg,4998964,sc0144_NEW.jpg,c68074b1106206cb2ac4c07321b69d8d,3442,5537,JPEG
sc0144_NEW_00009.jpg,4902706,sc0144_NEW.jpg,a1ee94044239f02114d4177cd5b9a6c6,3442,5537,JPEG
sc0144_NEW_00010.jpg,5059018,sc0144_NEW.jpg,df1684241764582d29f494a60251e4f3,3442,5537,JPEG
sc0144_NEW_NEW_00001.jpg,2473816,sc0144_NEW_NEW.jpg,a7bcdbb1b84a7c4f5fdb9ef18e21ef3f,3442,2537,JPEG
sc0144_NEW_NEW_00002.jpg,2934304,sc0144_NEW_NEW.jpg,5e7def1e811461630f88f6ed0cb1bb95,3442,2537,JPEG
sc0144_NEW_NEW_00003.jpg,2622052,sc0144_NEW_NEW.jpg,347c5bfa4bc3275a2e912f61b66b8f5a,3442,2537,JPEG
sc0144_NEW_NEW_00004.jpg,2786447,sc0144_NEW_NEW.jpg,dc6594e8b1482d048519630b539dccda,3442,2537,JPEG
sc0144_NEW_NEW_00005.jpg,2841792,sc0144_NEW_NEW.jpg,ab8b10e1b02934aea477dfd26d3c6b82,3442,2537,JPEG
sc0144_NEW_NEW_00006.jpg,2506195,sc0144_NEW_NEW.jpg,f26c5c01d435ee27878155ccbde75d88,3442,2537,JPEG
sc0144_NEW_NEW_00007.jpg,2579109,sc0144_NEW_NEW.jpg,340dc8c544204fc5231f733f032ee203,3442,2537,JPEG
sc0144_NEW_NEW_00008.jpg,2603361,sc0144_NEW_NEW.jpg,b4b220a71d4e00a8e93c0022982edc2b,3442,2537,JPEG
sc0144_NEW_NEW_00009.jpg,2481860,sc0144_NEW_NEW.jpg,ae3af865ca12ebad8999cde3fc3fb51a,3442,2537,JPEG
sc0144_NEW_NEW_00010.jpg,2635435,sc0144_NEW_NEW.jpg,33a6c75da15df7646d9564547459c123,3442,2537,JPEG
sc0144_NEW_NEW_0001_00001.jpg,2663104,sc0144_NEW_NEW_0001.jpg,d6fc375062f63ee07eb1ed584ae7d1e0,3442,2665,JPEG
sc0144_NEW_NEW_0001_00002.jpg,2629661,sc0144_NEW_NEW_0001.jpg,f2300f88632a33f919ddf3310aa6ea0f,3442,2665,JPEG
sc0144_NEW_NEW_0001_00003.jpg,2447978,sc0144_NEW_NEW_0001.jpg,669a10f929beff8398329446fcc2b79d,3442,2665,JPEG
sc0144_NEW_NEW_0001_00004.jpg,2619141,sc0144_NEW_NEW_0001.jpg,cd1aa3e0e7c25899a133ac1e5da8b394,3442,2665,JPEG
sc0144_NEW_NEW_0001_00005.jpg,2494159,sc0144_NEW_NEW_0001.jpg,2d99523c930a14a7e7bce847911ddc3a,3442,2665,JPEG
sc0144_NEW_NEW_0001_00006.jpg,2557402,sc0144_NEW_NEW_0001.jpg,23df2fbae12b2df3c7552fecd04c480b,3442,2665,JPEG
sc0144_NEW_NEW_0001_00007.jpg,2563036,sc0144_NEW_NEW_0001.jpg,fd48c8092df21f6ea0cfe7a03a835d82,3442,2665,JPEG
sc0144_NEW_NEW_0001_00008.jpg,2439546,sc0144_NEW_NEW_0001.jpg,72ec63bbb7f4f97570ea7a8ead02b588,3442,2665,JPEG
sc0144_NEW_NEW_0001_00009.jpg,2653020,sc0144_NEW_NEW_0001.jpg,37f8a40ebf9e4f3d4320b8e114472e36,3442,2665,JPEG
sc0144_NEW_NEW_0001_00010.jpg,2827787,sc0144_NEW_NEW_0001.jpg,430274b778a138c9ab94033d7dcd3b25,3442,2665,JPEG
sc0145_NEW_00001.jpg,1324361,sc0145_NEW.jpg,5eca436b9061c7c45c89f6ffc77f976a,3120,2568,JPEG
sc0145_NEW_00002.jpg,1617101,sc0145_NEW.jpg,720be9e88d40ae854b0815f96cedb13d,3120,2568,JPEG
sc0145_NEW_00003.jpg,1345609,sc0145_NEW.jpg,e5ccb7919a5bd78d3003fe5b80acabf0,3120,2568,JPEG
sc0145_NEW_00004.jpg,1548784,sc0145_NEW.jpg,389b834094a9ac120c1b00dd8a1c4d26,3120,2568,JPEG
sc0145_NEW_00005.jpg,1617382,sc0145_NEW.jpg,bb68ab8014e336b32bec559157eb70f9,3120,2568,JPEG
sc0145_NEW_00006.jpg,1671439,sc0145_NEW.jpg,6c7b0a4f897ef7f7c9faee3f3fceeae2,3120,2568,JPEG
sc0145_NEW_00007.jpg,1528422,sc0145_NEW.jpg,e0c46c6abfba515d247080921504c859,3120,2568,JPEG
sc0145_NEW_00008.jpg,1849839,sc0145_NEW.jpg,291c64eb0b364418cd0e987aa84c658f,3120,2568,JPEG
sc0145_NEW_00009.jpg,1417623,sc0145_NEW.jpg,b975f7120861ebeeaba5582ca2a4b391,3120,2568,JPEG
sc0145_NEW_00010.jpg,1699828,sc0145_NEW.jpg,93dfc5aebae05a8fc6cc1ce0c3e9b44e,3120,2568,JPEG
sc0146_NEW_00001.jpg,4427124,sc0146_NEW.jpg,570aca9e42e90cab5ac97ebea23de249,3148,5513,JPEG
sc0146_NEW_00002.jpg,4475289,sc0146_NEW.jpg,e5504770270f86a9a0e8a9467a5f50a3,3148,5513,JPEG
sc0146_NEW_00003.jpg,4516275,sc0146_NEW.jpg,fc15c39b8fa5c99b4dc16a1ba68104ad,3148,5513,JPEG
sc0146_NEW_00004.jpg,4707575,sc0146_NEW.jpg,73561f3cd046cb07e5e69c6f0ec5a50c,3148,5513,JPEG
sc0146_NEW_00005.jpg,4718026,sc0146_NEW.jpg,70ae59052f07e9cb6469accce3e89fff,3148,5513,JPEG
sc0146_NEW_00006.jpg,4514561,sc0146_NEW.jpg,1c666dd48527053fe8f10df6dba345bf,3148,5513,JPEG
sc0146_NEW_00007.jpg,4505904,sc0146_NEW.jpg,21a92cc0ef5f3eb84f722a13d60ede0d,3148,5513,JPEG
sc0146_NEW_00008.jpg,4683762,sc0146_NEW.jpg,003a16b492c0b1ef53bb09f15f28c199,3148,5513,JPEG
sc0146_NEW_00009.jpg,4687832,sc0146_NEW.jpg,1752e57482e6d8ec118738cc270ba467,3148,5513,JPEG
sc0146_NEW_00010.jpg,4669941,sc0146_NEW.jpg,78d2d1e0adeeceb7eca7787299382f51,3148,5513,JPEG
sc0147_NEW_00001.jpg,4906232,sc0147_NEW.jpg,cd0192002a927ece33633c8ed2e25c00,3335,5649,JPEG
sc0147_NEW_00002.jpg,5073002,sc0147_NEW.jpg,6d9cff883e26068e981ce13b4c9073bb,3335,5649,JPEG
sc0147_NEW_00003.jpg,4987948,sc0147_NEW.jpg,5ee23b9f4e4593212b36b9615040d8a8,3335,5649,JPEG
sc0147_NEW_00004.jpg,5023245,sc0147_NEW.jpg,148b43ab52878ba5e965dee5c809ed76,3335,5649,JPEG
sc0147_NEW_00005.jpg,4976956,sc0147_NEW.jpg,906433d59ab7716621c2769521563dd6,3335,5649,JPEG
sc0147_NEW_00006.jpg,5082582,sc0147_NEW.jpg,c688fe145c97d236263bedd41054205c,3335,5649,JPEG
sc0147_NEW_00007.jpg,5160456,sc0147_NEW.jpg,b269c30b1abe0e419190fd4040c60e3a,3335,5649,JPEG
sc0147_NEW_00008.jpg,5138236,sc0147_NEW.jpg,86e76e40aed3226d8db3caea41a51285,3335,5649,JPEG
sc0147_NEW_00009.jpg,5018977,sc0147_NEW.jpg,dc8e7a832975b5b76ff11681e040c0f7,3335,5649,JPEG
sc0147_NEW_00010.jpg,4931261,sc0147_NEW.jpg,b9a801803abbb31e31ac97d2b06f5251,3335,5649,JPEG
sc0148_NEW_00001.jpg,1088064,sc0148_NEW.jpg,de7ac22d732d6995194778368491a300,2386,1874,JPEG
sc0148_NEW_00002.jpg,1081928,sc0148_NEW.jpg,d26d2a96ba1260d1cd736244239167bb,2386,1874,JPEG
sc0148_NEW_00003.jpg,1095540,sc0148_NEW.jpg,0a48823479a9ed9c6c0f5d7c925c5ce6,2386,1874,JPEG
sc0148_NEW_00004.jpg,1207303,sc0148_NEW.jpg,3498c44096b290949f7e47fe1d629737,2386,1874,JPEG
sc0148_NEW_00005.jpg,1012726,sc0148_NEW.jpg,aeb30e431a5f7dc99237e7267e317026,2386,1874,JPEG
sc0148_NEW_00006.jpg,1181433,sc0148_NEW.jpg,40f310a52e7569868d0fc7e006f3f55b,2386,1874,JPEG
sc0148_NEW_00007.jpg,1016187,sc0148_NEW.jpg,558b3f2fd78ca7a793e24b84c5deec1e,2386,1874,JPEG
sc0148_NEW_00008.jpg,1342067,sc0148_NEW.jpg,db89688e46376f49e8492c5d809fab74,2386,1874,JPEG
sc0148_NEW_00009.jpg,1251230,sc0148_NEW.jpg,4551f919e71530c90ceacf394f7e1335,2386,1874,JPEG
sc0148_NEW_00010.jpg,1130473,sc0148_NEW.jpg,398ceadf429f086d17bc51608625094f,2386,1874,JPEG
sc0149_NEW_00001.jpg,3816654,sc0149_NEW.jpg,17b6abd955514ceef8b811a268d97805,3352,4360,JPEG
sc0149_NEW_00002.jpg,3895992,sc0149_NEW.jpg,6e48bcd20aece60dfa89f47b59be8fd2,3352,4360,JPEG
sc0149_NEW_00003.jpg,4074129,sc0149_NEW.jpg,c4c1a2efd4ae7fa70ba2ff32f1fc0244,3352,4360,JPEG
sc0149_NEW_00004.jpg,3741091,sc0149_NEW.jpg,f4d6e6685d766272f4c42d7b43564094,3352,4360,JPEG
sc0149_NEW_00005.jpg,3872762,sc0149_NEW.jpg,91df8252715930b8a1bc40028dcdc9b7,3352,4360,JPEG
sc0149_NEW_00006.jpg,3937431,sc0149_NEW.jpg,b0f490668b30293a40f9c3a195db96bc,3352,4360,JPEG
sc0149_NEW_00007.jpg,3687224,sc0149_NEW.jpg,89d90f76b371569154e120aa425d3a74,3352,4360,JPEG
sc0149_NEW_00008.jpg,3869930,sc0149_NEW.jpg,054488b3fa60f92e0da3d4bff6d4bb8e,3352,4360,JPEG
sc0149_NEW_00009.jpg,3778820,sc0149_NEW.jpg,594a75f9c3f51d9f706723643b855885,3352,4360,JPEG
sc0149_NEW_00010.jpg,3800479,sc0149_NEW.jpg,84563b1e9ce2d3ca243b0b69f7cd2e8c,3352,4360,JPEG
sc0150_NEW_00001.jpg,4225171,sc0150_NEW.jpg,003471b1b1465ab84fc8d2a5c7e50608,2982,5912,JPEG
sc0150_NEW_00002.jpg,4514179,sc0150_NEW.jpg,93ec7c5b2643af430aebff21d350b454,2982,5912,JPEG
sc0150_NEW_00003.jpg,4427015,sc0150_NEW.jpg,b7cb5ee843fa7fb2263215dec102ca8a,2982,5912,JPEG
sc0150_NEW_00004.jpg,4546229,sc0150_NEW.jpg,758767a9bedec2c9022a6e6e2dae1833,2982,5912,JPEG
sc0150_NEW_00005.jpg,4377283,sc0150_NEW.jpg,36b0b4794cffd57ecd8bff81db26095c,2982,5912,JPEG
sc0150_NEW_00006.jpg,4477238,sc0150_NEW.jpg,d7483bb70f5d16f797c067e22f983aaf,2982,5912,JPEG
sc0150_NEW_00007.jpg,4341256,sc0150_NEW.jpg,28bb9d491a556737bca3c8f466e65f8b,2982,5912,JPEG
sc0150_NEW_00008.jpg,4500742,sc0150_NEW.jpg,fc3b06e93cfc740f70620ea5b2303150,2982,5912,JPEG
sc0150_NEW_00009.jpg,4222058,sc0150_NEW.jpg,68753c8a0642ab23965055b77af35a04,2982,5912,JPEG
sc0150_NEW_00010.jpg,4401596,sc0150_NEW.jpg,89ac1d5b5b3e886f7485bd16ce200859,2982,5912,JPEG
sc0152_NEW_00001.jpg,6273126,sc0152_NEW.jpg,570738b6ba5670121cfd188692ff0ea1,4776,5697,JPEG
sc0152_NEW_00002.jpg,6012415,sc0152_NEW.jpg,782141f4356ddf3eaa638cd3d732bdd2,4776,5697,JPEG
sc0152_NEW_00003.jpg,6004900,sc0152_NEW.jpg,f2607936f2ae966e655a77ff73c4475d,4776,5697,JPEG
sc0152_NEW_00004.jpg,6236378,sc0152_NEW.jpg,34a8f11c28215e4af96c1fd0e09a4745,4776,5697,JPEG
sc0152_NEW_00005.jpg,6075942,sc0152_NEW.jpg,31aea24a13538f7a9d40a075088010b5,4776,5697,JPEG
sc0152_NEW_00006.jpg,6288078,sc0152_NEW.jpg,255ec978974cf57f4e0e2a636ddcbf49,4776,5697,JPEG
sc0152_NEW_00007.jpg,6122460,sc0152_NEW.jpg,1d9a01000618cc7bf6991117336bc627,4776,5697,JPEG
sc0152_NEW_00008.jpg,6385919,sc0152_NEW.jpg,bb649aac31fa710254eb3e96d794832b,4776,5697,JPEG
sc0152_NEW_00009.jpg,6250831,sc0152_NEW.jpg,5b80ef2ba23facc854799b8649b008a7,4776,5697,JPEG
sc0152_NEW_00010.jpg,6529542,sc0152_NEW.jpg,b6873bb56f7e53904d9d113c54f2a001,4776,5697,JPEG
sc0153_NEW_00001.jpg,3412170,sc0153_NEW.jpg,9542808e7565bf83ff77fe25ab15b36c,3074,5526,JPEG
sc0153_NEW_00002.jpg,3510448,sc0153_NEW.jpg,13a6e99151f89b705b65bd361db58211,3074,5526,JPEG
sc0153_NEW_00003.jpg,3197025,sc0153_NEW.jpg,863e769a30364d1641e6289e72df5974,3074,5526,JPEG
sc0153_NEW_00004.jpg,3267404,sc0153_NEW.jpg,02090e7fe9acbce0099289bd864c9e21,3074,5526,JPEG
sc0153_NEW_00005.jpg,3396786,sc0153_NEW.jpg,d11cb295311f30b17fe5d7aeb5f335ff,3074,5526,JPEG
sc0153_NEW_00006.jpg,3412591,sc0153_NEW.jpg,067cb574c1495fb9b88b0d265e653642,3074,5526,JPEG
sc0153_NEW_00007.jpg,3154920,sc0153_NEW.jpg,d4952b831ecdcdb67b3d22654dcb92d4,3074,5526,JPEG
sc0153_NEW_00008.jpg,3314446,sc0153_NEW.jpg,2ba507aef79417b967643ad19fdefcf1,3074,5526,JPEG
sc0153_NEW_00009.jpg,3309096,sc0153_NEW.jpg,5ccfad883d3a3aec8838e70e0dbe6e54,3074,5526,JPEG
sc0153_NEW_00010.jpg,3166505,sc0153_NEW.jpg,625894e877d6c93c1751db5e831622b7,3074,5526,JPEG
sc0154_NEW_00001.jpg,3001130,sc0154_NEW.jpg,cbae234be1e0d86b9e92aba5f9939ec7,2652,5545,JPEG
sc0154_NEW_00002.jpg,3027191,sc0154_NEW.jpg,d3b00083d7328e4b233dfca6023999d5,2652,5545,JPEG
sc0154_NEW_00003.jpg,2921545,sc0154_NEW.jpg,ea1719299582c8bb15d0d6b86553dbdc,2652,5545,JPEG
sc0154_NEW_00004.jpg,2868795,sc0154_NEW.jpg,5afaa84a3350dcf46fac1189b93961e4,2652,5545,JPEG
sc0154_NEW_00005.jpg,3090819,sc0154_NEW.jpg,2db397f83a4c1a24bf10c21ecfcc6f60,2652,5545,JPEG
sc0154_NEW_00006.jpg,3039729,sc0154_NEW.jpg,7c4706842261a5adeec9fedc35b36fc5,2652,5545,JPEG
sc0154_NEW_00007.jpg,3149707,sc0154_NEW.jpg,82d85cec9ebee46828e7d23a7c841477,2652,5545,JPEG
sc0154_NEW_00008.jpg,2842474,sc0154_NEW.jpg,3db5d22ad403b46aea4d653efa7a4444,2652,5545,JPEG
sc0154_NEW_00009.jpg,3061124,sc0154_NEW.jpg,640eaa3866c9aefe19470c9ba6199e34,2652,5545,JPEG
sc0154_NEW_00010.jpg,3074945,sc0154_NEW.jpg,cb49e3bafe2958fd898ba7aec92aecf6,2652,5545,JPEG
sc0155_NEW_00001.jpg,4188206,sc0155_NEW.jpg,ede54bc56d55c5816c2327bf5366d69b,2943,5615,JPEG
sc0155_NEW_00002.jpg,4217365,sc0155_NEW.jpg,b00d2184df95474fcbe9f2a3d81534d1,2943,5615,JPEG
sc0155_NEW_00003.jpg,4208914,sc0155_NEW.jpg,befa30ee174e76caa03dc49cbe2ee34f,2943,5615,JPEG
sc0155_NEW_00004.jpg,4640566,sc0155_NEW.jpg,9be5766a36f7322621bad0f3420c91ec,2943,5615,JPEG
sc0155_NEW_00005.jpg,4250651,sc0155_NEW.jpg,3dc6df3dc3e220f9acc6e6d2315bd59d,2943,5615,JPEG
sc0155_NEW_00006.jpg,4079103,sc0155_NEW.jpg,e3dfc932c6a137f810f08a89a68ea1e5,2943,5615,JPEG
sc0155_NEW_00007.jpg,4326708,sc0155_NEW.jpg,8a0cbbf247680799a9e3e3229e13c32a,2943,5615,JPEG
sc0155_NEW_00008.jpg,4266814,sc0155_NEW.jpg,49788520e83184eed5975876739bc605,2943,5615,JPEG
sc0155_NEW_00009.jpg,4168471,sc0155_NEW.jpg,b482b75ebd208d129e3eb14a09f3e277,2943,5615,JPEG
sc0155_NEW_00010.jpg,4146401,sc0155_NEW.jpg,210fddbc4dd7dcd98599c8d5690d3278,2943,5615,JPEG
sc0155_NEW_NEW_00001.jpg,1879382,sc0155_NEW_NEW.jpg,5ab2c19445217baffa6928839c674e4f,2943,2007,JPEG
sc0155_NEW_NEW_00002.jpg,1892472,sc0155_NEW_NEW.jpg,3dd61a81fd5eaac4d880e37aa4637f87,2943,2007,JPEG
sc0155_NEW_NEW_00003.jpg,1949135,sc0155_NEW_NEW.jpg,d8ff95b48c17d1a376aac20f665fa0a4,2943,2007,JPEG
sc0155_NEW_NEW_00004.jpg,1906373,sc0155_NEW_NEW.jpg,569145929ac1c572cca90ca52e5534eb,2943,2007,JPEG
sc0155_NEW_NEW_00005.jpg,1889362,sc0155_NEW_NEW.jpg,173ddcf35936707387adf208fe1e5a16,2943,2007,JPEG
sc0155_NEW_NEW_00006.jpg,1804504,sc0155_NEW_NEW.jpg,bdbc4ca013af61b91a67653e1749aabe,2943,2007,JPEG
sc0155_NEW_NEW_00007.jpg,1723776,sc0155_NEW_NEW.jpg,64ebf3c05cceb54beae39aa126ae87d8,2943,2007,JPEG
sc0155_NEW_NEW_00008.jpg,1922501,sc0155_NEW_NEW.jpg,3d5c9b0a9f4d41e01e9c08589fb989df,2943,2007,JPEG
sc0155_NEW_NEW_00009.jpg,1688418,sc0155_NEW_NEW.jpg,b7e30c88520955357fda5afba9ca6db0,2943,2007,JPEG
sc0155_NEW_NEW_00010.jpg,1878410,sc0155_NEW_NEW.jpg,902a6f21d364427af3535a1eb8136f05,2943,2007,JPEG
sc0156_NEW_00001.jpg,1433064,sc0156_NEW.jpg,3b2c898c95199dcd8f778e7e35ded925,2444,2444,JPEG
sc0156_NEW_00002.jpg,1482499,sc0156_NEW.jpg,d7fecc7f98b2733d7f4136d6aafa512e,2444,2444,JPEG
sc0156_NEW_00003.jpg,1598054,sc0156_NEW.jpg,723feecf013f2c4ee47b43528787917a,2444,2444,JPEG
sc0156_NEW_00004.jpg,1469473,sc0156_NEW.jpg,05bffc3ccb887858c80bbe5eb543fabe,2444,2444,JPEG
sc0156_NEW_00005.jpg,1648548,sc0156_NEW.jpg,2bf8c7866760c030dcf793e4678bcc8f,2444,2444,JPEG
sc0156_NEW_00006.jpg,1560900,sc0156_NEW.jpg,c05a223d2bed1be7cb5ab0f824cf29cb,2444,2444,JPEG
sc0156_NEW_00007.jpg,1462704,sc0156_NEW.jpg,3c7bf6bb1c31fbde6eb0ae53713ae612,2444,2444,JPEG
sc0156_NEW_00008.jpg,1501675,sc0156_NEW.jpg,56345a32b080fcb23551c9abc7c34c69,2444,2444,JPEG
sc0156_NEW_00009.jpg,1399328,sc0156_NEW.jpg,c6908ad406ea331cf0ae700d5e91b737,2444,2444,JPEG
sc0156_NEW_00010.jpg,1585017,sc0156_NEW.jpg,874e2d8d4e5f8257a25d5682c11d91ef,2444,2444,JPEG
sc0157_NEW_00001.jpg,863374,sc0157_NEW.jpg,de7a58353e9dea02e90717f4103e6ae2,1812,1579,JPEG
sc0157_NEW_00002.jpg,891542,sc0157_NEW.jpg,7b1cfd8756551d5465ff7afd8584cb18,1812,1579,JPEG
sc0157_NEW_00003.jpg,864845,sc0157_NEW.jpg,7e22212e110793a7706ea91aa3040c3e,1812,1579,JPEG
sc0157_NEW_00004.jpg,832873,sc0157_NEW.jpg,5b9e8be7d75374ffcd547fc88722713f,1812,1579,JPEG
sc0157_NEW_00005.jpg,919728,sc0157_NEW.jpg,78c4a8a486ca50df36da457b3e62fa54,1812,1579,JPEG
sc0157_NEW_00006.jpg,838462,sc0157_NEW.jpg,37dd5d089bb777efceb2c9f65a412286,1812,1579,JPEG
sc0157_NEW_00007.jpg,784236,sc0157_NEW.jpg,c99c77f255dd323bc8912c4734c7c6a5,1812,1579,JPEG
sc0157_NEW_00008.jpg,831297,sc0157_NEW.jpg,3b4c8dcbca2088b01310750e2452847e,1812,1579,JPEG
sc0157_NEW_00009.jpg,917257,sc0157_NEW.jpg,f09f32d7a9b2d8b0dad8f0ca34eebb09,1812,1579,JPEG
sc0157_NEW_00010.jpg,903335,sc0157_NEW.jpg,da5820c9693b97e2bc622a07e3d6b610,1812,1579,JPEG
sc0158_NEW_00001.jpg,4979757,sc0158_NEW.jpg,1fc9fba310103362afc11614cb9968cc,3950,5960,JPEG
sc0158_NEW_00002.jpg,5215957,sc0158_NEW.jpg,3227171e855bc6154bb29c6281618f0f,3950,5960,JPEG
sc0158_NEW_00003.jpg,5132036,sc0158_NEW.jpg,43f308af0feb56feb019cfe686dc0ba0,3950,5960,JPEG
sc0158_NEW_00004.jpg,4702125,sc0158_NEW.jpg,7571989ed20c84d855b3ff44d9d63ecd,3950,5960,JPEG
sc0158_NEW_00005.jpg,4672526,sc0158_NEW.jpg,1e7774bb61824ab4d301e1de922653c5,3950,5960,JPEG
sc0158_NEW_00006.jpg,4832156,sc0158_NEW.jpg,8016036c60217fa7918516d2fefbfa9e,3950,5960,JPEG
sc0158_NEW_00007.jpg,5032689,sc0158_NEW.jpg,1a400ba9ea3cdd6290d731bd250eda6f,3950,5960,JPEG
sc0158_NEW_00008.jpg,5025640,sc0158_NEW.jpg,3bae0dae2e57f3a007c974d5f5322cbb,3950,5960,JPEG
sc0158_NEW_00009.jpg,4800921,sc0158_NEW.jpg,19033dbeb35849453e2a30916cb0d746,3950,5960,JPEG
sc0158_NEW_00010.jpg,4780659,sc0158_NEW.jpg,63f79ac4164ea4f91ea421e2fdacd3a0,3950,5960,JPEG
sc0158_NEW_NEW_00001.jpg,2832674,sc0158_NEW_NEW.jpg,63826c1cb4873d63a2e531d205ec5167,3950,2748,JPEG
sc0158_NEW_NEW_00002.jpg,3060534,sc0158_NEW_NEW.jpg,123d4ea2caffd0589a926b2225d0cb11,3950,2748,JPEG
sc0158_NEW_NEW_00003.jpg,2487739,sc0158_NEW_NEW.jpg,b9895ee1c36546d10ae76f2ed9defadc,3950,2748,JPEG
sc0158_NEW_NEW_00004.jpg,3122817,sc0158_NEW_NEW.jpg,9903fe9d57601a5bfc5f35114b79e0dd,3950,2748,JPEG
sc0158_NEW_NEW_00005.jpg,2972335,sc0158_NEW_NEW.jpg,b621a0650042b26caef318197e075313,3950,2748,JPEG
sc0158_NEW_NEW_00006.jpg,2910832,sc0158_NEW_NEW.jpg,5451de80eeefee3ed057372130e924e2,3950,2748,JPEG
sc0158_NEW_NEW_00007.jpg,2765346,sc0158_NEW_NEW.jpg,eb3ad4d537efeee75ff43a5b1ad6c693,3950,2748,JPEG
sc0158_NEW_NEW_00008.jpg,2766032,sc0158_NEW_NEW.jpg,0fa0cf37778973fd263f7243b7888295,3950,2748,JPEG
sc0158_NEW_NEW_00009.jpg,2896057,sc0158_NEW_NEW.jpg,861f2947e997237e14f505843f4bacdc,3950,2748,JPEG
sc0158_NEW_NEW_00010.jpg,2838079,sc0158_NEW_NEW.jpg,b80e756e46fcbcbce39a5dfbe0aa024f,3950,2748,JPEG
sc0159_NEW_00001.jpg,4117577,sc0159_NEW.jpg,b447d1ec650233ac9b28887b35b4defb,3608,5794,JPEG
sc0159_NEW_00002.jpg,3854972,sc0159_NEW.jpg,3f1fc1d6d5fca30c139f4b0e496622b8,3608,5794,JPEG
sc0159_NEW_00003.jpg,3813375,sc0159_NEW.jpg,aa9c793d29eabe5ac3946525123e2e1c,3608,5794,JPEG
sc0159_NEW_00004.jpg,3692383,sc0159_NEW.jpg,8fd1974f2b0177b589ea74ce8b04db3b,3608,5794,JPEG
sc0159_NEW_00005.jpg,4252214,sc0159_NEW.jpg,1e01f1a9666e5f9b159d3467652750cc,3608,5794,JPEG
sc0159_NEW_00006.jpg,4148803,sc0159_NEW.jpg,e520316eadea7b969f5754c4e010b790,3608,5794,JPEG
sc0159_NEW_00007.jpg,3801589,sc0159_NEW.jpg,1d655ed75744431d938186bc091fafab,3608,5794,JPEG
sc0159_NEW_00008.jpg,3976955,sc0159_NEW.jpg,f993880cdee19c98676e3b6c1394f92a,3608,5794,JPEG
sc0159_NEW_00009.jpg,3711044,sc0159_NEW.jpg,18bcd53acf3bd180a519bd34fa8dd045,3608,5794,JPEG
sc0159_NEW_00010.jpg,4117990,sc0159_NEW.jpg,62cfb79bff6fe4fc0ffb3329e945f8de,3608,5794,JPEG
sc0160_NEW_00001.jpg,1191562,sc0160_NEW.jpg,e3c10b99d7491e1685f91a420a9c7783,1228,3840,JPEG
sc0160_NEW_00002.jpg,1236828,sc0160_NEW.jpg,5e106573ff7383f64e6ff4c446c824bb,1228,3840,JPEG
sc0160_NEW_00003.jpg,1249155,sc0160_NEW.jpg,eba15b4d644cab043ca5b8e910e86e3d,1228,3840,JPEG
sc0160_NEW_00004.jpg,1224300,sc0160_NEW.jpg,d0edd1fe9e0eb90109771d06bde5695b,1228,3840,JPEG
sc0160_NEW_00005.jpg,1330492,sc0160_NEW.jpg,cd7aa2012109208a8b6e8fd74b442e78,1228,3840,JPEG
sc0160_NEW_00006.jpg,1247366,sc0160_NEW.jpg,b6fc1baf1c73713bd76e2f9376dd9eec,1228,3840,JPEG
sc0160_NEW_00007.jpg,1208633,sc0160_NEW.jpg,3ce687ea24728cce0c2710fdd1ff5c4e,1228,3840,JPEG
sc0160_NEW_00008.jpg,1267855,sc0160_NEW.jpg,3ff4ee31eecc7b378b130509523ffe0b,1228,3840,JPEG
sc0160_NEW_00009.jpg,1228716,sc0160_NEW.jpg,ba392392c05a871f3e7eb09ae81077a6,1228,3840,JPEG
sc0160_NEW_00010.jpg,1229176,sc0160_NEW.jpg,b8b1dae5329c3eadffc19e04dda59f36,1228,3840,JPEG
sc0162_NEW_00001.jpg,2049664,sc0162_NEW.jpg,44b557fb5eb094773b66fe1d143369cb,2707,2886,JPEG
sc0162_NEW_00002.jpg,2194004,sc0162_NEW.jpg,0da5d47a64cca037c3cc155fecce90bc,2707,2886,JPEG
sc0162_NEW_00003.jpg,2066460,sc0162_NEW.jpg,95cc149de86815f28cb1e63eeebcf6c2,2707,2886,JPEG
sc0162_NEW_00004.jpg,1974924,sc0162_NEW.jpg,d59dd720799038022202023ea28d8bc9,2707,2886,JPEG
sc0162_NEW_00005.jpg,2143058,sc0162_NEW.jpg,4c3c8906d563d7fa04ee1a49264c47d8,2707,2886,JPEG
sc0162_NEW_00006.jpg,2130417,sc0162_NEW.jpg,d105c96acbfc9a78cb03560f5b419e52,2707,2886,JPEG
sc0162_NEW_00007.jpg,2314258,sc0162_NEW.jpg,24b88f3d42e8373c3bb73902a28e278d,2707,2886,JPEG
sc0162_NEW_00008.jpg,2107644,sc0162_NEW.jpg,7053a72292a235033549733b359a3b53,2707,2886,JPEG
sc0162_NEW_00009.jpg,2305277,sc0162_NEW.jpg,b9edb906c79c6f646052fe115bb56ffe,2707,2886,JPEG
sc0162_NEW_00010.jpg,2334836,sc0162_NEW.jpg,dca2185c8960ae506f3d8ab9637c1b5b,2707,2886,JPEG
sc0163_NEW_00001.jpg,2173725,sc0163_NEW.jpg,54edb6e52b127b5e550308625f022270,2512,3455,JPEG
sc0163_NEW_00002.jpg,1875699,sc0163_NEW.jpg,8cabbf068b739c1167e5063e772b263a,2512,3455,JPEG
sc0163_NEW_00003.jpg,1885098,sc0163_NEW.jpg,8b90b757357a8a386c231b90eda531c0,2512,3455,JPEG
sc0163_NEW_00004.jpg,1941760,sc0163_NEW.jpg,3b4efe1e6b154c78cb12e140b489be0d,2512,3455,JPEG
sc0163_NEW_00005.jpg,1910917,sc0163_NEW.jpg,cdf3333851a8fe9ff1883994db5edd71,2512,3455,JPEG
sc0163_NEW_00006.jpg,1971403,sc0163_NEW.jpg,6dc36f46970dc392ff0503df4f46fd20,2512,3455,JPEG
sc0163_NEW_00007.jpg,1917514,sc0163_NEW.jpg,7c8b955ebc4e969aaeef5225679769f2,2512,3455,JPEG
sc0163_NEW_00008.jpg,1959380,sc0163_NEW.jpg,a2449a8acba539b5d280968d1cabb536,2512,3455,JPEG
sc0163_NEW_00009.jpg,1865575,sc0163_NEW.jpg,e9be4423e6b0cc328ef0145b36602a5d,2512,3455,JPEG
sc0163_NEW_00010.jpg,1886581,sc0163_NEW.jpg,1fddf0cda1bf0ae1f7be03dc3cc49e16,2512,3455,JPEG
sc0164_NEW_00001.jpg,970996,sc0164_NEW.jpg,85fd15fb1abaa7bb0164f8af94b02e59,1344,3232,JPEG
sc0164_NEW_00002.jpg,987425,sc0164_NEW.jpg,ecb992f64b72f19716877c2b9c79a189,1344,3232,JPEG
sc0164_NEW_00003.jpg,918102,sc0164_NEW.jpg,7f00af95b1b5fd0c365efcd2e9e6fd20,1344,3232,JPEG
sc0164_NEW_00004.jpg,922411,sc0164_NEW.jpg,bb0ede45c64d7a3f5034a837056130c2,1344,3232,JPEG
sc0164_NEW_00005.jpg,998023,sc0164_NEW.jpg,bd25943ba59211568bd67e6a7a368917,1344,3232,JPEG
sc0164_NEW_00006.jpg,964890,sc0164_NEW.jpg,a4aa36d782bd3d0e482797dc47525f32,1344,3232,JPEG
sc0164_NEW_00007.jpg,917180,sc0164_NEW.jpg,962e6d0743e884ccfde3ea15d4987984,1344,3232,JPEG
sc0164_NEW_00008.jpg,965944,sc0164_NEW.jpg,0937790f6ea206c5649ae91db44e5a48,1344,3232,JPEG
sc0164_NEW_00009.jpg,941191,sc0164_NEW.jpg,fd0e06b11632260f4b24b2d1c2df1d39,1344,3232,JPEG
sc0164_NEW_00010.jpg,939645,sc0164_NEW.jpg,35edfb6021b2a9c65106c428d941f7bf,1344,3232,JPEG
sc0165_NEW_00001.jpg,1004149,sc0165_NEW.jpg,e88ba9e2438a33d620d07097727a183a,2495,1268,JPEG
sc0165_NEW_00002.jpg,1108930,sc0165_NEW.jpg,4afc3c822eec15639bd7fe7f7773d7ad,2495,1268,JPEG
sc0165_NEW_00003.jpg,877295,sc0165_NEW.jpg,b7198679c2406c5f39de96ab743a29f6,2495,1268,JPEG
sc0165_NEW_00004.jpg,992365,sc0165_NEW.jpg,5361c5314666313f8e3d2f9ff2b3ecdb,2495,1268,JPEG
sc0165_NEW_00005.jpg,868957,sc0165_NEW.jpg,094d7263b380295eeed4a74594985b32,2495,1268,JPEG
sc0165_NEW_00006.jpg,920698,sc0165_NEW.jpg,d04d1f39da008a3c7d037e830e883eec,2495,1268,JPEG
sc0165_NEW_00007.jpg,819680,sc0165_NEW.jpg,2e8aaf8733f442594a482b1a618528fc,2495,1268,JPEG
sc0165_NEW_00008.jpg,974735,sc0165_NEW.jpg,c3a5e916cbf830e038454a689b061ac1,2495,1268,JPEG
sc0165_NEW_00009.jpg,1144997,sc0165_NEW.jpg,6d9cbb54543ad3e990d7f5e51328cc21,2495,1268,JPEG
sc0165_NEW_00010.jpg,926882,sc0165_NEW.jpg,1d28bb76ac1c6e7e358f5047bf9f374e,2495,1268,JPEG
sc0166_NEW_00001.jpg,1251682,sc0166_NEW.jpg,12eb936edff78d570f594219f5c4bed0,2025,2424,JPEG
sc0166_NEW_00002.jpg,1240079,sc0166_NEW.jpg,f4e1740081a8eaea9e07bb3707d78f7b,2025,2424,JPEG
sc0166_NEW_00003.jpg,1273918,sc0166_NEW.jpg,ff730c2fca05473942c4b2cbfb763f27,2025,2424,JPEG
sc0166_NEW_00004.jpg,1280292,sc0166_NEW.jpg,ce5fc83b3fee3298e255130c029fa8d7,2025,2424,JPEG
sc0166_NEW_00005.jpg,1084072,sc0166_NEW.jpg,a892e51b734fa1f530ef486064ab5979,2025,2424,JPEG
sc0166_NEW_00006.jpg,1059747,sc0166_NEW.jpg,92ff50e1dcae6fb3f1a47f687fc5b50a,2025,2424,JPEG
sc0166_NEW_00007.jpg,1219177,sc0166_NEW.jpg,4c8a9b9e04ec8350406253961c6c1988,2025,2424,JPEG
sc0166_NEW_00008.jpg,1158367,sc0166_NEW.jpg,8767bc7e79521da05600c4aa33aa1ccc,2025,2424,JPEG
sc0166_NEW_00009.jpg,1366873,sc0166_NEW.jpg,e24c5bf96afdca44bcf78779f421e569,2025,2424,JPEG
sc0166_NEW_00010.jpg,1288437,sc0166_NEW.jpg,9bc658313afb2676fec23dd4856c07c4,2025,2424,JPEG
sc0167_NEW_00001.jpg,1322593,sc0167_NEW.jpg,2f4a0f290a93c4401bdf64d2bd8538c8,1937,2663,JPEG
sc0167_NEW_00002.jpg,1305647,sc0167_NEW.jpg,72e8a062d11503b169fef3d045390ea4,1937,2663,JPEG
sc0167_NEW_00003.jpg,1302645,sc0167_NEW.jpg,68591f3b658294af387f7b36ee798437,1937,2663,JPEG
sc0167_NEW_00004.jpg,1340100,sc0167_NEW.jpg,dac3ae9a304296b615c1f991da3bc028,1937,2663,JPEG
sc0167_NEW_00005.jpg,1193559,sc0167_NEW.jpg,cf13ed218d97b0261b82b24bba7bc3cf,1937,2663,JPEG
sc0167_NEW_00006.jpg,1228671,sc0167_NEW.jpg,2586decc590f6535daf4f5056d9fb8d6,1937,2663,JPEG
sc0167_NEW_00007.jpg,1204325,sc0167_NEW.jpg,1e1a9cfb6aaff36d5084076de4d5ec5b,1937,2663,JPEG
sc0167_NEW_00008.jpg,1396938,sc0167_NEW.jpg,52c27234cf35bf760c24cba35725ce19,1937,2663,JPEG
sc0167_NEW_00009.jpg,1259769,sc0167_NEW.jpg,18e6868f97ad7eaffbb7118dfe258319,1937,2663,JPEG
sc0167_NEW_00010.jpg,1380969,sc0167_NEW.jpg,e4048f50c374bce66d5ccb0a1e24fc2b,1937,2663,JPEG
sc0168_NEW_00001.jpg,1359099,sc0168_NEW.jpg,6fcd808722c9b2194aad7d3674c0549d,2116,2528,JPEG
sc0168_NEW_00002.jpg,1453967,sc0168_NEW.jpg,1c7d0d2ec6a8c2160ea6a80304b15fb8,2116,2528,JPEG
sc0168_NEW_00003.jpg,1323189,sc0168_NEW.jpg,006772c85fcfe6140bd65e13f85f989a,2116,2528,JPEG
sc0168_NEW_00004.jpg,1314065,sc0168_NEW.jpg,dca716a4883aa9ed91f1a7f11fbcc5e2,2116,2528,JPEG
sc0168_NEW_00005.jpg,1179852,sc0168_NEW.jpg,562c91de9d145df9fdb2b40e214477d7,2116,2528,JPEG
sc0168_NEW_00006.jpg,1252616,sc0168_NEW.jpg,efedbcfc198d5a39898499536669e9cd,2116,2528,JPEG
sc0168_NEW_00007.jpg,1340413,sc0168_NEW.jpg,d0c784030f11a5b238a151132e681809,2116,2528,JPEG
sc0168_NEW_00008.jpg,1227660,sc0168_NEW.jpg,4fffea4871b7b184d3cfd2b4e8dbfd02,2116,2528,JPEG
sc0168_NEW_00009.jpg,1247611,sc0168_NEW.jpg,d5bd1d36799bc48d7733f546f95bc796,2116,2528,JPEG
sc0168_NEW_00010.jpg,1318608,sc0168_NEW.jpg,5149d949b1798b33790e423899734ad2,2116,2528,JPEG
sc0169_NEW_00001.jpg,1754643,sc0169_NEW.jpg,ae50c94009fc7edaf8eaf4f7089a8faa,2334,3360,JPEG
sc0169_NEW_00002.jpg,2118851,sc0169_NEW.jpg,91635a92ce3e221efc277e76edb454da,2334,3360,JPEG
sc0169_NEW_00003.jpg,1847397,sc0169_NEW.jpg,da20b101d6d25661354c125e3eeeae66,2334,3360,JPEG
sc0169_NEW_00004.jpg,2110826,sc0169_NEW.jpg,70f93bf0b427d264b0bf85cfc2f211e4,2334,3360,JPEG
sc0169_NEW_00005.jpg,1864046,sc0169_NEW.jpg,6463a731b7c4e575379b332df691ac32,2334,3360,JPEG
sc0169_NEW_00006.jpg,1735626,sc0169_NEW.jpg,968d21ed268371b027b050a22bb3674e,2334,3360,JPEG
sc0169_NEW_00007.jpg,1733143,sc0169_NEW.jpg,b31cd6b0f8d51068099c111689c48716,2334,3360,JPEG
sc0169_NEW_00008.jpg,1926455,sc0169_NEW.jpg,e4896dcccc2473b7b4e95ca2abd67488,2334,3360,JPEG
sc0169_NEW_00009.jpg,1816133,sc0169_NEW.jpg,5579c52b7a0d298229a4d2bca40d2c8c,2334,3360,JPEG
sc0169_NEW_00010.jpg,1980786,sc0169_NEW.jpg,0b866c33f093e106110cf634c4a64ba0,2334,3360,JPEG
sc0170_NEW_00001.jpg,1912049,sc0170_NEW.jpg,a39a1d6746872fdfb6d3d45a2560be7c,2468,3320,JPEG
sc0170_NEW_00002.jpg,1657296,sc0170_NEW.jpg,e5efe53601ccdff7c1d2dddadd079587,2468,3320,JPEG
sc0170_NEW_00003.jpg,1666735,sc0170_NEW.jpg,5f7df5750a46520909c44f43b15be3ef,2468,3320,JPEG
sc0170_NEW_00004.jpg,1611504,sc0170_NEW.jpg,50b16b11bdf96f245a7a231ae27f3d63,2468,3320,JPEG
sc0170_NEW_00005.jpg,1730537,sc0170_NEW.jpg,965448daf6e0e6ca8dae8c4475f50eec,2468,3320,JPEG
sc0170_NEW_00006.jpg,1624843,sc0170_NEW.jpg,d4c9b3d17df5ad6372987ce2ed263423,2468,3320,JPEG
sc0170_NEW_00007.jpg,1574300,sc0170_NEW.jpg,386cf479485a919a31f3e2372915cf1d,2468,3320,JPEG
sc0170_NEW_00008.jpg,1664953,sc0170_NEW.jpg,895e896439cbeac475ee9fc30ae2d159,2468,3320,JPEG
sc0170_NEW_00009.jpg,1545490,sc0170_NEW.jpg,9e95d20a3cb4536a8148500a97ef6b3b,2468,3320,JPEG
sc0170_NEW_00010.jpg,1561102,sc0170_NEW.jpg,31b986dc29113a22d9dd0c131e11df65,2468,3320,JPEG
sc0171_NEW_00001.jpg,5253304,sc0171_NEW.jpg,3546ac2ce5ab3beccf7db556c500f3a9,4657,5488,JPEG
sc0171_NEW_00002.jpg,5191339,sc0171_NEW.jpg,c92cb0376973a08ea63f11ac2739df4a,4657,5488,JPEG
sc0171_NEW_00003.jpg,5166740,sc0171_NEW.jpg,f1235832a5bb6f53b2a1528a1c547a29,4657,5488,JPEG
sc0171_NEW_00004.jpg,5216291,sc0171_NEW.jpg,255b0260c1e6d7c98837cdfd3dc7be73,4657,5488,JPEG
sc0171_NEW_00005.jpg,5486573,sc0171_NEW.jpg,117136e02988584393f9aa72e0eb5542,4657,5488,JPEG
sc0171_NEW_00006.jpg,5037380,sc0171_NEW.jpg,2583622a014be614a7b7ae8aa35d619a,4657,5488,JPEG
sc0171_NEW_00007.jpg,5639277,sc0171_NEW.jpg,87c74c749595486685078d55cc2416e3,4657,5488,JPEG
sc0171_NEW_00008.jpg,5703404,sc0171_NEW.jpg,5b946aebef4d7a5db6ad5077225cf287,4657,5488,JPEG
sc0171_NEW_00009.jpg,5351233,sc0171_NEW.jpg,ebb3af77343c64abab066964716b86ab,4657,5488,JPEG
sc0171_NEW_00010.jpg,5040717,sc0171_NEW.jpg,8aeeb41037d6617e3e17af7739859aeb,4657,5488,JPEG
sc0172_NEW_00001.jpg,2644553,sc0172_NEW.jpg,bf8db535eb7cdcf139a38dad2ef0568e,2226,4768,JPEG
sc0172_NEW_00002.jpg,2663302,sc0172_NEW.jpg,e0e176c09540d591b9b4066c36ec8538,2226,4768,JPEG
sc0172_NEW_00003.jpg,2656625,sc0172_NEW.jpg,94de3a884d619cc6d5e6d10f17564b57,2226,4768,JPEG
sc0172_NEW_00004.jpg,2873341,sc0172_NEW.jpg,506dfe38fb6396bb075ac7d9620e7205,2226,4768,JPEG
sc0172_NEW_00005.jpg,2741237,sc0172_NEW.jpg,948dd7ce2935a1aaa70f587b077e116e,2226,4768,JPEG
sc0172_NEW_00006.jpg,2807506,sc0172_NEW.jpg,6ef465be4d479f69477aa11baacc0636,2226,4768,JPEG
sc0172_NEW_00007.jpg,2807666,sc0172_NEW.jpg,6bf63e53befeb151e052f0a5d79fb52f,2226,4768,JPEG
sc0172_NEW_00008.jpg,2692799,sc0172_NEW.jpg,f25d60076898b9e6674b29cb75ccbe91,2226,4768,JPEG
sc0172_NEW_00009.jpg,2566511,sc0172_NEW.jpg,9bdb244968b0f1f91388c2ed7a4b3325,2226,4768,JPEG
sc0172_NEW_00010.jpg,2565804,sc0172_NEW.jpg,04d1a5c8c69130de250ca912a05b0d7c,2226,4768,JPEG
sc0173_NEW_00001.jpg,642797,sc0173_NEW.jpg,d6a7ed44f4e921934bf144f461c59f2a,1665,1147,JPEG
sc0173_NEW_00002.jpg,699397,sc0173_NEW.jpg,61a4b0e96988edb999439351a10bac75,1665,1147,JPEG
sc0173_NEW_00003.jpg,635006,sc0173_NEW.jpg,6695f05420b687b20b988f5afa222ff7,1665,1147,JPEG
sc0173_NEW_00004.jpg,590080,sc0173_NEW.jpg,697fb750e68b60233bf5b8932f69bc44,1665,1147,JPEG
sc0173_NEW_00005.jpg,621534,sc0173_NEW.jpg,cdc6ac52ea9c645038a9e5ff79e644ab,1665,1147,JPEG
sc0173_NEW_00006.jpg,690174,sc0173_NEW.jpg,ef8d431bb3cb7eb404c7953512b199f8,1665,1147,JPEG
sc0173_NEW_00007.jpg,605317,sc0173_NEW.jpg,3cf615c7006f9c74125cf12f07062fc0,1665,1147,JPEG
sc0173_NEW_00008.jpg,692868,sc0173_NEW.jpg,6b8c840487810207d5c579ef4c32146a,1665,1147,JPEG
sc0173_NEW_00009.jpg,746148,sc0173_NEW.jpg,5c8136686bcd1a8bf3e7c4c837bbe2c4,1665,1147,JPEG
sc0173_NEW_00010.jpg,509690,sc0173_NEW.jpg,37e92997da435745612cd5711ddad5ca,1665,1147,JPEG
sc0174_NEW_00001.jpg,1278661,sc0174_NEW.jpg,3838e3bff83dcee6aa18a72749a2d1e7,1803,2738,JPEG
sc0174_NEW_00002.jpg,1096056,sc0174_NEW.jpg,cb44d916b5d3c4b31267d2b155c536c1,1803,2738,JPEG
sc0174_NEW_00003.jpg,1284392,sc0174_NEW.jpg,b5d0d55d6bb23ccc40c248d68d30db2a,1803,2738,JPEG
sc0174_NEW_00004.jpg,1226225,sc0174_NEW.jpg,51c62f0569176a75731b307b77022d05,1803,2738,JPEG
sc0174_NEW_00005.jpg,1188766,sc0174_NEW.jpg,a8b1cf2ee59e2f5b6d51be002c326544,1803,2738,JPEG
sc0174_NEW_00006.jpg,1276316,sc0174_NEW.jpg,1cef4e25be1dd81ded1681e8cc55b91e,1803,2738,JPEG
sc0174_NEW_00007.jpg,1137182,sc0174_NEW.jpg,f4a2eb30bc9454c4353b677045447d9b,1803,2738,JPEG
sc0174_NEW_00008.jpg,1393002,sc0174_NEW.jpg,f5ef4ad455ea150e2ee07fa72935ebea,1803,2738,JPEG
sc0174_NEW_00009.jpg,1125262,sc0174_NEW.jpg,499169db7629015a3aaebf5ecd526be1,1803,2738,JPEG
sc0174_NEW_00010.jpg,1124488,sc0174_NEW.jpg,fc6150cb1314f779dd2703fa62022d8f,1803,2738,JPEG
sc0175_NEW_00001.jpg,3375200,sc0175_NEW.jpg,bce71961b88f35e75f7f25caebbe8306,2700,5784,JPEG
sc0175_NEW_00002.jpg,3138322,sc0175_NEW.jpg,5f621daf2197720e86482ebd82560713,2700,5784,JPEG
sc0175_NEW_00003.jpg,3165177,sc0175_NEW.jpg,d6af85fec6db136654aa4ff8ce015d45,2700,5784,JPEG
sc0175_NEW_00004.jpg,3062557,sc0175_NEW.jpg,a38347beef765d5fdb2fbc48a4770f6c,2700,5784,JPEG
sc0175_NEW_00005.jpg,3073367,sc0175_NEW.jpg,4ae583abc19d1a3d2320732b3dfbfed4,2700,5784,JPEG
sc0175_NEW_00006.jpg,3344409,sc0175_NEW.jpg,893e889edbec1c5505e6e2c63ab49f78,2700,5784,JPEG
sc0175_NEW_00007.jpg,3183898,sc0175_NEW.jpg,b7df3939648f26151a40a032aff8bbce,2700,5784,JPEG
sc0175_NEW_00008.jpg,2989831,sc0175_NEW.jpg,606a8ef47fe02c7c334917d1d1d2a527,2700,5784,JPEG
sc0175_NEW_00009.jpg,3299249,sc0175_NEW.jpg,27eae7453484e4b1b48794879cfa401f,2700,5784,JPEG
sc0175_NEW_00010.jpg,3204645,sc0175_NEW.jpg,1e144e061c0fa9b58469cbbf1bfb8a8e,2700,5784,JPEG
sc0176_NEW_00001.jpg,2600387,sc0176_NEW.jpg,7642ef8197f2f9163714f3f3cc7f1b2b,2992,3627,JPEG
sc0176_NEW_00002.jpg,2566818,sc0176_NEW.jpg,0f5cb2f18cb3df24c43d015588f18726,2992,3627,JPEG
sc0176_NEW_00003.jpg,2923615,sc0176_NEW.jpg,435ba5a1f9266b95374a12fd6f16751f,2992,3627,JPEG
sc0176_NEW_00004.jpg,2783760,sc0176_NEW.jpg,28d604a82513060ab06cd78541f151b1,2992,3627,JPEG
sc0176_NEW_00005.jpg,2697592,sc0176_NEW.jpg,faf30e646f761969b139d1cbd799ff79,2992,3627,JPEG
sc0176_NEW_00006.jpg,2770989,sc0176_NEW.jpg,3126b48dfcd7e04dec102a49b433a40d,2992,3627,JPEG
sc0176_NEW_00007.jpg,2655696,sc0176_NEW.jpg,4a910bd389d79737f0b47446a06cb76b,2992,3627,JPEG
sc0176_NEW_00008.jpg,2741013,sc0176_NEW.jpg,f50e88f6007f9d9a9ff259882ffea834,2992,3627,JPEG
sc0176_NEW_00009.jpg,2708135,sc0176_NEW.jpg,bab62c2ca15edef48616c502068ee4b5,2992,3627,JPEG
sc0176_NEW_00010.jpg,2565064,sc0176_NEW.jpg,915d6ad8478a646a07103c2150244e71,2992,3627,JPEG
sc0177_NEW_00001.jpg,1209842,sc0177_NEW.jpg,0dff499a355ce1d3e9baf03398e733df,2498,1806,JPEG
sc0177_NEW_00002.jpg,1051010,sc0177_NEW.jpg,cc55f2a36bc4dfe781a1c4033b068ba0,2498,1806,JPEG
sc0177_NEW_00003.jpg,1202740,sc0177_NEW.jpg,7bfdf9337a36fc2fe8603f3df806d4a9,2498,1806,JPEG
sc0177_NEW_00004.jpg,1208823,sc0177_NEW.jpg,a19c51cbd1a1d98c4fd199f34801002a,2498,1806,JPEG
sc0177_NEW_00005.jpg,1376279,sc0177_NEW.jpg,1572e123b8bcf56b3876005a5effb164,2498,1806,JPEG
sc0177_NEW_00006.jpg,1344727,sc0177_NEW.jpg,aacc48087e2da429011e2298e0860b87,2498,1806,JPEG
sc0177_NEW_00007.jpg,1322559,sc0177_NEW.jpg,24c75ee76b9bb9fea94d96e587cffa15,2498,1806,JPEG
sc0177_NEW_00008.jpg,1158283,sc0177_NEW.jpg,118f71c73c3a6b348f41cf587623973a,2498,1806,JPEG
sc0177_NEW_00009.jpg,1264375,sc0177_NEW.jpg,858b4c503cc97b2096fea8028d580cec,2498,1806,JPEG
sc0177_NEW_00010.jpg,1193990,sc0177_NEW.jpg,a4525f6ca975edea743cb6765653faee,2498,1806,JPEG
sc0178_NEW_00001.jpg,2135592,sc0178_NEW.jpg,f61f6a5ae52e6fe70a77c99156248100,2426,3408,JPEG
sc0178_NEW_00002.jpg,2070261,sc0178_NEW.jpg,1d4a7bfae7ae92c82f77adc0f8c4f0bf,2426,3408,JPEG
sc0178_NEW_00003.jpg,2096266,sc0178_NEW.jpg,7ea3a76d55c52cf8416d97749e3d6300,2426,3408,JPEG
sc0178_NEW_00004.jpg,2048949,sc0178_NEW.jpg,9121732c8a9f2f9f3a8e7e01b19cfc17,2426,3408,JPEG
sc0178_NEW_00005.jpg,2199238,sc0178_NEW.jpg,586e5d28167db89d7913690f876299cc,2426,3408,JPEG
sc0178_NEW_00006.jpg,2180164,sc0178_NEW.jpg,c08131f07bcc4749fff7fa1216730e3d,2426,3408,JPEG
sc0178_NEW_00007.jpg,2113562,sc0178_NEW.jpg,977b46a2f15723be58851a322c2246eb,2426,3408,JPEG
sc0178_NEW_00008.jpg,2214871,sc0178_NEW.jpg,40010ccee86b467788ab559a5bc79943,2426,3408,JPEG
sc0178_NEW_00009.jpg,2138883,sc0178_NEW.jpg,5d152d3609c977c51f97320f010ccf08,2426,3408,JPEG
sc0178_NEW_00010.jpg,2014475,sc0178_NEW.jpg,172bf6d9f958a4a25e7f847112d104fa,2426,3408,JPEG
sc0179_NEW_00001.jpg,667967,sc0179_NEW.jpg,d3be93e8dac1c7e0657202580d63937d,1966,868,JPEG
sc0179_NEW_00002.jpg,770162,sc0179_NEW.jpg,d4b1a6f42efdda090a73a8cb26d54ffa,1966,868,JPEG
sc0179_NEW_00003.jpg,662956,sc0179_NEW.jpg,fb9a9221165183912ced2a20fd0e1527,1966,868,JPEG
sc0179_NEW_00004.jpg,676665,sc0179_NEW.jpg,c5438acd05390d3038c873291fb203fe,1966,868,JPEG
sc0179_NEW_00005.jpg,574188,sc0179_NEW.jpg,b1d1da4352a84deef60dd73f8394b790,1966,868,JPEG
sc0179_NEW_00006.jpg,600222,sc0179_NEW.jpg,133b5047ceeb746bbe89b6e1397f6a8b,1966,868,JPEG
sc0179_NEW_00007.jpg,784541,sc0179_NEW.jpg,4ea04bba33e583b25d1853d4566b8ed2,1966,868,JPEG
sc0179_NEW_00008.jpg,662239,sc0179_NEW.jpg,303e115c60f182e537f24dc060d089fc,1966,868,JPEG
sc0179_NEW_00009.jpg,686102,sc0179_NEW.jpg,94e8bac849ece7c39d729218a519bdaf,1966,868,JPEG
sc0179_NEW_00010.jpg,713495,sc0179_NEW.jpg,00cf91506ce15d89b30f6b48c2af5df0,1966,868,JPEG
sc0180_NEW_00001.jpg,395661,sc0180_NEW.jpg,32d4408e02e0ee8434ff84640da91959,1414,729,JPEG
sc0180_NEW_00002.jpg,470867,sc0180_NEW.jpg,b55b8871ba6cbef5d8da3c94653c2620,1414,729,JPEG
sc0180_NEW_00003.jpg,506955,sc0180_NEW.jpg,998dd2535f563aec1b4ca9d8c584e505,1414,729,JPEG
sc0180_NEW_00004.jpg,383002,sc0180_NEW.jpg,d13ddbacb353be8b55cbd25af6143ee0,1414,729,JPEG
sc0180_NEW_00005.jpg,303065,sc0180_NEW.jpg,e8ec89f626dc1af533c25e4bbadc67ca,1414,729,JPEG
sc0180_NEW_00006.jpg,367058,sc0180_NEW.jpg,f13251734bc9ae4197411f3c3e11d243,1414,729,JPEG
sc0180_NEW_00007.jpg,346660,sc0180_NEW.jpg,702167cda9f86e7b1faa4b682b9f0b01,1414,729,JPEG
sc0180_NEW_00008.jpg,343500,sc0180_NEW.jpg,8609c34850e7a85198df6269f2777889,1414,729,JPEG
sc0180_NEW_00009.jpg,458020,sc0180_NEW.jpg,9444cdc23b546d24ff858211b91dd011,1414,729,JPEG
sc0180_NEW_00010.jpg,346545,sc0180_NEW.jpg,3dda9db6befede5346fcdc8a8f57755f,1414,729,JPEG
sc0181_NEW_00001.jpg,1832188,sc0181_NEW.jpg,740d4ff152ba9fa5e676392c67680b20,1964,3872,JPEG
sc0181_NEW_00002.jpg,1751682,sc0181_NEW.jpg,411d27fd81548c8aee9200ba937a9733,1964,3872,JPEG
sc0181_NEW_00003.jpg,1716258,sc0181_NEW.jpg,1ed07d1f244d553679edd2de045dcec9,1964,3872,JPEG
sc0181_NEW_00004.jpg,1731306,sc0181_NEW.jpg,f7696df68499975b0e2972bb4adfba9f,1964,3872,JPEG
sc0181_NEW_00005.jpg,1712348,sc0181_NEW.jpg,f52ea688a9a3d590ee864e8f07299357,1964,3872,JPEG
sc0181_NEW_00006.jpg,1801696,sc0181_NEW.jpg,bed48886e4cc4d646743f84f2995fef1,1964,3872,JPEG
sc0181_NEW_00007.jpg,1709828,sc0181_NEW.jpg,d2907b377479318348d00e0630dd1ab3,1964,3872,JPEG
sc0181_NEW_00008.jpg,1738039,sc0181_NEW.jpg,4c8e88dc7210ef6e1cb0f576abc1d57e,1964,3872,JPEG
sc0181_NEW_00009.jpg,1622209,sc0181_NEW.jpg,868c9720ed1e289b5fa2f0fb8af9e602,1964,3872,JPEG
sc0181_NEW_00010.jpg,1766048,sc0181_NEW.jpg,1143ee7766fa824d62051503beaa2b3d,1964,3872,JPEG
sc0182_NEW_00001.jpg,2847126,sc0182_NEW.jpg,19aa970a53bf69b0f25300dd92985186,2992,3891,JPEG
sc0182_NEW_00002.jpg,2862064,sc0182_NEW.jpg,0f238d1a6fbd3c0614fa926777711d2c,2992,3891,JPEG
sc0182_NEW_00003.jpg,2517605,sc0182_NEW.jpg,242a56b8316d040cdf08d84ad8959584,2992,3891,JPEG
sc0182_NEW_00004.jpg,2538896,sc0182_NEW.jpg,ce7d62dcfbc1d29368c503f6f17e049f,2992,3891,JPEG
sc0182_NEW_00005.jpg,2580970,sc0182_NEW.jpg,20c1ad1c22d84f0da949a73399da2233,2992,3891,JPEG
sc0182_NEW_00006.jpg,2661514,sc0182_NEW.jpg,7f57f592418d2a59244d66620a3b4c7e,2992,3891,JPEG
sc0182_NEW_00007.jpg,2596594,sc0182_NEW.jpg,a728fb817bdb6e3479600544f25e89ce,2992,3891,JPEG
sc0182_NEW_00008.jpg,2805859,sc0182_NEW.jpg,2e5460be639ed18a71c69cf0837f7e72,2992,3891,JPEG
sc0182_NEW_00009.jpg,2899737,sc0182_NEW.jpg,738ca0131b9bf89b4172d9f862676a8d,2992,3891,JPEG
sc0182_NEW_00010.jpg,2647702,sc0182_NEW.jpg,60402298c5c3f2bbe35940e7a8120202,2992,3891,JPEG
sc0183_NEW_00001.jpg,1541779,sc0183_NEW.jpg,d2bb68a62e54f39e411ecf68d9c0bdd5,2102,3050,JPEG
sc0183_NEW_00002.jpg,1515754,sc0183_NEW.jpg,57335668c6d5e07d573be8539b38b726,2102,3050,JPEG
sc0183_NEW_00003.jpg,1506313,sc0183_NEW.jpg,7b5102a357d6d83056e9008fe8957af5,2102,3050,JPEG
sc0183_NEW_00004.jpg,1598967,sc0183_NEW.jpg,caaab029a9ef1719327b72befaeb12c2,2102,3050,JPEG
sc0183_NEW_00005.jpg,1464107,sc0183_NEW.jpg,bfeaf7e2d4e87f379a89e52610fe3044,2102,3050,JPEG
sc0183_NEW_00006.jpg,1562261,sc0183_NEW.jpg,bcff18bd5ab8975c8b8d02cb4fd63872,2102,3050,JPEG
sc0183_NEW_00007.jpg,1442309,sc0183_NEW.jpg,2d83afb341d4a8302afe55bdb75f76fc,2102,3050,JPEG
sc0183_NEW_00008.jpg,1575633,sc0183_NEW.jpg,7fd2c36ab3994838a4ca7e8c0cb63eeb,2102,3050,JPEG
sc0183_NEW_00009.jpg,1439764,sc0183_NEW.jpg,b211063f2d16cef95809a9b9174bb99a,2102,3050,JPEG
sc0183_NEW_00010.jpg,1488859,sc0183_NEW.jpg,df36898bcf6e83a56af9b231c665bd3b,2102,3050,JPEG
sc0184_NEW_00001.jpg,1055164,sc0184_NEW.jpg,711a403bf4d7f23fdfedf3d9d93dde7d,1497,2664,JPEG
sc0184_NEW_00002.jpg,1039668,sc0184_NEW.jpg,edb24306f010c21fc2a2beef22119eeb,1497,2664,JPEG
sc0184_NEW_00003.jpg,1021712,sc0184_NEW.jpg,7bc792312e9b132b0d93d93d16bc90dc,1497,2664,JPEG
sc0184_NEW_00004.jpg,1102431,sc0184_NEW.jpg,b07451b60db8b879b583f35f406042cf,1497,2664,JPEG
sc0184_NEW_00005.jpg,1057733,sc0184_NEW.jpg,f5b8ba1431c5f667a7ec2899656f8c5b,1497,2664,JPEG
sc0184_NEW_00006.jpg,1115538,sc0184_NEW.jpg,fcc191e6a09ab54270e587ddb6b1e380,1497,2664,JPEG
sc0184_NEW_00007.jpg,1025481,sc0184_NEW.jpg,6dc3be879a1017474722177ad124ef62,1497,2664,JPEG
sc0184_NEW_00008.jpg,1028977,sc0184_NEW.jpg,6b98d2efc8e37b73d1265690fef52d2d,1497,2664,JPEG
sc0184_NEW_00009.jpg,1068503,sc0184_NEW.jpg,87e575dcfcecb44f422c69821e45cca6,1497,2664,JPEG
sc0184_NEW_00010.jpg,978765,sc0184_NEW.jpg,a187aee1018bb4edca1c72c109517245,1497,2664,JPEG
sc0185_NEW_00001.jpg,1430905,sc0185_NEW.jpg,0f5fca5acc10533039795a15cc5b9442,1663,3156,JPEG
sc0185_NEW_00002.jpg,1427824,sc0185_NEW.jpg,fe62f18d7059359fa41acb615d3c613f,1663,3156,JPEG
sc0185_NEW_00003.jpg,1436117,sc0185_NEW.jpg,a7140c934cef4acd9f98eaa1ffa502a8,1663,3156,JPEG
sc0185_NEW_00004.jpg,1342052,sc0185_NEW.jpg,5477f04499ea8b98243bfbaee32c8805,1663,3156,JPEG
sc0185_NEW_00005.jpg,1363455,sc0185_NEW.jpg,f4efab644be3119a90ffe3b242d4f139,1663,3156,JPEG
sc0185_NEW_00006.jpg,1331845,sc0185_NEW.jpg,65b362e51eebdc9740672c6b6ab6d6f6,1663,3156,JPEG
sc0185_NEW_00007.jpg,1428701,sc0185_NEW.jpg,a9a038881bbe166f894502b89d9b01d4,1663,3156,JPEG
sc0185_NEW_00008.jpg,1341618,sc0185_NEW.jpg,91d6fcdb28ec39551e526dc7536426f3,1663,3156,JPEG
sc0185_NEW_00009.jpg,1362053,sc0185_NEW.jpg,a318fc4a5a5abe49887bbda8a3e031cf,1663,3156,JPEG
sc0185_NEW_00010.jpg,1461263,sc0185_NEW.jpg,eb16d80ec1ec57340246c8169908df35,1663,3156,JPEG
sc0186_NEW_00001.jpg,1279996,sc0186_NEW.jpg,e590d987044701722566578597528db8,2015,2630,JPEG
sc0186_NEW_00002.jpg,1129518,sc0186_NEW.jpg,11c4a8e64765ad3cd96f8be3fe55ad7d,2015,2630,JPEG
sc0186_NEW_00003.jpg,1560398,sc0186_NEW.jpg,28b2dd2c0242668f8645d00e8bdb1e34,2015,2630,JPEG
sc0186_NEW_00004.jpg,1440681,sc0186_NEW.jpg,bad4bc89ee695b1b961ebd3d4d59cf73,2015,2630,JPEG
sc0186_NEW_00005.jpg,1170132,sc0186_NEW.jpg,d9cf086ae891b427c9bb33823f16a194,2015,2630,JPEG
sc0186_NEW_00006.jpg,1303902,sc0186_NEW.jpg,b78928eb6ea2924660be9b84bb1666cf,2015,2630,JPEG
sc0186_NEW_00007.jpg,1381160,sc0186_NEW.jpg,48b101657ed189fa7a910ec0beda1cb7,2015,2630,JPEG
sc0186_NEW_00008.jpg,1288652,sc0186_NEW.jpg,70866092531a79704f1ee6d639711330,2015,2630,JPEG
sc0186_NEW_00009.jpg,1231847,sc0186_NEW.jpg,925d1677d9128081463c935dab2893b2,2015,2630,JPEG
sc0186_NEW_00010.jpg,1254251,sc0186_NEW.jpg,394068827074c40f038b90950094366c,2015,2630,JPEG
sc0187_NEW_00001.jpg,2219970,sc0187_NEW.jpg,efd7670681621c2aa7434531a08d4573,2641,3489,JPEG
sc0187_NEW_00002.jpg,2119059,sc0187_NEW.jpg,f91adc66aae51be775f0b6c4da889695,2641,3489,JPEG
sc0187_NEW_00003.jpg,2075286,sc0187_NEW.jpg,60cf4326761ea71c96c16a23ffb3a5a9,2641,3489,JPEG
sc0187_NEW_00004.jpg,2115682,sc0187_NEW.jpg,f9afac8c35fb15a68451b2ab3e358695,2641,3489,JPEG
sc0187_NEW_00005.jpg,2244478,sc0187_NEW.jpg,8f0fa6c336cb373e3536ee66aab3ec37,2641,3489,JPEG
sc0187_NEW_00006.jpg,2251720,sc0187_NEW.jpg,07d662f9405cc71f57784faa925af4f3,2641,3489,JPEG
sc0187_NEW_00007.jpg,2193642,sc0187_NEW.jpg,eea4ea52995461d5e2754dc1c190ebfb,2641,3489,JPEG
sc0187_NEW_00008.jpg,2151964,sc0187_NEW.jpg,72ef785d4d5697668894289f8b9a8545,2641,3489,JPEG
sc0187_NEW_00009.jpg,2204939,sc0187_NEW.jpg,b6b3b0235b790894fe6541e6754eccd9,2641,3489,JPEG
sc0187_NEW_00010.jpg,2199811,sc0187_NEW.jpg,eb538bbe2a1fe8097776c0039f1bdd47,2641,3489,JPEG
sc0188_NEW_00001.jpg,1473799,sc0188_NEW.jpg,77937c48a669013dda633a1107a3104c,1399,2288,JPEG
sc0188_NEW_00002.jpg,1498635,sc0188_NEW.jpg,2d37dbfceb78ebd7d2628f88da61dc4d,1399,2288,JPEG
sc0188_NEW_00003.jpg,1526382,sc0188_NEW.jpg,87ea3fab4e9b0afb1af8cfb84f28d2d3,1399,2288,JPEG
sc0188_NEW_00004.jpg,1473209,sc0188_NEW.jpg,9d857d08b7d4531752045e5a5e941224,1399,2288,JPEG
sc0188_NEW_00005.jpg,1472325,sc0188_NEW.jpg,675787a4cba248208b8c497bafca138d,1399,2288,JPEG
sc0188_NEW_00006.jpg,1471090,sc0188_NEW.jpg,fd3fb1051cb3414ff5cc36660f0af6c9,1399,2288,JPEG
sc0188_NEW_00007.jpg,1501234,sc0188_NEW.jpg,97cdd005e6ff9a4e2cb0c5366a3843aa,1399,2288,JPEG
sc0188_NEW_00008.jpg,1493058,sc0188_NEW.jpg,7dcf56d67b8e0a38e7c695a3d3736f8d,1399,2288,JPEG
sc0188_NEW_00009.jpg,1480832,sc0188_NEW.jpg,ae9bea2a9e0cf448c763c6a10e0e00a5,1399,2288,JPEG
sc0188_NEW_00010.jpg,1482654,sc0188_NEW.jpg,b65b88f69aca5deb527d4b7454ac0dd1,1399,2288,JPEG
sc0189_NEW_00001.jpg,7042549,sc0189_NEW.jpg,101f381be4a46a0438eb002821aa10a8,3123,4883,JPEG
sc0189_NEW_00002.jpg,7066887,sc0189_NEW.jpg,2e7333c9702c02f75c9cb1804cb6c72e,3123,4883,JPEG
sc0189_NEW_00003.jpg,7060613,sc0189_NEW.jpg,1a4ee4f76339e54638ff7ea24a73e2fd,3123,4883,JPEG
sc0189_NEW_00004.jpg,7054635,sc0189_NEW.jpg,eb08b4c48e3a02cb1e956502a7fc76c5,3123,4883,JPEG
sc0189_NEW_00005.jpg,7117914,sc0189_NEW.jpg,cad3fa55155cda2e8a99e08ac9077136,3123,4883,JPEG
sc0189_NEW_00006.jpg,7195403,sc0189_NEW.jpg,c4a5fc18327811cfe040a7285e06810b,3123,4883,JPEG
sc0189_NEW_00007.jpg,7129996,sc0189_NEW.jpg,e1ac52ea441b2b14c6e70f2dd86ec4e0,3123,4883,JPEG
sc0189_NEW_00008.jpg,7149206,sc0189_NEW.jpg,f559f8af60e7057f233d48c151fdfbb8,3123,4883,JPEG
sc0189_NEW_00009.jpg,7074105,sc0189_NEW.jpg,36dd8054f49f8f7d09df8b57692c0220,3123,4883,JPEG
sc0189_NEW_00010.jpg,7079678,sc0189_NEW.jpg,e1e5fb08f51d262727259c0baaa0e7b0,3123,4883,JPEG
sc0190_NEW_00001.jpg,1693583,sc0190_NEW.jpg,43220bd689a5e5a30b6f4cbe9ab7f746,2992,2767,JPEG
sc0190_NEW_00002.jpg,1758206,sc0190_NEW.jpg,e7b680aa79a980f83616520d5a986010,2992,2767,JPEG
sc0190_NEW_00003.jpg,1703508,sc0190_NEW.jpg,2587caba1928908c0bcbc224aba4741f,2992,2767,JPEG
sc0190_NEW_00004.jpg,1940214,sc0190_NEW.jpg,5694c7b718fdf2fe92efb433fd822e7e,2992,2767,JPEG
sc0190_NEW_00005.jpg,1774796,sc0190_NEW.jpg,62832d8f4b7a55ec7531fefccd07e6c6,2992,2767,JPEG
sc0190_NEW_00006.jpg,1995486,sc0190_NEW.jpg,d823e3c7a585970fe6effa9952582d14,2992,2767,JPEG
sc0190_NEW_00007.jpg,1782586,sc0190_NEW.jpg,b5e7a852aff6cfae9ae57fd9d7285b26,2992,2767,JPEG
sc0190_NEW_00008.jpg,1639264,sc0190_NEW.jpg,b15b6430dc1b37f9f554661b3e3f56cd,2992,2767,JPEG
sc0190_NEW_00009.jpg,1804331,sc0190_NEW.jpg,dd155393eb1bf39778cff66d59e87172,2992,2767,JPEG
sc0190_NEW_00010.jpg,1794621,sc0190_NEW.jpg,2b7743a45f6c31008ac8fd115339963f,2992,2767,JPEG
sc0191_NEW_00001.jpg,1508589,sc0191_NEW.jpg,8196db477b77239857a1afef48eb5e4d,2377,2767,JPEG
sc0191_NEW_00002.jpg,1546780,sc0191_NEW.jpg,5ee896abc9116b415a07cce4ea39ce37,2377,2767,JPEG
sc0191_NEW_00003.jpg,1676031,sc0191_NEW.jpg,998759d6c1576dc1ad7d93dcd34d20b3,2377,2767,JPEG
sc0191_NEW_00004.jpg,1579581,sc0191_NEW.jpg,b479f11be21fb1bbfcc3e9b0903f19bf,2377,2767,JPEG
sc0191_NEW_00005.jpg,1379609,sc0191_NEW.jpg,32abfa3ea794992250a2407c297497ca,2377,2767,JPEG
sc0191_NEW_00006.jpg,1663343,sc0191_NEW.jpg,1723a4caf4cc1011c5d25ea6d3f5ea6c,2377,2767,JPEG
sc0191_NEW_00007.jpg,1625076,sc0191_NEW.jpg,28efd0b28ada613790dd86369c6e2be9,2377,2767,JPEG
sc0191_NEW_00008.jpg,1490557,sc0191_NEW.jpg,ec1cb5ec5f3120e05b4c0864ad7574b4,2377,2767,JPEG
sc0191_NEW_00009.jpg,1491724,sc0191_NEW.jpg,be81eed67d160bdeda14f3e350bbdecc,2377,2767,JPEG
sc0191_NEW_00010.jpg,1537388,sc0191_NEW.jpg,8ba92194704714f261a16b3d9953811f,2377,2767,JPEG
sc0192_NEW_00001.jpg,2422719,sc0192_NEW.jpg,86a8008db0bcab277775ce1a1f378180,2928,3159,JPEG
sc0192_NEW_00002.jpg,2539017,sc0192_NEW.jpg,96498807f66187bcb0a2fb5b146b842e,2928,3159,JPEG
sc0192_NEW_00003.jpg,2234563,sc0192_NEW.jpg,86dfd5519b75835214408f4e34658c46,2928,3159,JPEG
sc0192_NEW_00004.jpg,2292594,sc0192_NEW.jpg,700fa4d6936d22b2702205472600b4d2,2928,3159,JPEG
sc0192_NEW_00005.jpg,2658835,sc0192_NEW.jpg,91984e3db8d6853d936c55e7a66b44e3,2928,3159,JPEG
sc0192_NEW_00006.jpg,2702098,sc0192_NEW.jpg,2cbb255e6e508af112f237318d756a07,2928,3159,JPEG
sc0192_NEW_00007.jpg,2448372,sc0192_NEW.jpg,fb899bb29dd0d0883a2097adb28f812e,2928,3159,JPEG
sc0192_NEW_00008.jpg,2464359,sc0192_NEW.jpg,ad6afd60e12151735b2aab90bb6c624d,2928,3159,JPEG
sc0192_NEW_00009.jpg,2652756,sc0192_NEW.jpg,236e25f3eea399ca996bcb184c5ad2ad,2928,3159,JPEG
sc0192_NEW_00010.jpg,2520707,sc0192_NEW.jpg,423361c654b4157b5fcbfee0278dbf77,2928,3159,JPEG
sc0193_NEW_00001.jpg,1656192,sc0193_NEW.jpg,cfb79eef209f0affc148881a6c9e762e,2721,3185,JPEG
sc0193_NEW_00002.jpg,1736408,sc0193_NEW.jpg,14bcc5e9a4801fc5806a4ada1e585462,2721,3185,JPEG
sc0193_NEW_00003.jpg,1680792,sc0193_NEW.jpg,25de8e026916a62ae4061ce51df104f7,2721,3185,JPEG
sc0193_NEW_00004.jpg,2022087,sc0193_NEW.jpg,c4a1d45581e1110e081ea86abfd140fb,2721,3185,JPEG
sc0193_NEW_00005.jpg,1928063,sc0193_NEW.jpg,6329426b719bd9d528518dec239f8197,2721,3185,JPEG
sc0193_NEW_00006.jpg,1734808,sc0193_NEW.jpg,58d570f1c62d03a5972d1a3630050453,2721,3185,JPEG
sc0193_NEW_00007.jpg,1917743,sc0193_NEW.jpg,69ecb1b7bc02c81389279621da608f3d,2721,3185,JPEG
sc0193_NEW_00008.jpg,1886322,sc0193_NEW.jpg,8fcacf4874f1815f90df639a03acbcfe,2721,3185,JPEG
sc0193_NEW_00009.jpg,1688305,sc0193_NEW.jpg,97c7215e1181c0ff6551e41525000d24,2721,3185,JPEG
sc0193_NEW_00010.jpg,1907022,sc0193_NEW.jpg,5e88d21cb33aaab17bff0c7e6fd38a87,2721,3185,JPEG
sc0194_NEW_00001.jpg,2414720,sc0194_NEW.jpg,672c2f4bb488ef6d0dcf634dd050554d,4055,2470,JPEG
sc0194_NEW_00002.jpg,2251395,sc0194_NEW.jpg,153c991b915c895d2a472e0bb125e498,4055,2470,JPEG
sc0194_NEW_00003.jpg,2209393,sc0194_NEW.jpg,de1087a3961b41339cb6f0ca6353a003,4055,2470,JPEG
sc0194_NEW_00004.jpg,2521308,sc0194_NEW.jpg,e1df3eada93d044f1b3a6f836bdfe2b4,4055,2470,JPEG
sc0194_NEW_00005.jpg,2352608,sc0194_NEW.jpg,77141e69979c0ac0cc8e1e760eb9979e,4055,2470,JPEG
sc0194_NEW_00006.jpg,2832666,sc0194_NEW.jpg,e99fb311602e019fcad7ca6a812a7841,4055,2470,JPEG
sc0194_NEW_00007.jpg,2598316,sc0194_NEW.jpg,6021a60665a12ff379645845ac1be389,4055,2470,JPEG
sc0194_NEW_00008.jpg,2414513,sc0194_NEW.jpg,c5b28b66a374560da0cc5dc2e316a619,4055,2470,JPEG
sc0194_NEW_00009.jpg,2287827,sc0194_NEW.jpg,452f7b3cf07098c9d476b227402ce255,4055,2470,JPEG
sc0194_NEW_00010.jpg,2328935,sc0194_NEW.jpg,09ae44551fafd213e754235ac4b2d730,4055,2470,JPEG
sc0195_NEW_00001.jpg,1026270,sc0195_NEW.jpg,6c387a9e780ad54173152cc7b8969cbb,2075,2270,JPEG
sc0195_NEW_00002.jpg,1138638,sc0195_NEW.jpg,0500e59bec86c3ee4b95786bf310a0ff,2075,2270,JPEG
sc0195_NEW_00003.jpg,1036499,sc0195_NEW.jpg,9d3eca476c2c4c3576528e54bfc8ab5b,2075,2270,JPEG
sc0195_NEW_00004.jpg,1112513,sc0195_NEW.jpg,b4438288f5f1c530b6e4c24aca9a0b09,2075,2270,JPEG
sc0195_NEW_00005.jpg,1029478,sc0195_NEW.jpg,37ea1ee3ab534a11cb58ce2d8f9746cc,2075,2270,JPEG
sc0195_NEW_00006.jpg,1095080,sc0195_NEW.jpg,46cca26882827d660812ff32209c5db1,2075,2270,JPEG
sc0195_NEW_00007.jpg,1006913,sc0195_NEW.jpg,4bf43ff0781292c92deab799ecdf9123,2075,2270,JPEG
sc0195_NEW_00008.jpg,1011639,sc0195_NEW.jpg,14023c66e24fa623ffa83294d4d47213,2075,2270,JPEG
sc0195_NEW_00009.jpg,947485,sc0195_NEW.jpg,7ba476814fc5c2be514a2a96cad20b5b,2075,2270,JPEG
sc0195_NEW_00010.jpg,990140,sc0195_NEW.jpg,79420491235ac30d230fd7f9e87d5466,2075,2270,JPEG
sc0196_NEW_00001.jpg,1217076,sc0196_NEW.jpg,42b9e30cb295095e0cfedba0675e6717,1839,2815,JPEG
sc0196_NEW_00002.jpg,1179115,sc0196_NEW.jpg,bb021049006eae426a503339643e3722,1839,2815,JPEG
sc0196_NEW_00003.jpg,1283700,sc0196_NEW.jpg,cdd60489acdfed3aa96fde7c231fa1e3,1839,2815,JPEG
sc0196_NEW_00004.jpg,1339125,sc0196_NEW.jpg,458ae99b7fb4f1a0e420df659eb4d915,1839,2815,JPEG
sc0196_NEW_00005.jpg,1340687,sc0196_NEW.jpg,fb0220efaf51080ac45296f7a2a00eb1,1839,2815,JPEG
sc0196_NEW_00006.jpg,1244044,sc0196_NEW.jpg,0279f860a1d319dcb9168bfb23c0dde1,1839,2815,JPEG
sc0196_NEW_00007.jpg,1147065,sc0196_NEW.jpg,9c5fc55589ae89ed5b9b2f40f6a62fb1,1839,2815,JPEG
sc0196_NEW_00008.jpg,1345983,sc0196_NEW.jpg,73d16c6c17176f7989471a436fd09455,1839,2815,JPEG
sc0196_NEW_00009.jpg,1243751,sc0196_NEW.jpg,6e2cc68293781cc5235bef447eb687f3,1839,2815,JPEG
sc0196_NEW_00010.jpg,1425553,sc0196_NEW.jpg,23c76a3cde5ca03ab51cfeda7317d67b,1839,2815,JPEG
sc0197_NEW_00001.jpg,1305957,sc0197_NEW.jpg,d431a8d1275500e4c05bc1f1997f9902,1820,2564,JPEG
sc0197_NEW_00002.jpg,1218640,sc0197_NEW.jpg,345e07347f970815f0e1e0e477b08ec4,1820,2564,JPEG
sc0197_NEW_00003.jpg,1297444,sc0197_NEW.jpg,bf6e55282f9d749a34772e01968bd7d7,1820,2564,JPEG
sc0197_NEW_00004.jpg,1247818,sc0197_NEW.jpg,54f59afcfb00eadfbf51e0b981b6a8a2,1820,2564,JPEG
sc0197_NEW_00005.jpg,1231960,sc0197_NEW.jpg,6de181150326db231646dd0080b9e008,1820,2564,JPEG
sc0197_NEW_00006.jpg,1208466,sc0197_NEW.jpg,fc690c68b408da169f2629667d9e6042,1820,2564,JPEG
sc0197_NEW_00007.jpg,1299097,sc0197_NEW.jpg,b3c1dba7d26b0c195b7c9c21e505bddd,1820,2564,JPEG
sc0197_NEW_00008.jpg,1263154,sc0197_NEW.jpg,65d5705f6b2218db9fdf6fcb4b9deb14,1820,2564,JPEG
sc0197_NEW_00009.jpg,1145342,sc0197_NEW.jpg,89e437bfa49f8251070a73d5a2edc55d,1820,2564,JPEG
sc0197_NEW_00010.jpg,1330005,sc0197_NEW.jpg,58be67940aeb5a95861916c6d4a8a7be,1820,2564,JPEG
sc0198_NEW_00001.jpg,3788462,sc0198_NEW.jpg,c1addffbc5815557ee14d213bb884dea,3403,5399,JPEG
sc0198_NEW_00002.jpg,3456091,sc0198_NEW.jpg,4cc89a53e7b4c369986c39cad6331264,3403,5399,JPEG
sc0198_NEW_00003.jpg,3999233,sc0198_NEW.jpg,d3c91c284309a31423efe103e8fa727d,3403,5399,JPEG
sc0198_NEW_00004.jpg,3321228,sc0198_NEW.jpg,782656aa84a72de60eac809e21423bf6,3403,5399,JPEG
sc0198_NEW_00005.jpg,3542196,sc0198_NEW.jpg,bd4826f07bbb1349679f1a50d53b820a,3403,5399,JPEG
sc0198_NEW_00006.jpg,3480739,sc0198_NEW.jpg,1709d70280acfede827c7cbd19583cdd,3403,5399,JPEG
sc0198_NEW_00007.jpg,3588526,sc0198_NEW.jpg,e9b1e190b6506b0ba8591e48160cfc3d,3403,5399,JPEG
sc0198_NEW_00008.jpg,3498932,sc0198_NEW.jpg,4c66df8f01292a10072c744af79e05b7,3403,5399,JPEG
sc0198_NEW_00009.jpg,3709541,sc0198_NEW.jpg,73c9c04392600676b295b9f2437616b8,3403,5399,JPEG
sc0198_NEW_00010.jpg,3347329,sc0198_NEW.jpg,d0167fcefa2a9d626269a28601ddf380,3403,5399,JPEG
sc0199_NEW_00001.jpg,3814497,sc0199_NEW.jpg,073b016c1e5bf47d6e93b25468348063,3234,5448,JPEG
sc0199_NEW_00002.jpg,3630417,sc0199_NEW.jpg,c77846f8bae4fcfe84db70a74268c29a,3234,5448,JPEG
sc0199_NEW_00003.jpg,3582206,sc0199_NEW.jpg,50ea3a4b8f704b358830f21e652199c0,3234,5448,JPEG
sc0199_NEW_00004.jpg,3690418,sc0199_NEW.jpg,c79a4473b663762ff5fa097e34b3837a,3234,5448,JPEG
sc0199_NEW_00005.jpg,3645037,sc0199_NEW.jpg,20cfcd65e8facd5b1d9cbc7052e85f1b,3234,5448,JPEG
sc0199_NEW_00006.jpg,3768213,sc0199_NEW.jpg,a9efc941d2619599befde0abe3801a1c,3234,5448,JPEG
sc0199_NEW_00007.jpg,3790605,sc0199_NEW.jpg,0d2a2ea45b8048e07e8d1ef95b6c5ad1,3234,5448,JPEG
sc0199_NEW_00008.jpg,3885319,sc0199_NEW.jpg,8fce217bfd663a2861d02b332f6240ab,3234,5448,JPEG
sc0199_NEW_00009.jpg,3607999,sc0199_NEW.jpg,b722dea221bb80d88987502a98504b9d,3234,5448,JPEG
sc0199_NEW_00010.jpg,3887559,sc0199_NEW.jpg,b56d5ed61bcf3174a886b129bfdc499e,3234,5448,JPEG
sc0200_NEW_00001.jpg,5589392,sc0200_NEW.jpg,8957b36c528548545ed6fef3313b0848,4736,5496,JPEG
sc0200_NEW_00002.jpg,5525408,sc0200_NEW.jpg,caad9b67d2ac8189ff904b83a03b4c58,4736,5496,JPEG
sc0200_NEW_00003.jpg,5566350,sc0200_NEW.jpg,f7e8e071a06f0315ae47ea98ca2632d4,4736,5496,JPEG
sc0200_NEW_00004.jpg,5285246,sc0200_NEW.jpg,93e97480c177fdbcf3b552d723a1c629,4736,5496,JPEG
sc0200_NEW_00005.jpg,5148662,sc0200_NEW.jpg,fa11533c0a6e1867aa7f3ffe1f2755c5,4736,5496,JPEG
sc0200_NEW_00006.jpg,5287714,sc0200_NEW.jpg,dca0d530e5810382c56aa9eb5efb19d4,4736,5496,JPEG
sc0200_NEW_00007.jpg,5419617,sc0200_NEW.jpg,2fc40a3a82d066ec4c67c3d38d4a69a7,4736,5496,JPEG
sc0200_NEW_00008.jpg,5072976,sc0200_NEW.jpg,d4f9f21add75411e0ead458bc5e1f469,4736,5496,JPEG
sc0200_NEW_00009.jpg,5214359,sc0200_NEW.jpg,c5a605a7634cf319c12822f8ec68c7ee,4736,5496,JPEG
sc0200_NEW_00010.jpg,5144844,sc0200_NEW.jpg,5be799b0eaa6a18a9aa02e11b7593801,4736,5496,JPEG
sc0201_NEW_00001.jpg,2560675,sc0201_NEW.jpg,d28a6b3e294d428851816957a946551f,2195,5112,JPEG
sc0201_NEW_00002.jpg,2523559,sc0201_NEW.jpg,e286ff15bdb24912b7cfe4a9f7f02582,2195,5112,JPEG
sc0201_NEW_00003.jpg,2613133,sc0201_NEW.jpg,0e56cb2b31d0ed2e3bca6bac7c4d2054,2195,5112,JPEG
sc0201_NEW_00004.jpg,2583410,sc0201_NEW.jpg,bc66df751d6284332594b0fced63cd46,2195,5112,JPEG
sc0201_NEW_00005.jpg,2709582,sc0201_NEW.jpg,c8eff1ea0e5598d47d6c8fcb9d4b3d0e,2195,5112,JPEG
sc0201_NEW_00006.jpg,2638279,sc0201_NEW.jpg,3ab6fe27a9a59efe3dfde3c1c4e5e8f6,2195,5112,JPEG
sc0201_NEW_00007.jpg,2738836,sc0201_NEW.jpg,3553ca415c9f2efab0246d92b8b9eaa4,2195,5112,JPEG
sc0201_NEW_00008.jpg,2519680,sc0201_NEW.jpg,f904700d6735f2b1cc7e9fb0959bbec2,2195,5112,JPEG
sc0201_NEW_00009.jpg,2480353,sc0201_NEW.jpg,33c2cceeb340ec0dc3a896565f217068,2195,5112,JPEG
sc0201_NEW_00010.jpg,2572542,sc0201_NEW.jpg,b29b6fb4302bf1970397236708324faa,2195,5112,JPEG
sc0202_NEW_00001.jpg,3125931,sc0202_NEW.jpg,d35e640f3cb4238a78bf97fb45ea0eba,3736,4784,JPEG
sc0202_NEW_00002.jpg,3191139,sc0202_NEW.jpg,de8c3ed334320740fdc503a9f496391a,3736,4784,JPEG
sc0202_NEW_00003.jpg,3382225,sc0202_NEW.jpg,e82650031dad881d6b3061d632f6ad38,3736,4784,JPEG
sc0202_NEW_00004.jpg,2983264,sc0202_NEW.jpg,418c39a4fb53fc1fc76bd8b395a36df0,3736,4784,JPEG
sc0202_NEW_00005.jpg,3051458,sc0202_NEW.jpg,0250a217dd1033283e68789d7596478b,3736,4784,JPEG
sc0202_NEW_00006.jpg,3066366,sc0202_NEW.jpg,bce995c56bd948ec79533be19cf97f1c,3736,4784,JPEG
sc0202_NEW_00007.jpg,3205787,sc0202_NEW.jpg,01054483c8655cb3079d9e0da267c1b9,3736,4784,JPEG
sc0202_NEW_00008.jpg,2993004,sc0202_NEW.jpg,7f6d5be67823fcf5e748e3654144291b,3736,4784,JPEG
sc0202_NEW_00009.jpg,3310609,sc0202_NEW.jpg,bce2cbbc09b8a781073cad1c7dc39127,3736,4784,JPEG
sc0202_NEW_00010.jpg,3101347,sc0202_NEW.jpg,7bca3449ec66f66c4b8bce819aa90874,3736,4784,JPEG
sc0203_NEW_00001.jpg,2101885,sc0203_NEW.jpg,6e1bd8a527a69dec8edea9d02119dcf1,2251,3383,JPEG
sc0203_NEW_00002.jpg,1993733,sc0203_NEW.jpg,bda730b773f09f4c54c4daec280cd45e,2251,3383,JPEG
sc0203_NEW_00003.jpg,1992948,sc0203_NEW.jpg,98f072106661c41f39cc35f2496ae6be,2251,3383,JPEG
sc0203_NEW_00004.jpg,2241117,sc0203_NEW.jpg,b2d568ceb4b0b5ed93c93e1d57306c61,2251,3383,JPEG
sc0203_NEW_00005.jpg,1849616,sc0203_NEW.jpg,59fec36be4cb5bb3f5fb4b6d895c604a,2251,3383,JPEG
sc0203_NEW_00006.jpg,1972560,sc0203_NEW.jpg,e40f9b1a2a8dcdc323fd9a683fced1ec,2251,3383,JPEG
sc0203_NEW_00007.jpg,1862045,sc0203_NEW.jpg,8ff6e5378e3a68de5c28f89454b8a1f8,2251,3383,JPEG
sc0203_NEW_00008.jpg,2043293,sc0203_NEW.jpg,afe77b023225b851a481541b483f8d83,2251,3383,JPEG
sc0203_NEW_00009.jpg,2001010,sc0203_NEW.jpg,9b781c4d2969fc0de2ba372a0b6d31f6,2251,3383,JPEG
sc0203_NEW_00010.jpg,1910792,sc0203_NEW.jpg,3707744434f996bf69b03f2c732f62df,2251,3383,JPEG
sc0204_NEW_00001.jpg,2444714,sc0204_NEW.jpg,e0f927edbdf10423da4402f397e26ec3,2512,5170,JPEG
sc0204_NEW_00002.jpg,2715007,sc0204_NEW.jpg,20818fdb7664a467f4b5b8c5fd08e0e7,2512,5170,JPEG
sc0204_NEW_00003.jpg,2454077,sc0204_NEW.jpg,14a88a2af066004e9b23edbd6ba8ab17,2512,5170,JPEG
sc0204_NEW_00004.jpg,2753052,sc0204_NEW.jpg,049e47dec0f40c8b4db6e8963beaf2de,2512,5170,JPEG
sc0204_NEW_00005.jpg,2473417,sc0204_NEW.jpg,294aac8bb54c7abe57b705fac4385f54,2512,5170,JPEG
sc0204_NEW_00006.jpg,2768739,sc0204_NEW.jpg,0abd9322095074781cc99b7cc145fcbd,2512,5170,JPEG
sc0204_NEW_00007.jpg,2697170,sc0204_NEW.jpg,6cbb90dd9eb168144568e5522e40290a,2512,5170,JPEG
sc0204_NEW_00008.jpg,2940124,sc0204_NEW.jpg,4a6c3d9e296ced2b569ed4105afcbc42,2512,5170,JPEG
sc0204_NEW_00009.jpg,2497658,sc0204_NEW.jpg,af4cb49e1e9278ba1fcd731dbc3826fd,2512,5170,JPEG
sc0204_NEW_00010.jpg,2571273,sc0204_NEW.jpg,5f914b9bc1f54f6bab00fd18ab99148b,2512,5170,JPEG
sc0205_NEW_00001.jpg,3616268,sc0205_NEW.jpg,f4d5cfda97df88bc0e50c03ab50d2eb2,2922,5533,JPEG
sc0205_NEW_00002.jpg,3165498,sc0205_NEW.jpg,cc69849c8cc49147cced0b6ea772af16,2922,5533,JPEG
sc0205_NEW_00003.jpg,3346553,sc0205_NEW.jpg,ad8c76df414a0ef62c7214340d0ce412,2922,5533,JPEG
sc0205_NEW_00004.jpg,3349603,sc0205_NEW.jpg,260a0ca27a8f1d9bba5c0d077753776e,2922,5533,JPEG
sc0205_NEW_00005.jpg,3461186,sc0205_NEW.jpg,7388f4d58872930545537817e92f5d07,2922,5533,JPEG
sc0205_NEW_00006.jpg,3516335,sc0205_NEW.jpg,2c4b96e29b439527d4ef6e29b87d5619,2922,5533,JPEG
sc0205_NEW_00007.jpg,3312190,sc0205_NEW.jpg,3f75d4594d4fa86357ce0e2a9087352b,2922,5533,JPEG
sc0205_NEW_00008.jpg,3109752,sc0205_NEW.jpg,76db3d8013daed6edf350a98a0651639,2922,5533,JPEG
sc0205_NEW_00009.jpg,3166293,sc0205_NEW.jpg,2f9a69d6782c84e86029816f78a397b8,2922,5533,JPEG
sc0205_NEW_00010.jpg,3499700,sc0205_NEW.jpg,3bcf105137e64b90940b6cf974e80c1a,2922,5533,JPEG
sc0206_NEW_00001.jpg,3273625,sc0206_NEW.jpg,9c2f3876dd066011204121e20fb5021a,2632,6008,JPEG
sc0206_NEW_00002.jpg,3551493,sc0206_NEW.jpg,60edf798a716455d41ca5d51d9ef7b7f,2632,6008,JPEG
sc0206_NEW_00003.jpg,3463624,sc0206_NEW.jpg,787ca1b12b0e97efda571ad394ab8d99,2632,6008,JPEG
sc0206_NEW_00004.jpg,3293211,sc0206_NEW.jpg,82fcf36a4573866c86cbce1383ad298c,2632,6008,JPEG
sc0206_NEW_00005.jpg,3393853,sc0206_NEW.jpg,045e0ea5e1034779eab55aca5c606f4b,2632,6008,JPEG
sc0206_NEW_00006.jpg,3357525,sc0206_NEW.jpg,66df3d8da1afc928574e81da2e998f7a,2632,6008,JPEG
sc0206_NEW_00007.jpg,3190418,sc0206_NEW.jpg,3e6fd5d27504a19b754d7d9ace81988b,2632,6008,JPEG
sc0206_NEW_00008.jpg,3267426,sc0206_NEW.jpg,3172611e030b9b04fdc89b63d5afe254,2632,6008,JPEG
sc0206_NEW_00009.jpg,3468618,sc0206_NEW.jpg,e69b39d22ca6bf169214209d2b032a53,2632,6008,JPEG
sc0206_NEW_00010.jpg,3188839,sc0206_NEW.jpg,140b0d3e9982d3e70cf33af8123d47fa,2632,6008,JPEG
sc0207_NEW_00001.jpg,4822772,sc0207_NEW.jpg,6ca213c48d91df9c649145d84741d996,4178,5680,JPEG
sc0207_NEW_00002.jpg,5400785,sc0207_NEW.jpg,12fd780a423b6e01a8418448f36978a0,4178,5680,JPEG
sc0207_NEW_00003.jpg,5011450,sc0207_NEW.jpg,2d26d5b9c62fa137f6f735716d846120,4178,5680,JPEG
sc0207_NEW_00004.jpg,4735107,sc0207_NEW.jpg,b30793da755aea306cab837aa50bf7d2,4178,5680,JPEG
sc0207_NEW_00005.jpg,4479285,sc0207_NEW.jpg,fb7b8e0dc09b6018ebac8b3dc4cee8b3,4178,5680,JPEG
sc0207_NEW_00006.jpg,4750949,sc0207_NEW.jpg,4007cb6a5103be6b6b1add93572b426d,4178,5680,JPEG
sc0207_NEW_00007.jpg,5118413,sc0207_NEW.jpg,06d318c527d30aa4aa536f9e9941aadc,4178,5680,JPEG
sc0207_NEW_00008.jpg,4731458,sc0207_NEW.jpg,57e6f785c05dd11d487fd8350f24dd65,4178,5680,JPEG
sc0207_NEW_00009.jpg,4685345,sc0207_NEW.jpg,4e803210a49fb9a300f4617312b43ba2,4178,5680,JPEG
sc0207_NEW_00010.jpg,4650181,sc0207_NEW.jpg,ba93e2c982b7c0e77bee291b83521050,4178,5680,JPEG
sc0208_NEW_00001.jpg,4221109,sc0208_NEW.jpg,4abe21fb0c19eb53e01cb002bb933b79,3337,5744,JPEG
sc0208_NEW_00002.jpg,4565972,sc0208_NEW.jpg,9c9ccc1c0d745eb110e75aa5554e0d47,3337,5744,JPEG
sc0208_NEW_00003.jpg,4197401,sc0208_NEW.jpg,bd31ea3827673f19809d924c44e4d86b,3337,5744,JPEG
sc0208_NEW_00004.jpg,4350426,sc0208_NEW.jpg,04bb950531bd04b670443ad551f22c50,3337,5744,JPEG
sc0208_NEW_00005.jpg,4329763,sc0208_NEW.jpg,b23d0a4ee7b0632da6dbedf17529a476,3337,5744,JPEG
sc0208_NEW_00006.jpg,4157453,sc0208_NEW.jpg,59d1c67631232c5204f7ce3971a39b99,3337,5744,JPEG
sc0208_NEW_00007.jpg,4212490,sc0208_NEW.jpg,cee2d021d06f64a2d6af5ef71946e41d,3337,5744,JPEG
sc0208_NEW_00008.jpg,4134984,sc0208_NEW.jpg,ba3dad1bb891c58547d00d7aad070e30,3337,5744,JPEG
sc0208_NEW_00009.jpg,4240800,sc0208_NEW.jpg,7e1505e9a7733ed60e97cf09f266ca7b,3337,5744,JPEG
sc0208_NEW_00010.jpg,4220617,sc0208_NEW.jpg,f68b5be656fa1f03345e11c19dfb3783,3337,5744,JPEG
sc0209_NEW_00001.jpg,4321390,sc0209_NEW.jpg,a635e5bb3279abac472ef3a9bc43ea9d,4284,5483,JPEG
sc0209_NEW_00002.jpg,4424684,sc0209_NEW.jpg,8c92d7f92cc74a3da620fbeb1988f95c,4284,5483,JPEG
sc0209_NEW_00003.jpg,4498276,sc0209_NEW.jpg,574186b0da3a10614e53756c7fb9e2d3,4284,5483,JPEG
sc0209_NEW_00004.jpg,4151322,sc0209_NEW.jpg,0713adabc1aadb0d7bd3b45bb2061941,4284,5483,JPEG
sc0209_NEW_00005.jpg,4590272,sc0209_NEW.jpg,5a7bdb2aeeadb2e8f37789f6dab79fb6,4284,5483,JPEG
sc0209_NEW_00006.jpg,4447505,sc0209_NEW.jpg,5e0aa9e35b17f35d66b2f7cf9384ba99,4284,5483,JPEG
sc0209_NEW_00007.jpg,4407685,sc0209_NEW.jpg,d3c15a7a2a2559644916eafc6ffa6d05,4284,5483,JPEG
sc0209_NEW_00008.jpg,4722533,sc0209_NEW.jpg,09a6ca67da034ca18ec57b37153dec6e,4284,5483,JPEG
sc0209_NEW_00009.jpg,4380602,sc0209_NEW.jpg,d0e1413fff74801ae9188a38bf394557,4284,5483,JPEG
sc0209_NEW_00010.jpg,4556820,sc0209_NEW.jpg,0777ac9d34c28fdf3df60a8f06071bba,4284,5483,JPEG
sc0210_NEW_00001.jpg,2132213,sc0210_NEW.jpg,0cf24feaf9a6bb57fb3ab08848572c51,2904,2722,JPEG
sc0210_NEW_00002.jpg,2212269,sc0210_NEW.jpg,7c583dfa6cd061676ccf7ea438b8f54d,2904,2722,JPEG
sc0210_NEW_00003.jpg,2239795,sc0210_NEW.jpg,5fcefe3409e6dfafaeab00605bfc686c,2904,2722,JPEG
sc0210_NEW_00004.jpg,1986439,sc0210_NEW.jpg,1403943fa9dcda40a670a48901ff99e8,2904,2722,JPEG
sc0210_NEW_00005.jpg,1787837,sc0210_NEW.jpg,2d1846b9bec2773567f48c5305f6ec62,2904,2722,JPEG
sc0210_NEW_00006.jpg,1885231,sc0210_NEW.jpg,d124de6e33976ed95805b0be2dd5ff90,2904,2722,JPEG
sc0210_NEW_00007.jpg,1970385,sc0210_NEW.jpg,36c080b61310c6b63530f02067906d51,2904,2722,JPEG
sc0210_NEW_00008.jpg,2173601,sc0210_NEW.jpg,c865103be4e96dfa08f2d6b55adcc0d3,2904,2722,JPEG
sc0210_NEW_00009.jpg,1872636,sc0210_NEW.jpg,7c1dc2a9ad456c96b1633a0f692c8daa,2904,2722,JPEG
sc0210_NEW_00010.jpg,2123928,sc0210_NEW.jpg,628771d932d138af3c10dcbc3dd94e42,2904,2722,JPEG
sc0211_NEW_00001.jpg,5071470,sc0211_NEW.jpg,aca530b310881c18844d505fa1c463c9,3918,5600,JPEG
sc0211_NEW_00002.jpg,5251171,sc0211_NEW.jpg,876d977d68f66b97905d0ea2a7ce9458,3918,5600,JPEG
sc0211_NEW_00003.jpg,5182923,sc0211_NEW.jpg,f79d004802fb7776afb32e3cbfb08100,3918,5600,JPEG
sc0211_NEW_00004.jpg,4989440,sc0211_NEW.jpg,8a9ba0bed4b0b9e5dc16e303fb77f45f,3918,5600,JPEG
sc0211_NEW_00005.jpg,4933726,sc0211_NEW.jpg,e7a7db0275d9a7bef805ba68b403c820,3918,5600,JPEG
sc0211_NEW_00006.jpg,5101720,sc0211_NEW.jpg,41984f087f3e3ca236cca95abed888bb,3918,5600,JPEG
sc0211_NEW_00007.jpg,4907515,sc0211_NEW.jpg,416a7626ab4f4153d0258b0de9b4b091,3918,5600,JPEG
sc0211_NEW_00008.jpg,4936337,sc0211_NEW.jpg,adbd80dca779f8d9103a2c1abb827595,3918,5600,JPEG
sc0211_NEW_00009.jpg,4718550,sc0211_NEW.jpg,dd2c0221d484e9e3c409327feb6c27e4,3918,5600,JPEG
sc0211_NEW_00010.jpg,4641559,sc0211_NEW.jpg,637c15f4e30133e82009013b21b349ca,3918,5600,JPEG
sc0212_NEW_00001.jpg,2529414,sc0212_NEW.jpg,5dce8bb1f175c1bbe3d8e6ee7ff41fa5,2284,5248,JPEG
sc0212_NEW_00002.jpg,2704635,sc0212_NEW.jpg,174a7c5da96d4422123a41e9925b5542,2284,5248,JPEG
sc0212_NEW_00003.jpg,2565473,sc0212_NEW.jpg,b6217ab4c862d7a297c9e7d4eeed8ba4,2284,5248,JPEG
sc0212_NEW_00004.jpg,2579955,sc0212_NEW.jpg,f8efd899811df26232de4d2464cf101a,2284,5248,JPEG
sc0212_NEW_00005.jpg,2769193,sc0212_NEW.jpg,ceb5c21ddbde0fe938fdebfc4e3d9aeb,2284,5248,JPEG
sc0212_NEW_00006.jpg,2573914,sc0212_NEW.jpg,1b82b40e0f59cb3f87ecdcb73600a677,2284,5248,JPEG
sc0212_NEW_00007.jpg,2695138,sc0212_NEW.jpg,296a3768ccaef062a3b8111939fd09da,2284,5248,JPEG
sc0212_NEW_00008.jpg,2549797,sc0212_NEW.jpg,1556e08420ded26d7f110385ce842849,2284,5248,JPEG
sc0212_NEW_00009.jpg,2776585,sc0212_NEW.jpg,b767272ba6795d908ba19619a9ab0357,2284,5248,JPEG
sc0212_NEW_00010.jpg,2697574,sc0212_NEW.jpg,8660f9750f177874258fa7589f456094,2284,5248,JPEG
sea egg_NEW_00001.jpg,419431,sea egg_NEW.jpg,c6b7e34336205e91cda1a9cdd7698029,1160,1315,JPEG
sea egg_NEW_00002.jpg,478278,sea egg_NEW.jpg,a08467c5b4e336aca30298c760b5842d,1160,1315,JPEG
sea egg_NEW_00003.jpg,309561,sea egg_NEW.jpg,ac274efa7d0e5ec3f8e7ec73a14fce25,1160,1315,JPEG
sea egg_NEW_00004.jpg,431005,sea egg_NEW.jpg,531901d1111182a530885d4ff49ab04c,1160,1315,JPEG
sea egg_NEW_00005.jpg,440292,sea egg_NEW.jpg,9d0377a99cc438e2817fce3e8b1442b6,1160,1315,JPEG
sea egg_NEW_00006.jpg,347721,sea egg_NEW.jpg,c369b58b5ee262a40ebb455f0f15d7d1,1160,1315,JPEG
sea egg_NEW_00007.jpg,410335,sea egg_NEW.jpg,a2b1efce9eca27a1f85976205e95858b,1160,1315,JPEG
sea egg_NEW_00008.jpg,410484,sea egg_NEW.jpg,6dea7326abfec4d68cbdffff88df23ca,1160,1315,JPEG
sea egg_NEW_00009.jpg,337755,sea egg_NEW.jpg,8e7a0c1f5f7c011a2b9e29cfed6df621,1160,1315,JPEG
sea egg_NEW_00010.jpg,345360,sea egg_NEW.jpg,4b7ced723833bf23a3dacff842d4d9e8,1160,1315,JPEG
